t,Rp8_Br_cAMPS_pAB_time,RII_2_Obs
67,0,0.0406533161601718
67,30,0.0748192271531642
67,45,0.0533358800896284
67,55,0.0665972164037817
67,59,0.0746494301604134
67,60,0.0827943731631917
