t,Rp8_pCPT_cAMPS_pAB_level,pAC_Obs
39,0,0.425234245738278
39,0.016,-0.238338183832927
39,0.08,0.0633374592516114
39,0.4,0.0491337524467429
39,2,-0.193644421720164
39,10,0.284109209538627
39,50,0.0780973489617282
