t,fourABnOH_time,AC_Fsk_Obs
110,0,0.39248789347877
110,30,-0.183480402097513
110,45,0.211865789801396
110,55,0.0489587857328617
110,59,0.105418488324276
110,60,-0.416988054394432
