t,Rp_cAMPS_pAB_time,RII_2_Obs
99,0,0.0338266960837719
99,30,0.0818909023113028
99,45,0.0788285215308077
99,55,0.0795833040823721
99,59,0.0482267696763229
99,60,0.0597026520475857
