t,Rp8_Br_cAMPS_pAB_level,RII_2_Obs
31,0,0.0943030776332086
31,0.016,0.0718140845588611
31,0.08,0.110961029242157
31,0.4,0.0702039489763206
31,2,0.115705364303703
31,10,0.0709887909216748
31,50,0.0245825970298946
