t,input_il6,Compound_2_Obs
0,2.5,15.971038355127
0,2.5,15.820974419637
0,2.5,17.3901461540395
0,2.5,14.8212556412626
0,2.5,16.5127957941795
0,10,17.388293679294
0,10,12.8659767558091
0,10,15.3132550378139
0,10,15.141749121266
0,10,16.3365813672869
0,60,14.2110636418646
0,60,15.7164012050517
0,60,15.360708647239
0,60,17.4013237516019
0,60,15.1467485568531
0,120,15.7496801552908
0,120,16.5485364920024
0,120,15.8339756066293
0,120,15.014885836791
0,120,14.5208490808418
