t,Compound_1_Obs,Compound_3_Obs
0,0.213453744760297,0.202673321768917
10,0.209825402508471,0.185604132348132
20,NaN,0.180736830874436
25,0.226324048887932,NaN
30,NaN,0.202627990547818
35,0.213224625781152,NaN
45,NaN,0.204007233086099
50,0.221071903195319,NaN
55,NaN,0.179099428933524
65,0.198721509615995,NaN
70,NaN,0.197825242207193
85,0.214257741517901,NaN
90,NaN,0.17261041720693
100,0.204379481842687,0.209751248462033
150,0.23936014122249,0.202076413895423
