t,input_il6,Compound_2_Obs
14,5,13.1085144963593
14,5,13.493109900954
14,5,12.3765697329261
14,5,14.2818925098492
14,20,13.1948084780273
14,20,12.7792273958486
14,20,12.3308226883591
14,20,11.8677862148989
14,40,15.1276628989164
14,40,14.3149775277054
14,40,14.5300063963757
14,40,14.6738299909843
14,90,10.6858646609587
14,90,9.77707334201869
14,90,10.3976546453216
14,90,10.8834030501737
