t,input_stattic,Compound_2_Obs
25,20,13.5770581913958
25,25,14.048460218898
25,30,13.7318111870326
25,40,14.2001201331583
25,50,12.5567472576774
25,60,16.6671432246881
