t,input_il6,Compound_2_Obs
12,0.1,15.8878963605026
12,0.1,16.0162638361734
12,1,15.8983360367873
12,1,16.0099163110361
12,5,15.9731104205564
12,5,16.0781736480135
12,10,15.834945056875
12,10,15.856684634177
12,50,15.2500440133726
12,50,15.4112670676676
12,100,14.6531535669448
12,100,14.6977608295245
12,500,11.978795864132
12,500,12.0770190205922
