t,input_il6,Compound_2_Obs
14,0,16.8440069494606
14,0,16.9665005691674
14,5,14.654987980961
14,5,14.7885196337046
14,10,13.6346760550216
14,10,14.0460073713114
14,20,13.6791717402063
14,20,13.8328124980511
14,40,10.8385775080094
14,40,11.8229884455188
14,80,9.77890088208389
14,80,11.0942012083789
14,120,9.51538270973485
14,120,10.24870714603
