t,Rp_cAMPS_pAB_time,pAC_Obs
73,0,-0.0490082156085738
73,30,-0.0631451859773255
73,45,-0.117301443244038
73,55,-0.0671760011214208
73,59,-0.0323197568348962
73,60,-0.00833040712301098
