t,Rp_cAMPS_pAB_time,AC_Fsk_Obs
120,0,0.00887146031405653
120,30,0.0241658066986386
120,45,0.0188702873136398
120,55,-0.0719691993080103
120,59,0.0166968229935417
120,60,-0.0686275684820533
