t,pAC_Obs,AC_Fsk_Obs
0,0.0748533478944396,-0.0195844053167343
3,NaN,0.350260846959555
4.5,-0.053961337809297,NaN
6.5,NaN,0.328327063521888
9,0.0026255745263747,NaN
10,NaN,0.33071000384167
15,-0.0265010207284829,0.36063667832553
20,0.0121051780703583,0.34230698322513
25,-0.0896850904498862,0.340528205317296
30,NaN,0.339999424211288
35,0.0605767197408494,NaN
