t,CISHnRNA1_Obs,SOCS3RNA_Obs
0,0.0513467875925467,0.0131364867331931
3.5,-0.0562546051605866,NaN
7.5,-0.115318023295919,NaN
10,0.103761678580852,NaN
15,-0.0866862413615319,0.00678035007375339
25,-0.0672524641584262,NaN
30,-0.133885441186102,0.00215328186163677
45,NaN,-0.000449702576078487
60,NaN,-0.00192756076778848
75,NaN,-0.00281069444843606
95,NaN,-0.00335326961946047
100,NaN,-0.00347283513617436
150,NaN,-0.00385782500312924
200,NaN,-0.00395431541573616
250,NaN,-0.00392518305128986
