t,epo_level,CISHnRNA3_Obs,CISHnRNA4_Obs,SOCS3nRNA2_Obs
13,0,7.01686636314048e-05,7.92725254110159e-05,0.0012723363690728
13,0,7.57959878747791e-05,8.20746671816818e-05,0.00111817461736388
13,0.00014286,8.87198656546476e-05,9.04285367037829e-05,0.00120428971378363
13,0.00014286,9.32336600727668e-05,0.00010474669090005,0.00113793066016175
