t,epo_level,p1EpoRpJAK2_Obs
48,2.5e-09,0.00431943588422281
48,2.5e-09,0.00846833479510178
48,2.5e-09,0.010174360010467
48,2.5e-08,0.0381152918124419
48,2.5e-08,0.00991051112905894
48,2.5e-08,0.047879515546305
48,1.25e-07,0.00580573893593138
48,1.25e-07,0.0201797301206018
48,1.25e-07,0.0128558801960052
48,2.5e-07,0.00080664710373734
48,2.5e-07,0.00584778816998833
48,2.5e-07,0.00210747595591555
48,2.5e-06,0.00260996863142399
48,2.5e-06,0.00106789127483553
48,2.5e-06,0.000545846691364636
