t,epo_level,Compound_3_Obs,Compound_4_Obs,Compound_5_Obs,Compound_6_Obs
21,0,1.51316220165204,2.06662155868557,1.8157260870331,-0.0779945173486978
21,1.3333e-08,1.40112129056243,1.94032951885897,1.63356900297135,-0.132284259392111
21,4e-08,1.65033028352253,3.0463697018298,1.13504945617999,-0.0387747060703354
21,1.3333e-07,1.34061834162928,3.38439089046193,2.76537643722806,0.533220321312146
21,4e-07,0.846841875772471,4.13417715351144,4.95361656322297,2.69661831588361
21,1.3333e-06,0.794451154534522,5.57374119854317,12.9847086458509,3.80533232134284
21,1.3333e-05,0.0817455810723914,5.20465345378885,14.3888983035882,3.32079615287566
21,0.00013333,0.0735862787852119,4.44370222077677,15.7979320023647,3.22671168464983
21,0.00066667,-0.0475273408227762,5.04960440075193,14.3151984556389,3.78400820175145
