t,epo_level,Compound_3_Obs,Compound_5_Obs,Compound_6_Obs
9,0,0.225216640080034,27.5258645954599,0.0287588116771334
9,0,0.238565811172944,32.3407806944303,-0.00931702131483025
9,0.00014286,-0.00657259146289518,25.2084144317705,0.346136931372878
9,0.00014286,0.00778534663430583,26.7807316281686,0.334491355221035
