t,IL13_DecoyR_Obs,Compound_2_Obs
0,0.00375350471702495,109.838295274496
4,0.338715953514938,NaN
8,0.319915214902858,NaN
10,NaN,19.5695614839704
15,0.376651322944405,NaN
20,0.293726301829601,NaN
25,0.344050077397233,267.848280663028
30,0.336246880119086,NaN
40,NaN,190.350504315452
55,NaN,480.332944092603
75,NaN,769.507318773607
95,NaN,935.005590687164
100,NaN,757.626629964287
150,NaN,1120.25316880601
200,NaN,1684.82665065273
250,NaN,2145.88355818469
300,NaN,2578.19761962965
