t,epo_level,Compound_4_Obs
73,2.5e-09,113.578730547112
73,2.5e-09,116.797077669535
73,2.5e-09,152.13575060525
73,2.5e-08,299.078486106458
73,2.5e-08,333.558735868009
73,2.5e-08,386.437606534368
73,1.25e-07,445.944412266372
73,1.25e-07,568.319027957634
73,1.25e-07,568.717490441854
73,2.5e-07,450.915208577948
73,2.5e-07,594.649887314715
73,2.5e-07,724.162457332654
73,2.5e-06,809.500128768122
73,2.5e-06,873.41862136863
73,2.5e-06,960.129207805854
