t,CISHnRNA2_Obs,SOCS3nRNA1_Obs
0,0.518369042566836,-0.36768009994778
5,NaN,0.125313854443639
6.5,0.17382599958005,NaN
10,NaN,0.00422448917107869
15,-0.262324364206981,-0.0082437847512375
20,0.0661926757554316,NaN
25,-0.421818491522641,0.372664677060655
30,NaN,-0.09581227502951
35,0.135762638293462,NaN
40,NaN,-0.0303850658971028
45,-0.423019739821012,NaN
55,0.0415212601523038,NaN
70,0.0337402241708432,NaN
85,-0.334302583475123,NaN
100,-0.331252435998088,NaN
