t,epo_level,pEpoRpJAK2_Obs
18,0,-0.11345191510407
18,1.3333e-08,0.915708282061885
18,4e-08,0.947588026001873
18,1.3333e-07,0.786813941898971
18,4e-07,0.560133897233713
18,1.3333e-06,0.185220695415071
18,1.3333e-05,0.113513455857879
18,0.00013333,0.276665535363641
18,0.00066667,0.0604427075820882
