t,epo_level,CISHnRNA1_Obs
140,2.5e-09,-0.00364247270039607
140,2.5e-09,0.0012665384255998
140,2.5e-09,0.00151584726682555
140,2.5e-08,0.00379704148251317
140,2.5e-08,0.0076261774862268
140,2.5e-08,0.0127888563388584
140,1.25e-07,0.0104628466311825
140,1.25e-07,0.0144741220139317
140,1.25e-07,0.0151365005459263
140,2.5e-07,0.0133731190983872
140,2.5e-07,0.0164191576140053
140,2.5e-07,0.0177410537017979
140,2.5e-06,0.0261434820719354
140,2.5e-06,0.0264892539208909
140,2.5e-06,0.0316823135768096
