t,epo_level,CISHnRNA1_Obs
6,0,0.000144165885089261
6,0,0.000147842866506842
6,0.00014286,0.000159325723824156
6,0.00014286,0.000163621078366469
