t,input_il6,STAT3_Obs
15,5,37.8435174608493
15,5,47.9095653224773
15,5,48.9820702946233
15,5,58.8069356046175
15,20,36.0689037820174
15,20,42.5826931414652
15,20,46.1265556352479
15,20,48.0217935014499
15,40,26.4435744541851
15,40,27.4810908448535
15,40,37.5236272466305
15,40,38.8874082240323
15,90,31.0847233513376
15,90,34.926912076933
15,90,39.339332370294
15,90,44.7422727971916
