t,input_stattic,STAT3_Obs
0,0,50.7652620216775
0,0,71.1830434836856
0,1,44.3798418660641
0,1,64.9387744806121
0,5,63.35075933929
0,5,50.8575420070343
0,10,66.3122167169952
0,10,56.9234340384067
0,20,52.4147446076162
0,20,57.3508448599003
0,50,40.9486965045974
0,50,66.3909742771039
