t,input_stattic,STAT3_Obs
11,20,48.0633199545533
11,25,28.5705245568923
11,30,45.2120207612983
11,40,51.5172236698885
11,50,53.9560680492088
11,60,63.1802121984743
