t,input_il6,STAT3_Obs
17,0,57.4271082349661
17,0,53.3921531545532
17,0,57.2529433863095
17,15,45.2083686506093
17,15,42.7988647793166
17,15,59.4281985531195
17,30,42.2268435791305
17,30,54.8481886166121
17,30,50.2332626088945
17,60,41.5162177224296
17,60,39.4429176429018
17,60,37.0980620243485
17,120,46.8744957205286
17,120,40.7312215841781
17,120,38.1744746043257
