t,input_il6,JAK1_gp130_Obs
36,0,0.614474721549693
36,0.0005,0.707727513650768
36,0.005,0.636296761797883
36,0.05,0.696097959084723
36,0.5,0.744436664304223
36,5,0.00898968206574355
36,50,0.0545927490162033
36,100,0.620028444557972
36,200,0.347807328005787
36,500,0.0144291272722159
