t,input_il6,STAT3_Obs
10,0.1,57.8668543382294
10,0.1,59.2295525477626
10,1,56.1667191447451
10,1,32.7285646549968
10,5,55.3776984596686
10,5,48.8679584958656
10,10,55.8792128405934
10,10,34.5958439849927
10,50,56.387414079051
10,50,71.6395445826091
10,100,55.9771887208152
10,100,56.5914774167603
10,500,32.7825400297518
10,500,53.2390758314681
