t,input_ruxolitinib,STAT3_Obs
20,0,57.71144393438
20,10,40.5142019050782
20,50,51.2710755544922
20,100,52.0566106172104
20,200,48.2581736689779
20,400,54.1699242321347
20,500,46.4816347009483
20,600,56.2508361424301
20,800,55.4837934834982
20,1000,60.9926757369118
20,2000,57.95718881991
20,5000,51.6784660860191
20,5000,51.6891327523554
20,5000,57.7478051442871
20,5000,67.3747673448163
