t,Rec1_Obs,Rec2_Obs
0,55.9168857642247,730.275069702564
10,40.60090521059,924.366596472851
20,NaN,687.728299467083
25,55.404744716175,NaN
30,NaN,790.514293714276
35,60.8296283366906,NaN
45,NaN,642.028603473864
50,47.9686229042484,NaN
55,NaN,939.904291101354
65,56.0320623789199,NaN
70,NaN,867.052490695958
80,42.8447980715018,NaN
85,NaN,814.323832541756
100,47.9131549393178,747.417495570214
150,48.5847532781072,920.892283286344
200,46.7241160586089,818.261195208362
