t,Rec1_Obs,Rec2_Obs
0,55.3989028248539,839.9663352074
5.5,44.9788463613281,NaN
7,NaN,901.522266564876
10,48.3228361497547,NaN
15,52.4762085257101,824.7108881262
20,NaN,934.691499739016
25,58.2027648793059,NaN
30,47.7469520446036,917.447026111992
40,47.4632004834061,889.579029549537
50,51.5228197648103,819.211213285179
65,44.6444102625627,945.592252868179
80,NaN,866.201681644547
95,NaN,792.928359534793
100,NaN,971.681390456952
150,NaN,826.211412014757
