t,init_TGFb,geneF_Obs
100,0,0.582324212530994
100,0,1.20827938536298
100,0.1,7.32888976314469
100,0.1,5.58903486313972
100,1,8.33459365318696
100,1,9.08092144813899
