t,fourABnOH_level,Rp8_Br_cAMPS_Obs,RII_2_Obs,pPDE_Obs
33,0,-0.0336218159362315,0.120762942172383,-0.16075094541658
33,0.016,-0.00435452333044908,0.115039998297688,-0.0904194106648877
33,0.08,0.0980574600443411,0.119124465599836,-0.242299547103007
33,0.4,0.0984216884262146,0.114211998866236,-0.0745871685346691
33,2,0.159561221760397,0.10070233377135,0.2376208909639
33,10,-0.0906730688377599,0.125642853867245,0.08588871167658
33,50,-0.124661435475107,0.109376920117228,-0.00645393268766458
