t,fourABnOH_level,Rp8_Br_cAMPS_Obs,RII_2_Obs,pPDE_Obs
18,0,0.0931427227123835,0.107570851547926,-0.0667382988103518
18,0.016,0.101074711323315,0.128022873356809,0.00653202300208889
18,0.08,0.0731760860568411,0.110729564383441,0.0344117495140468
18,0.4,0.0520358639532917,0.109087291508457,0.0227128557369323
18,2,-0.0614795671083591,0.103920825295554,0.0383189927755101
18,10,-0.0548538478202581,0.123721837016151,-0.0117950278558087
18,50,-0.0734553771594797,0.122437828150849,0.0483889969399136
