t,fourABnOH_time,pAC_Obs,AC_Fsk_Obs,pAC_Fsk_Obs
54,0,-0.0155683431918175,-0.124781111568844,-0.0581389803015017
54,30,-0.0737847833393744,-0.0788309787473516,0.0656759798538525
54,45,-0.018561675443715,0.0385387542198841,-0.025117255488215
54,55,0.00493566556984087,0.000330678720502023,0.0263488094235316
54,59,0.0563425995905777,0.0395465305750631,0.0867313634304619
54,60,0.0119992527445812,0.0254683779810441,-0.0849944118144459
