t,fourABnOH_time,pAC_Obs,RII_2_Obs,pAC_Fsk_Obs
33,0,0.0336798958775655,0.120214127619836,-0.127616299918438
33,30,0.134484805311459,0.113781061164047,-0.103820272960767
33,45,-0.00928068386640245,0.114188180094832,-0.0528166144504994
33,55,-0.0904449650127269,0.116865434322184,0.155827797605152
33,59,-0.0714208078799885,0.116560124263994,-0.0809147786705204
33,60,0.0125221566290949,0.108515461143251,-0.055602603035259
