t,epo_level,EpoRJAK2_Obs
29,6.6667e-07,0.234308071091529
29,6.6667e-07,0.245437115055718
29,1.3333e-06,0.214931862993091
29,1.3333e-06,0.246946172670362
29,2.6667e-06,0.199315345037073
29,2.6667e-06,0.221593848479924
29,5.3333e-06,0.180206629838514
29,5.3333e-06,0.182853070926832
29,1.0667e-05,0.151717341673385
29,1.0667e-05,0.160052547580952
29,2.1333e-05,0.110699861350062
29,2.1333e-05,0.112637578479897
29,4.2667e-05,0.0838307266744797
29,4.2667e-05,0.0869694142864533
