t,epo_level,EpoRJAK2_Obs
26,0,3.07529098251039
26,1.3333e-08,0.372799130883796
26,4e-08,0.0846154281274001
26,1.3333e-07,1.5156963526952
26,4e-07,2.54382425147686
26,1.3333e-06,2.87170322887067
26,1.3333e-05,2.85056187805528
26,0.00013333,2.79015892932011
26,0.00066667,2.86434094591448
