t,epo_level,CISHnRNA3_Obs,Compound_2_Obs
17,0,6.93218086876609e-05,0.841942485827855
17,0,7.97741943988046e-05,0.802850444661052
17,0.00014286,0.000272016779687127,0.954661459965595
17,0.00014286,0.000277143821086905,1.04717210456892
