t,epo_level,STAT5_Obs
12,6.6667e-07,2.5208361327021
12,6.6667e-07,2.54436698271361
12,1.3333e-06,2.44966345135187
12,1.3333e-06,2.318844618484
12,2.6667e-06,3.20971304415525
12,2.6667e-06,2.57178996255466
12,5.3333e-06,2.46553021386472
12,5.3333e-06,2.88883868492908
12,1.0667e-05,2.7541952461328
12,1.0667e-05,2.49235816815082
12,2.1333e-05,2.69039615583256
12,2.1333e-05,2.87881132191686
12,4.2667e-05,2.81448243600615
12,4.2667e-05,2.93406930455411
