t,CISHnRNA3_Obs,Compound_2_Obs
0,0.000189905363884455,2.96945466745206
7,NaN,3.56868505907565
9.5,0.0058712657114558,NaN
15,NaN,3.0604184634431
20,0.0503428335589086,4.81939411144818
30,0.0622821424944716,6.53099678210203
40,0.0592309083933584,12.125390110132
50,NaN,19.8349027387766
55,0.0498018255766617,NaN
65,NaN,18.0865966079096
70,0.0371359877623351,NaN
85,NaN,14.8277466880187
90,0.0229728298265415,NaN
100,0.0168890879801965,16.8378493209695
150,0.00883583213196824,8.33310796294501
