t,epo_level,pSTAT5_Obs
9,2.5e-09,58.3143920989289
9,2.5e-09,60.785365975565
9,2.5e-09,64.0357176864256
9,2.5e-08,66.2863169440244
9,2.5e-08,61.9348732737236
9,2.5e-08,61.2135533484247
9,2.5e-07,56.2111319320629
9,2.5e-07,60.9978652654387
9,2.5e-07,61.0696752358891
9,2.5e-06,37.7951055996134
9,2.5e-06,36.6616742900039
9,2.5e-06,34.555521196403
9,2.5e-05,3.80552784543011
9,2.5e-05,4.54640300061844
9,2.5e-05,0.0174059338347758
