t,epo_level,Compound_1_Obs
14,0,0.0376989586407911
14,0,0.0599367449736792
14,0.00014286,0.81242215931562
14,0.00014286,0.917546299503779
