t,epo_level,Compound_7_Obs
31,0,1.92866864144965
31,1.3333e-08,2.07098177068011
31,4e-08,1.97357829810644
31,1.3333e-07,2.32941107984439
31,4e-07,1.55434698286544
31,1.3333e-06,1.4740325667459
31,1.3333e-05,1.28042100915771
31,0.00013333,0.758092830668083
31,0.00066667,0.195798324703068
