t,epo_level,Compound_3_Obs
6,2.5e-09,4.6074572550412e-05
6,2.5e-09,0.00013779170423006
6,2.5e-09,0.000282483790063031
6,2.5e-08,-0.000161265508826628
6,2.5e-08,0.000527702075994096
6,2.5e-08,0.00103525453997401
6,2.5e-07,0.00169890275751471
6,2.5e-07,0.00217267641463957
6,2.5e-07,0.00219019931846773
6,2.5e-06,0.00441021172940121
6,2.5e-06,0.00456843782405731
6,2.5e-06,0.00473505432783148
6,2.5e-05,0.00477850232099705
6,2.5e-05,0.00532394883772483
6,2.5e-05,0.00543942928894491
