t,epo_level,Compound_6_Obs
10,0,0.000322633029409327
10,1.3333e-08,0.001667398282508
10,4e-08,0.00163168661605765
10,1.3333e-07,0.00157841982953035
10,4e-07,0.00103191555241979
10,1.3333e-06,0.000257339882750964
10,1.3333e-05,0.000344970806501538
10,0.00013333,0.000555841550588246
10,0.00066667,0.000193915509468281
