t,Compound_3_Obs,Compound_5_Obs
0,0.000135657639072742,0.470258248652328
15,0.000158166589419717,0.495618669446541
30,0.000114155141505161,0.353810585399829
45,0.000102900254330071,NaN
50,NaN,0.424000558276576
65,0.000108431043786023,NaN
70,NaN,0.387283050445713
85,0.000117640885693734,NaN
90,NaN,0.372126842710077
100,0.000139011232774357,0.409754844273409
