t,epo_level,Compound_2_Obs
24,6.6667e-07,0.453925703434582
24,6.6667e-07,0.471405839211672
24,1.3333e-06,0.449418768811258
24,1.3333e-06,0.50626219796456
24,2.6667e-06,0.354174986242617
24,2.6667e-06,0.460249195999539
24,5.3333e-06,0.364835846273154
24,5.3333e-06,0.512202353816976
24,1.0667e-05,0.310249930153267
24,1.0667e-05,0.333385643863602
24,2.1333e-05,0.26960419408153
24,2.1333e-05,0.353616875914247
24,4.2667e-05,0.273427692802343
24,4.2667e-05,0.521761550463684
