timepoint,Glu_Obs
0,9.92196144180425
40,-0.0709493589964889
80,-0.0455151846199807
150,0.104548466911697
200,-0.0882942203059768
250,-0.123472214085172
300,0.0602709799095438
400,0.134682726954905
