timepoint,Glu_Obs
0,10.3726253130668
500,9.72553842535967
1000,9.81537059174678
1500,9.32097539511568
2000,8.5772802663783
3000,7.0987698027877
3500,5.85289447761087
4500,4.88283625918626
5500,3.30582272926444
7000,2.06092164727909
8500,1.88943551507162
