timepoint,Glu_Obs
0,9.84468564878145
450,9.6427758073997
950,10.7639096679637
1500,8.8055265156377
2000,7.46644751142484
2500,5.92576496828902
3500,3.37444390051118
4500,1.15622526277092
5500,1.03023292156876
