timepoint,Glu_Obs
0,9.16483479064656
100,10.4440938027843
200,9.57316060180791
300,9.26027824498044
450,9.30350258324229
550,8.6593626476952
700,8.11848343563325
850,6.13392085033471
1000,4.39976650382548
1500,0.736602361908051
2000,-0.384057005194133
