t,Rp_cAMPS_pAB_time,RIIp_2_Obs
99,0,0.0437718378199806
99,30,0.0735210057007675
99,45,0.085986918444135
99,55,0.0922049589367489
99,59,0.102154544626322
99,60,0.0966301299465152
