t,fourABnOH_time,AC_Fsk_Obs
39,0,0.052035275745063
39,30,-0.0279325717299247
39,45,0.0194830231954552
39,55,-0.0246906185829875
39,59,-0.0919191347304534
39,60,0.0502618982966596
