t,Rp8_pCPT_cAMPS_pAB_time,RIIp_2_Obs
62,0,0.06843070259578
62,30,0.0918573449027688
62,45,0.128218115368094
62,55,0.156285474401712
62,59,0.185315784609664
62,60,0.187648077565694
