t,Rp_cAMPS_pAB_time,RIIp_2_Obs
79,0,0.148608986140324
79,30,0.20103754527501
79,45,0.239835874541915
79,55,0.271495248022073
79,59,0.32612596776698
79,60,0.309104214065491
