t,Rp8_pCPT_cAMPS_pAB_level,RIIp_2_Obs
54,0,0.15694801912011
54,0.016,0.158255759434371
54,0.08,0.159108546079922
54,0.4,0.13950914718131
54,2,0.0995369124352737
54,10,0.0678337290452291
54,50,0.0595951676075694
