t,insulin_dose_1,IR_Obs,IRiP_Obs,IRi_Obs,XX_Obs
6,0,10.4219514933534,1.3425107164441e-06,0.112117301446868,8.03709640443831
6,0.01,9.4442608993615,4.53308905938065e-05,0.0644643407702002,10.4840222273042
6,0.1,8.56043070978667,8.42830380212638e-05,0.159763917267845,11.3344472930676
6,0.3,7.28565596496918,0.000149391515027889,0.321856965481648,8.86829977664764
6,1,4.05428034577891,0.000209901843650435,0.9177392709883,9.7215823307136
6,10,0.131977333612546,0.000272707161665021,2.12967270126811,9.76069879328476
6,100,1.57175903486453,0.000260643523341862,2.23863189292125,10.0523830296366
