timepoint,Glu_Obs,Compound_1_Obs
0,10.5959948341714,9.99702185344557
450,11.1976407834267,10.9446918166988
950,10.2554064050362,12.0354183509167
1500,8.74997496344172,8.77140188216777
2000,7.75067660755178,9.90116763524941
2500,4.82630018726639,8.81964972149711
3500,1.64354593861614,4.76387715580077
4500,0.598082728539192,2.94911294467513
5500,0.190646150430435,1.67071586109136
7000,0.0402814251709662,1.10123534571426
8500,0.0178864424340047,1.26740222441799
