t,epo_level,Compound_3_Obs
13,0,0.00396658528711555
13,1.3333e-08,0.00386093463300611
13,4e-08,0.00526555190636155
13,1.3333e-07,0.00292699644004255
13,4e-07,0.00462495314482208
13,1.3333e-06,0.00419320661051639
13,1.3333e-05,0.00498318237404057
13,0.00013333,0.00333613196882553
13,0.00066667,0.0032607109824917
