t,epo_level,Compound_1_Obs
32,0,-0.358896395366331
32,1.3333e-08,0.660306360533212
32,4e-08,-0.110578453807279
32,1.3333e-07,-0.981980753103736
32,4e-07,2.88049885295558
32,1.3333e-06,4.9129599330126
32,1.3333e-05,5.58111563236887
32,0.00013333,6.41386200821942
32,0.00066667,6.43746560053033
