t,init_TGFb,S2_Obs,geneK_Obs
34,0,118.831941763033,1.03389493514283
34,0,109.584295000459,1.04275011840327
34,0.1,104.742358878838,0.953239960025654
34,0.1,109.18064204034,0.848163847784799
34,1,40.9185717035924,0.84714959397296
34,1,42.3849142052064,0.919453407179456
