t,Rp8_pCPT_cAMPS_pAB_level,RIIp_cAMP_2_Obs,RII_2_Obs,AC_Fsk_Obs
23,0,0.000593742450409527,0.0390567286416842,0.0697380596301606
23,0.016,0.000936640241803148,0.0545336363838516,0.196848350767238
23,0.08,0.000849203400036781,0.0655685762800546,-0.347556844057438
23,0.4,0.00052260470544914,0.0553244065232532,-0.0734571854302509
23,2,0.000543920824371973,0.0419614315086401,-0.0675295180473009
23,10,0.000395454750962502,0.048873810325506,-0.198536233419856
23,50,0.000267061853041322,0.0631818394499079,0.414696967318218
