t,fourABnOH_level,AC_Obs,RIIp_cAMP_2_Obs,Sp8_Br_cAMPS_Obs
23,0,1.15213965397124,0.000535844901622502,0.305775261723888
23,0.016,1.07069958548761,0.000823743457312543,0.207945883822477
23,0.08,0.766628764109778,0.000573989331464558,0.184479048434633
23,0.4,0.627365673782591,0.000547570385932383,-0.0433986003982113
23,2,0.687408879274372,0.000635739009219385,0.0658563367835573
23,10,0.669096855821878,0.00079379634300291,-0.20850472390704
23,50,1.03143125873547,0.000786211274503254,0.309604576024692
