t,IPR_R_Obs,IPR_S_Obs
0,0.898987809424339,0.000108799754502841
0.08,0.445842046098006,NaN
0.15,0.257023314922857,NaN
0.25,0.116256025427992,NaN
0.35,0.0403028398678906,0.0817650021104872
0.45,0.0163494499175473,NaN
0.6,0.00501990734043533,NaN
0.7,NaN,0.0884806829736477
0.75,0.00293293770270968,NaN
0.9,0.00106188566851892,NaN
1,NaN,0.143224777097118
1.5,NaN,0.154773806116917
2,NaN,0.12170927549316
2.5,NaN,0.120213239049087
3,NaN,0.109195367054486
