t,IPR_R_Obs,IPR_S_Obs
0,0.93066860822936,0.000138840740388421
0.1,0.227473959456264,NaN
0.2,0.0388418648853394,NaN
0.3,0.0125289415632027,NaN
0.4,NaN,0.0801504967003369
0.45,0.0020808488429842,NaN
0.6,0.00102860861080107,NaN
0.75,0.000822887784278376,NaN
0.85,NaN,0.113004815047002
0.95,0.000767539387237353,NaN
1.5,NaN,0.0776406646764222
2,NaN,0.0905126293607836
2.5,NaN,0.0937500116371643
3.5,NaN,0.120660455734044
