t,IPR_R_Obs,IPR_S_Obs
0,0.971564255951156,0.00132767352329182
0.085,0.0179112920315431,NaN
0.15,0.00193477427169448,NaN
0.25,0.000829870517548986,NaN
0.35,0.00099824814977893,NaN
0.4,NaN,0.381751593110509
0.5,0.000984342062881761,NaN
0.65,0.000905509187727261,NaN
0.8,0.00126184781403048,0.398738463251332
0.95,0.00105551179721049,NaN
1.5,NaN,0.461046229656825
2,NaN,0.42594386061913
2.5,NaN,0.420169832373337
3,NaN,0.417881501736252
