t,epo_level,CISHnRNA1_Obs
28,0,6.88350708499825e-05
28,1.3333e-08,0.000746689163663715
28,4e-08,0.000786004541471255
28,1.3333e-07,0.000726995135364973
28,4e-07,0.000566269291772366
28,1.3333e-06,0.000122678195894562
28,1.3333e-05,7.08862880357664e-05
28,0.00013333,0.000167578187291142
28,0.00066667,2.23959865222856e-06
