t,epo_level,CIS_Obs
13,0,0.0316479635924317
13,1.3333e-08,0.0204191800237772
13,4e-08,0.035308199352506
13,1.3333e-07,0.044489178158065
13,4e-07,0.015569719767561
13,1.3333e-06,0.0341520477689914
13,1.3333e-05,0.0232669442694401
13,0.00013333,0.155185800869389
13,0.00066667,0.0275525037041309
