t,nSTAT5_Obs,SOCS3nRNA1_Obs
0,0,0.0094517406618732
10,3.50572393517253,0.0208881153421418
20,2.97714893447985,NaN
25,NaN,0.0677962570575965
35,30.8209155679514,0.0137893631101666
45,24.8028050811122,NaN
50,NaN,0.0810322776240537
60,28.7345080349136,NaN
65,NaN,0.0294022255196501
80,30.4493043505224,0.0213131447734782
95,14.5489868633867,NaN
100,3.1162999371833,0.012312368340142
150,11.1595928617701,0.0140716085719472
200,6.05040905808063,0.0285838867280785
