t,epo_level,EpoRJAK2_Obs,CISHnRNA3_Obs
38,0,0.791069636252266,9.70667107102505e-05
38,1.3333e-08,-0.0341433041470755,0.000811810575961745
38,4e-08,-0.0423341972324349,0.000808409517676155
38,1.3333e-07,0.0769094514244293,0.000651421144676442
38,4e-07,0.173323978402603,0.000512456693110366
38,1.3333e-06,0.550756471585206,0.000125087462669378
38,1.3333e-05,0.762370706932221,4.43740156710686e-05
38,0.00013333,0.471612639191141,0.000217796578178486
38,0.00066667,0.748465670268307,5.42137484778796e-05
