t,epo_level,SOCS3nRNA1_Obs
61,2.5e-09,0.0273832496433814
61,2.5e-09,0.0274465710701588
61,2.5e-09,0.0284272777266918
61,2.5e-08,0.0375809509422048
61,2.5e-08,0.0368220179909373
61,2.5e-08,0.0367013818929555
61,1.25e-07,0.031998872622516
61,1.25e-07,0.0280124018804539
61,1.25e-07,0.0315106914491841
61,2.5e-07,0.0156444392037605
61,2.5e-07,0.01599423801948
61,2.5e-07,0.0147671986528495
61,2.5e-06,0.00821150732151266
61,2.5e-06,0.00447923549169076
61,2.5e-06,0.00731755881192533
