t,PI4K3B_Obs,CERTTGNa_Obs
0,3120218.04504475,136190281.370564
3,73944475.6026168,NaN
3.5,NaN,185531113.134258
6.5,76376161.1405519,NaN
7,NaN,171365076.268697
10,77939672.0819334,178069030.453011
15,70599103.8583081,196143071.971054
20,75572896.8594748,214685360.073589
25,58950186.6313994,219727715.191034
30,NaN,244940219.390509
35,NaN,247043432.184324
40,NaN,264777928.928315
50,NaN,267628983.170945
60,NaN,293161795.390283
70,NaN,340441083.035968
