t,PI4K3B_Obs,CERTTGNa_Obs
0,2411188.22949051,140664480.262758
3.5,NaN,237344852.605402
4,2271189.10765725,NaN
6.5,NaN,289284022.894438
7.5,2387731.48692076,NaN
10,2206257.88210409,351966035.306053
15,2377519.87831745,572221642.78
20,2289990.80977485,685352931.427114
25,NaN,846815447.650755
30,2192061.45281914,922507887.967788
35,2452063.15731936,1061809391.18994
45,2423262.17779416,1266212190.80247
55,2273979.7238188,1394160557.96768
65,NaN,1539026224.97475
