t,Rp8_pCPT_cAMPS_pAB_time,RIIp_2_Obs,pAC_Fsk_Obs
35,0,0.0862751523485836,-0.296776523172146
35,30,0.14816915696661,0.0052916022356231
35,45,0.181047962902323,0.00306717098324336
35,55,0.177718936012803,0.439561605937913
35,59,0.110801399746205,0.153777025032713
35,60,0.121953496094427,-0.349287295861271
