t,Rp_cAMPS_pAB_time,AC_Fsk_Obs,Csub_Obs
110,0,0.0063990642795401,0.0442325026141265
110,30,-0.0664807157696941,0.0827472900119124
110,45,-0.126953180121497,0.0831021238024605
110,55,0.0292247101927968,0.104981914867817
110,59,-0.175819106198439,0.0743241720029195
110,60,0.102190265874667,0.103659780031817
