t,Rp8_pCPT_cAMPS_pAB_level,Csub_Obs,pAC_Fsk_Obs
24,0,0.145923604514485,-0.429397835083209
24,0.016,0.227758296559918,-0.148017004846578
24,0.08,0.150273681424115,0.167771303683816
24,0.4,0.179926296396488,-0.215744405741312
24,2,0.124019626358212,-0.259784887557186
24,10,0.138359194147854,0.288029235796197
24,50,0.128140006102999,-0.282353586897595
