t,AC_Obs,RIIp_2_Obs
0,1.13069036656426,0.116107566100688
8,1.1709970756113,NaN
10,NaN,0.119698350207018
15,1.03166263539516,NaN
20,NaN,0.151559579209017
25,1.12072543724834,NaN
35,0.590867531961048,0.10131635625432
45,NaN,0.121206990619647
50,0.936780264614617,NaN
60,1.30955354444458,0.145612836870431
75,NaN,0.284982302049553
80,1.034494923421,NaN
90,NaN,0.432919739097228
95,1.01822519594659,NaN
100,1.0626793616709,0.379855206017943
150,NaN,0.404590861617448
200,NaN,0.357690576972617
