t,Rp8_Br_cAMPS_pAB_level,AC_Fsk_Obs,Csub_Obs
40,0,0.541235567634877,0.173500713475011
40,0.016,-0.106545725044455,0.109833756499186
40,0.08,0.148045646870334,0.126285739325751
40,0.4,0.301203947127135,0.122538312150764
40,2,0.325279347649721,0.0892028722538324
40,10,0.0632622845728004,0.203188554653836
40,50,-0.298252427124754,0.0380835046846345
