t,AC_Fsk_Obs,Csub_Obs
0,0.50758027778696,0.169361061313357
6.5,NaN,0.205922460446728
15,NaN,0.143864675334061
20,0.285966866213736,0.166410725865756
30,NaN,0.22266306484841
35,-0.379201051617388,0.255995933841857
45,NaN,0.255617505876548
55,NaN,0.2850721961636
60,0.0333081478368195,NaN
65,NaN,0.308844517533152
80,0.07661135404288,0.176867724845507
95,NaN,0.312651755479851
100,-0.0436695956347803,0.292038340952728
150,-0.178550013746183,NaN
200,-0.182232342247514,NaN
250,-0.0608826499659497,NaN
