t,epo_level,CISnRNA1_Obs
71,2.5e-09,327.609187270155
71,2.5e-09,358.389754429818
71,2.5e-09,665.883004490897
71,2.5e-08,1778.47984095651
71,2.5e-08,1871.56637644154
71,2.5e-08,1988.60814303351
71,1.25e-07,1773.51374364864
71,1.25e-07,2300.88151242918
71,1.25e-07,3117.51817830845
71,2.5e-07,1760.31896006236
71,2.5e-07,2168.22584760183
71,2.5e-07,2403.56307154117
71,2.5e-06,2129.50224508488
71,2.5e-06,2423.4459884337
71,2.5e-06,3195.96797832518
