t,fourABnOH_time,AC_Fsk_Obs,RII_C_2_Obs,RII_2_Obs,pAC_Fsk_Obs
100,0,-0.0246160419147263,0.400474767521367,0.0591126599465581,0.0619510904220364
100,30,0.0549640394270386,0.396747969819343,0.0598782791518202,0.0124392407224314
100,45,-0.0136584351410948,0.388808413777857,0.0569853965267086,-0.00387444827739657
100,55,0.0266058970437962,0.416858707552111,0.0571076448725697,-0.0271970890125166
100,59,0.0501022825815292,0.402532978590192,0.0547226928891062,-0.0477429090832825
100,60,-0.0125679068095848,0.406093458801142,0.0517716824467341,0.014851187518306
