t,Rp8_Br_cAMPS_pAB_time,RII_C_2_Obs,RIIp_Rp8_Br_cAMPS_C_2_Obs,RII_2_Obs,RIIp_2_Obs
88,0,0.179072792121837,0.555107464905143,0.0441365211761791,0.159659899808155
88,30,0.265441441136863,0.41713080674233,0.0493096433107488,0.214342183525048
88,45,0.285070437649899,0.317700346624793,0.0486289315201053,0.266297085125875
88,55,0.33219759381125,0.208929294025924,0.051242540522252,0.325534094584654
88,59,0.371699296669373,0.137037766230778,0.0504099053926646,0.362235417738259
88,60,0.387418639263168,0.131277909040532,0.0510425594652205,0.381963766813543
