t,Rp_cAMPS_pAB_level,RII_C_2_Obs,RIIp_cAMP_2_Obs,RII_2_Obs,RIIp_cAMP_C_2_Obs
22,0,0.40256088444166,0.000247671419085583,0.0538557728089033,0.00270335647099124
22,0.016,0.381926720526169,0.000241615468754244,0.058408990868423,0.00261323828205763
22,0.08,0.402489669111962,0.000235432718140245,0.0571612135719542,0.00264333668759174
22,0.4,0.408112321285613,0.000234513527814315,0.0568454036656212,0.00252372002453831
22,2,0.369209977653841,0.000189692007656874,0.0584247461875075,0.0019589158023146
22,10,0.348560166418872,7.72456577425718e-05,0.0570634751352996,0.000972929314681659
22,50,0.344800869961922,2.51115495793086e-05,0.0579285372926369,0.000212946222623562
