t,fourABnOH_level,Csub_H89_Obs,RII_C_2_Obs,RIIp_Rp8_Br_cAMPS_C_2_Obs,RII_2_Obs
67,0,-0.00603597499945447,0.40256779123492,0.0328650717102204,0.0452959347516854
67,0.016,-0.050470274388276,0.407876270884895,-0.0570041787691694,0.046115718926621
67,0.08,-0.049482585186697,0.392991152264366,0.0107754703624244,0.0466903712311829
67,0.4,0.0029912505471374,0.405686084068656,0.04030777425982,0.0485665992927643
67,2,-0.0221540771598473,0.419777634147803,-0.0164008334426011,0.0448159534877559
67,10,0.00938713161671545,0.395202480937522,0.0304385133053089,0.0473091308023396
67,50,-0.0143212696034095,0.405865251384185,-0.00792147251294538,0.0446647271606277
