t,ApoER2_re_Dab1_Obs,SFK_Obs
0,2.44229920848358e-07,0.000999281408248475
20,2.51554367766283e-06,0.000802750739331161
40,NaN,0.00101150312356938
45,2.80772990926083e-06,NaN
60,NaN,0.00089728094110878
70,4.04919998842693e-06,NaN
80,NaN,0.00097293928585607
100,1.64547336935328e-06,0.000854669156710725
150,2.37955106916464e-06,0.000971308847278455
200,NaN,0.00106838731893871
250,NaN,0.00137783814958507
300,NaN,0.00106689976418862
