t,input_ruxolitinib,tpSTAT3_Obs
15,0,13.6074169325001
15,10,14.4496418284876
15,50,13.8617181898403
15,100,13.4988813478514
15,200,12.0729948194977
15,400,11.1436186797565
15,500,9.42772884940379
15,500,9.79115737374432
15,600,8.25154365200439
15,600,9.15185828607275
15,600,9.41841315127558
15,600,9.45260467788595
15,800,7.75078201103074
15,1000,6.19630046023947
15,2000,3.24703751006705
15,5000,1.8841555810746
15,5000,2.13578431104758
