t,input_il6,nSTAT3_Obs
27,0.1,15.8471198329816
27,0.1,15.3245822663449
27,1,18.6459013519564
27,1,18.711473311858
27,5,27.3396126210463
27,5,28.5909012036622
27,10,41.831432592444
27,10,41.3127033678501
27,50,22.0413835210613
27,50,24.5891485497285
27,100,39.0541271392733
27,100,37.1334622685361
27,500,42.5514115217523
27,500,42.8216844404323
