t,input_stattic,nSTAT3_Obs
38,0,42.3440499576762
38,20,32.3064118574711
38,40,29.512958961067
38,50,29.7653144592139
38,60,29.6360269745611
