t,IPR_I1_Obs,IPR_A_Obs
0,1.32761632190969e-10,0.00149028049832513
0.2,NaN,0.803620424134041
0.35,NaN,0.597600633665674
0.4,1.72910067744317e-07,NaN
0.55,NaN,0.423977170000048
0.8,1.07619126226818e-07,0.377154780236167
1,NaN,0.389502534783257
1.5,4.40739093822981e-08,0.279638699982076
2,1.56849507023312e-08,0.552569021194432
2.5,7.10416143494778e-09,0.36272483412843
3,3.70081164538586e-09,0.330864807574299
3.5,NaN,0.246308902861136
4,9.81757466945847e-10,NaN
