t,IPR_I1_Obs,IPR_A_Obs
0,9.69814930601693e-11,0.000994637913831802
0.15,NaN,0.445430754597034
0.35,8.0791915667715e-08,0.316356195867857
0.55,NaN,0.309110123606314
0.7,4.46699028810652e-08,NaN
0.75,NaN,0.240892647432188
1,4.36577349766155e-08,0.308563324446788
1.5,1.57404826176118e-08,0.311094941578791
2,1.09754615932753e-08,0.287348074630082
2.5,6.16377696242953e-09,0.350318053778527
3,NaN,0.270995471461212
3.5,1.2318166069991e-09,NaN
