t,epo_level,CIS_Obs
17,0,0.0881644744765968
17,1.3333e-08,0.101971751840424
17,4e-08,0.0812583641989729
17,1.3333e-07,0.0747252740507136
17,4e-07,0.0772210134754421
17,1.3333e-06,0.0698977356349047
17,1.3333e-05,0.075089219091454
17,0.00013333,0.0726889513746298
17,0.00066667,0.0915423375824457
