t,epo_level,EpoRpJAK2_Obs,CISHnRNA2_Obs,CIS_Obs,SOCS3nRNA5_Obs
13,0,0.00127665527335983,8.40991866763592e-06,0.0877643247060839,0.0034745054372857
13,0,-0.000491307953549176,3.17742521948243e-05,0.0787365668096885,0.00274677284765468
13,0.00014286,0.030496584500516,0.000168656338672878,0.0677302655601922,0.00319845341148564
13,0.00014286,0.0270164186272872,0.000163775342296868,0.0958265125529155,0.00381309738332844
