t,fourABnOH_level,pAC_Obs,AC_Fsk_Obs
27,0,0.13816884273821,-0.0370764594197329
27,0.016,-0.288114370359627,-0.20948752815144
27,0.08,0.0157311230041102,0.0819953751178842
27,0.4,0.12045320584137,-0.0144424936193633
27,2,0.012911652589333,-0.0895155193810904
27,10,0.152315546981575,0.0595107300319914
27,50,0.118412388393033,-0.0863305929837932
