t,fourABnOH_time,pAC_Obs,RIIp_2_Obs
35,0,-0.0803180164849993,0.100243974507023
35,30,-0.0789165557185894,0.0966929397377034
35,45,0.140218541867148,0.120061692325181
35,55,0.0390957309075178,0.121494454439182
35,59,-0.0255368669517445,0.124056054305872
35,60,-0.12644097717351,0.111389444928335
