t,Rp8_Br_cAMPS_pAB_time,AC_Fsk_Obs,RIIp_2_Obs
82,0,0.133542233693772,0.0229275891589416
82,30,0.0173395525488227,0.0383556456682385
82,45,0.0756978203578518,0.0492588093094745
82,55,-0.031563041053055,0.0677985679255167
82,59,0.083984233970822,0.0766318996319421
82,60,0.272971444797687,0.0841855632617153
