t,Rp8_Br_cAMPS_pAB_level,pAC_Obs,RIIp_2_Obs
43,0,0.11030438127851,0.221269331379901
43,0.016,0.0442737913746582,0.257058930003472
43,0.08,0.141481237841024,0.191679317313141
43,0.4,-0.00875797560912668,0.216659674358741
43,2,-0.216818956455209,0.0569565026467063
43,10,0.0209631066868905,0.124427624208696
43,50,-0.258599769931664,0.0501733610089964
