t,Rp8_pCPT_cAMPS_pAB_time,pAC_Obs,RIIp_2_Obs
72,0,0.143285617800912,0.0571196242232385
72,30,0.00481688160753371,0.117544214595257
72,45,-0.183922520399041,0.130304551892791
72,55,0.0780260972866128,0.17602562125591
72,59,-0.23766755319052,0.152131926326225
72,60,0.107389572795251,0.204210957120126
