t,AC_Fsk_Obs,RIIp_2_Obs
0,0.00381900220173114,0.113681271903088
9.5,0.0067742702365892,NaN
20,-0.00655354376989073,0.141894967651641
30,0.00271179383670744,NaN
40,NaN,0.0673564942717004
45,-0.00498202488742498,NaN
60,0.0026047176478296,0.116233371263465
75,0.110200579320292,NaN
80,NaN,0.2288567263123
100,0.105473643724983,0.261783884013712
150,NaN,0.242907117199776
200,NaN,0.261518069303276
250,NaN,0.277107923865134
300,NaN,0.203610485597996
350,NaN,0.143141479654426
450,NaN,0.220986750587621
