t,fourABnOH_time,pAC_Obs,AC_Fsk_Obs
50,0,-0.00461128064268521,-0.111822939790083
50,30,-0.0829786218589018,-0.0301406376118286
50,45,0.208669858931618,-0.085542471819765
50,55,0.038205457763872,0.0128970812933539
50,59,0.0245913394269379,0.202124404011255
50,60,0.0679052673605523,-0.0509229420593956
