t,AC_Fsk_Obs,RIIp_2_Obs
0,-0.187175216021708,0.0828503882531872
15,0.0924253549612105,NaN
25,0.0818635078934097,0.127735902207614
40,-0.0266614884772879,NaN
50,NaN,0.118207518915575
60,0.163060879185921,NaN
80,0.0414096912193101,0.0920774807548017
100,-0.0511264675172559,0.112545268190193
150,-0.341439343260862,0.0819549608434878
200,NaN,0.0954789901015196
250,NaN,0.10985578158788
300,NaN,0.0735270753910053
350,NaN,0.113960667086993
450,NaN,0.086891125388827
