t,epo_level,CISHnRNA2_Obs,CISHRNA_Obs,Compound_1_Obs
27,0,-0.00021002855659573,0.000173946576126671,-1.74116118625923
27,1.3333e-08,0.00233240133875089,0.00032318001027127,7.98749488437799
27,4e-08,0.00243924072059859,0.000277807403195407,3.82467807586888
27,1.3333e-07,0.00206259065345995,0.000134582245414028,6.80798433359773
27,4e-07,0.002354531577767,0.000138370457579483,7.05884359742966
27,1.3333e-06,0.000759598688823897,0.000145362987124873,1.81743685388323
27,1.3333e-05,8.72970882772078e-05,0.000138072700837639,0.491393604580482
27,0.00013333,0.00106736417116279,0.000208386132766602,5.92240747051457
27,0.00066667,7.9222151387045e-05,2.11870835057978e-05,1.91215479492425
