t,epo_level,Compound_1_Obs
33,6.6667e-07,0.342941829081831
33,6.6667e-07,0.312420031513068
33,1.3333e-06,0.156777472912906
33,1.3333e-06,0.139021831299143
33,2.6667e-06,0.238616730201068
33,2.6667e-06,0.232363307933083
33,5.3333e-06,0.255727244122995
33,5.3333e-06,0.224167336113554
33,1.0667e-05,0.435635878098795
33,1.0667e-05,0.264247159336067
33,2.1333e-05,0.281002179660771
33,2.1333e-05,0.208667363236018
33,4.2667e-05,0.253188473462215
33,4.2667e-05,0.125925660116476
