t,epo_level,PTP_Obs
70,2.5e-09,49.0802496454322
70,2.5e-09,23.8665901914528
70,2.5e-09,29.1287494573118
70,2.5e-08,36.9392743432189
70,2.5e-08,25.3361143122912
70,2.5e-08,30.3792165934221
70,1.25e-07,35.43532527969
70,1.25e-07,5.95162784955012
70,1.25e-07,19.7947665634177
70,2.5e-07,15.7996491132319
70,2.5e-07,45.1121100008447
70,2.5e-07,38.6165522441899
70,2.5e-06,22.8460908882834
70,2.5e-06,35.0713031045912
70,2.5e-06,41.8778253785681
