t,epo_level,STAT5_Obs
37,0,9.54887817950512
37,1.3333e-08,0.652448634612383
37,4e-08,-1.86927792486344
37,1.3333e-07,3.05004421327622
37,4e-07,-0.361492045341549
37,1.3333e-06,8.87344011906414
37,1.3333e-05,12.0187541768406
37,0.00013333,5.46095848041221
37,0.00066667,9.63707936164475
