t,CISHnRNA2_Obs,Compound_1_Obs
0,0.00011495743275508,0.0221502467170499
10,NaN,0.304805689009021
15,0.000148355761164099,NaN
25,NaN,0.391160215857828
35,0.000211226768570201,0.316900793669089
50,NaN,0.280245521640108
55,0.00021877714457821,NaN
65,NaN,0.22695648723606
75,0.00021225748568143,NaN
85,NaN,0.225440738481936
100,0.000200656534924676,0.194429269885553
150,0.000191252821691979,0.150071040331317
200,0.00018262111755962,0.134841088796015
250,0.000170142944055114,0.166615568959996
