t,epo_level,CISHnRNA2_Obs,Compound_1_Obs
11,0,5.93148160230085e-05,1.36737587581035
11,1.4286e-07,0.000905008978332594,8.58772462879911
11,1.4286e-06,0.000300703193892061,6.5179371422073
11,0.00014286,0.000235051335028283,1.91578691594205
