t,input_il6,SOCS3RNA_Obs
15,0,-0.00022145678636214
15,0,0.00319313832146681
15,5,-0.00991105210345068
15,5,0.00904424657634174
15,10,-0.0102313732053541
15,10,-0.00535147612322735
15,20,0.0121400130950827
15,20,0.022811468458333
15,40,0.044586480389859
15,40,0.0540779227680595
15,80,0.160440560157216
15,80,0.175474435924037
15,120,0.291215953128676
15,120,0.30265206806743
