t,input_il6,nSOCS3RNA1_Obs
13,0.1,1.40147007569379
13,1,-0.0756017331686086
13,5,0.45870790880986
13,10,7.1955983879856
13,50,-0.213760184058239
13,100,3.01048753534776
13,500,25.2603888554207
