t,input_ruxolitinib,STAT3_Obs
24,0,30.8356291893541
24,10,26.1541307363375
24,50,32.9405699649569
24,100,34.7293214672832
24,200,28.9847648130696
24,400,30.4514745473659
24,500,29.3094056002864
24,500,33.7762796514071
24,600,29.6663563349266
24,800,29.6981355583221
24,1000,30.1252102058033
24,1000,30.5422115989344
24,2000,22.9081316914315
24,5000,30.2397923396264
