t,Rp8_pCPT_cAMPS_pAB_level,RIIp_cAMP_2_Obs
28,0,0.00050716145891475
28,0.016,0.000499355655244278
28,0.08,0.000500966308171944
28,0.4,0.000482437883916792
28,2,0.000372490665250181
28,10,0.000138003311212416
28,50,5.06814310828309e-05
