t,Rp8_Br_cAMPS_pAB_time,Compound_1_Obs
110,0,0.763031059342001
110,30,0.603796769779131
110,45,0.643861918113985
110,55,0.539525217712212
110,59,0.503399461505704
110,60,0.470702323138399
