t,Rp8_pCPT_cAMPS_pAB_level,AC_Fsk_Obs
30,0,0.0710377138470628
30,0.016,-0.0313374840002098
30,0.08,0.0828873910007343
30,0.4,-0.00226206934747586
30,2,-0.00923513324277082
30,10,0.0279837462142348
30,50,0.0218978596626875
