t,Rp8_Br_cAMPS_pAB_time,RIIp_cAMP_2_Obs
130,0,0.00250822630097648
130,30,0.00275271627477102
130,45,0.00335960724260547
130,55,0.00371563034301818
130,59,0.00358272195116292
130,60,0.00378912334126334
