t,Rp8_Br_cAMPS_pAB_level,AC_Fsk_Obs
67,0,-0.066894243932136
67,0.016,-0.0457887702886327
67,0.08,0.0662357045128192
67,0.4,0.024012968777477
67,2,-0.0248851665425137
67,10,-0.0331928775481298
67,50,-0.00298921691670987
