t,epo_level,Compound_3_Obs,Compound_7_Obs,Compound_8_Obs
5,0,40.0457550203184,49.4643391983777,0.130561241115026
5,0,36.8398120214926,43.1693162593449,0.0987485332730611
5,0.00014286,34.7567302240194,53.2124706950945,0.26294982650763
5,0.00014286,37.7327766159054,63.7837734258289,0.280686821444553
