t,epo_level,Compound_7_Obs
50,2.5e-09,80.1671583529074
50,2.5e-09,69.0991793841107
50,2.5e-09,85.3714640119802
50,2.5e-08,72.1899817965855
50,2.5e-08,58.1801521784651
50,2.5e-08,63.7861945350513
50,1.25e-07,62.9967859932365
50,1.25e-07,78.4418870739152
50,1.25e-07,69.7828384528294
50,2.5e-07,96.1994794419365
50,2.5e-07,90.5820811613812
50,2.5e-07,92.0572056039507
50,2.5e-06,126.752510951341
50,2.5e-06,98.1415684716037
50,2.5e-06,121.921788132334
