t,epo_level,Compound_3_Obs,Compound_7_Obs,Compound_8_Obs
8,0,51.029259548666,62.2682393062815,0.183946382188001
8,0,52.0442705545044,46.6463061286683,0.128491452102318
8,0.00014286,34.494825671142,48.2505507164601,0.741016577009477
8,0.00014286,53.7598378867273,56.2948967369522,0.785635012240003
