t,epo_level,Compound_3_Obs,Compound_7_Obs,Compound_8_Obs
15,0,8.24629479103056,14.5992282322706,1.80238674617637
15,1.3333e-08,6.9875706260536,16.1649246038071,-3.04435328693414
15,4e-08,10.5761315641176,16.2342413033807,2.114140389466
15,1.3333e-07,8.34893733890167,19.262760411356,2.44147080334933
15,4e-07,11.4887838814452,11.7841833443203,5.99553606201086
15,1.3333e-06,11.6299379125301,6.80819925036542,16.9201116334563
15,1.3333e-05,7.15833341850231,9.61331794049651,20.887346961316
15,0.00013333,9.94924577703024,11.081764019015,23.4377521748259
15,0.00066667,5.95645087217232,17.0194707639445,23.1171052069017
