t,epo_level,Compound_4_Obs
10,6.6667e-07,11.3154938067851
10,6.6667e-07,11.7396324824009
10,1.3333e-06,12.0530859485635
10,1.3333e-06,12.7987327436528
10,2.6667e-06,13.3375587306812
10,2.6667e-06,11.5643286036909
10,5.3333e-06,14.0995455009511
10,5.3333e-06,12.6532656272055
10,1.0667e-05,14.9088145195729
10,1.0667e-05,10.2179978810306
10,2.1333e-05,12.269204632474
10,2.1333e-05,11.549118776252
10,4.2667e-05,14.8797148593104
10,4.2667e-05,12.3294160235334
