t,epo_level,Compound_7_Obs
16,0,21.0229708842543
16,1.3333e-08,16.5990905829261
16,4e-08,12.4702285630935
16,1.3333e-07,10.618960888843
16,4e-07,17.6204805370239
16,1.3333e-06,18.4275752732469
16,1.3333e-05,18.5509396215267
16,0.00013333,16.2769277588444
16,0.00066667,20.0116163668427
