t,Rp8_pCPT_cAMPS_pAB_level,AC_Fsk_Obs,pAC_Fsk_Obs
53,0,-0.0270175842486295,-0.140644392589697
53,0.016,-0.065316906359765,-0.104646488278148
53,0.08,-0.0623194764699546,-0.147583084820849
53,0.4,-0.196883315781417,-0.235248882253776
53,2,-0.0400250766840873,0.162741394216975
53,10,0.0530205059425679,-0.0785013900067873
53,50,-0.0751900096295664,-0.0850042268515905
