t,cAMP_Obs,AC_Fsk_Obs
0,4.16221009356667,-0.00953312676987129
0.2,NaN,0.403818538640888
0.4,NaN,0.313740113404342
0.6,NaN,0.363362889209639
0.85,NaN,0.369322919000058
1,NaN,0.366045044421111
1.5,NaN,0.30432917186004
2,NaN,0.38620332089538
2.5,64.799117070851,NaN
5.5,80.8173456925196,NaN
9,78.175840781415,NaN
15,69.3943805372311,NaN
20,74.5140098573334,NaN
