t,cAMP_Obs,AC_Fsk_Obs
0,0.0606996579976652,-0.0424206339986198
3.5,0.469366751125587,NaN
7,0.493951832567984,NaN
9,NaN,0.290815858172427
10,0.425313903001857,NaN
15,0.47015112739843,NaN
20,0.461606415711912,-0.177047771721959
25,0.385863718445191,NaN
30,0.455605152265323,0.214650004960567
40,NaN,-0.138645332457168
50,NaN,0.074737272785406
65,NaN,0.0575720630344393
80,NaN,0.161257794715965
100,NaN,0.113835182607432
