t,Rp8_Br_cAMPS_pAB_level,AC_Fsk_Obs,pAC_Fsk_Obs
18,0,0.039196130680918,-0.0263038128799187
18,0.016,-0.0902916376930646,-0.144297913515983
18,0.08,0.107232142688895,0.240279813611154
18,0.4,-0.345778775962272,0.0465626765994661
18,2,-0.0213012355010487,-0.0499675923631661
18,10,0.0325483922018148,0.0365376313469701
18,50,-0.28104329371536,0.0421762370669628
