t,Rp_cAMPS_pAB_time,AC_Fsk_Obs,pAC_Fsk_Obs
55,0,0.0529400647901645,-0.00561720664710855
55,30,-0.0639260694244833,-0.0190513047372678
55,45,-0.201737170701739,-0.100339564194726
55,55,-0.204645283891376,0.24229600144102
55,59,-0.0830727116845651,0.217387947183429
55,60,0.0420718538094206,-0.0838973263415141
