t,Rp_cAMPS_pAB_time,cAMP_Obs,pAC_Obs
91,0,12.4403480280197,0.16321556754751
91,30,8.4117360307173,-0.10690166610268
91,45,11.2947192366958,-0.0607335741911372
91,55,15.858891439708,-0.0879763033334332
91,59,11.2107495400335,0.0601385431339658
91,60,11.1672716723603,-0.00495360832511119
