t,Rp_cAMPS_pAB_level,cAMP_Obs,pAC_Obs
26,0,0.0778056582913874,-0.0720920299309662
26,0.016,0.0743982635668485,0.321923127026703
26,0.08,0.0615395970638567,0.244241584342344
26,0.4,0.0738228296679993,-0.230367129137682
26,2,0.0608084505839763,-0.19736691262748
26,10,0.0571611949675091,0.060778788991094
26,50,0.0599291963791528,-0.12509573934686
