t,fourABnOH_level,AC_Fsk_Obs,pAC_Fsk_Obs
42,0,-0.168744665076746,0.18214110197324
42,0.016,0.125181190882081,0.0413985429574486
42,0.08,-0.138643133984921,-0.108993220165638
42,0.4,-0.109813538867377,0.0290712613107581
42,2,-0.171383653352327,-0.0587068163617341
42,10,-0.187756561115557,0.185986541870546
42,50,0.10350391294173,-0.0422497274008295
