t,fourABnOH_time,AC_Fsk_Obs,pAC_Fsk_Obs
47,0,-0.255166502484827,-0.23646538119308
47,30,0.287285000146855,0.0757072172727554
47,45,0.00152713230875423,-0.240705029502604
47,55,0.187989606374154,-0.199901756398901
47,59,0.298815419134578,-0.232691739310658
47,60,0.0378911675572808,-0.0655142633888871
