t,Rp8_pCPT_cAMPS_pAB_time,cAMP_Obs,pAC_Obs
34,0,0.0737908597558826,0.243866639675358
34,30,0.0565837962261704,-0.00725946714618198
34,45,0.0680785420990826,-0.0361844651605827
34,55,0.0741449929436158,0.0358383044697789
34,59,0.0640188161651575,0.150428238652804
34,60,0.0556100750377146,0.0346403129312992
