t,PI4K3B_Obs,CERTTGNa_Obs
0,2113339.29363491,103678053.825545
3.5,4172768.59183093,110797047.552094
7,2073703.06930072,180663635.11923
10,2840895.40017006,312692533.033045
15,4087123.86556495,607327293.588027
20,8477276.77998316,332478793.597457
25,4795709.59476352,785183614.863188
30,6624975.69181866,354363919.613761
35,7044004.2365857,750223531.5868
45,1618481.90772807,1019129831.70693
55,4095408.33338017,536820147.967558
65,NaN,234497733.214881
