t,input_ruxolitinib,Compound_1_Obs
17,0,0.325424939744764
17,0,0.332929160060696
17,10,0.278817017612967
17,10,0.319241518722774
17,50,0.324914009757939
17,100,0.330905537608679
17,200,0.283938460563196
17,200,0.317528237650611
17,400,0.282145470295456
17,500,0.241007856982752
17,600,0.248001177071354
17,600,0.286266212358915
17,800,0.269706934962397
17,1000,0.269921279215091
17,2000,0.264018893092118
17,5000,0.252645455066961
17,5000,0.275028222747272
