t,nSOCS3RNA3_Obs,Compound_1_Obs
0,0.000359436116728978,0.305547660405976
10,0.0194855399329504,NaN
20,NaN,0.359295017728989
25,0.112659911089026,NaN
35,NaN,0.283509085760591
40,0.0405716089921478,NaN
55,0.00670108389847134,0.210407571558286
70,0.00112882066179717,NaN
75,NaN,0.226431459459638
90,0.000345823829654338,NaN
100,0.00028765671276602,0.212630257858997
150,0.000260243434431921,0.231787149871221
200,NaN,0.281283069386036
250,NaN,0.245692024922774
300,NaN,0.282022517551361
