t,nSOCS3RNA3_Obs,Compound_1_Obs
0,0.000352352664581842,0.328408354819059
15,0.0310230244100597,NaN
25,NaN,0.328618369471037
30,0.0412750584337021,NaN
45,0.0108466580631158,NaN
50,NaN,0.227613506161333
65,0.00127517442563049,NaN
75,NaN,0.305911169448736
85,0.000381482175510665,NaN
100,0.00032127694318814,0.237156666555261
150,0.000294799408651934,0.220705083155065
200,NaN,0.286540213727649
250,NaN,0.303983428185384
300,NaN,0.291213088062312
350,NaN,0.315542729905907
450,NaN,0.282816713258368
