t,input_il6,nSOCS3RNA3_Obs
79,0,0.000989345637082241
79,0.0005,0.000917919694044169
79,0.005,0.00111447599746486
79,0.05,0.00104496859812922
79,0.5,0.00106011342620393
79,5,0.0456669923360683
79,50,0.0491001457331276
79,100,0.0039768597836003
79,200,0.0373745361648104
79,500,0.0490238710306779
