t,nSOCS3RNA3_Obs,Compound_1_Obs
0,0.000347191998062865,0.344707936606616
10,0.0329094494897434,0.222455787374371
20,0.227478613727095,NaN
25,NaN,0.428297301815872
35,0.152329654479894,NaN
40,NaN,0.261938491775551
45,0.0583562024196437,NaN
55,NaN,0.181769149150999
60,0.00752883552631985,NaN
70,NaN,0.171209813838624
75,0.00098495797617681,NaN
90,NaN,0.171741161305742
95,0.000281055740700409,NaN
100,0.000205051073296552,0.182255975070626
150,0.000214151562051573,0.198795990373281
