t,input_stattic,Compound_1_Obs
40,0,0.354721888217202
40,20,0.260670820069428
40,40,0.198771269509714
40,50,0.165285351591772
40,60,0.223008366605894
