t,insulin_dose_1,Compound_2_Obs,Compound_3_Obs,Compound_4_Obs,Compound_5_Obs,Compound_6_Obs
8,0,-0.591384712797276,0.330950091995616,13.9454677738962,14.3641368395501,0.0837231214370976
8,0.01,-1.00165808216634,-1.10466136379009,19.7463199788549,6.15299449297918,0.475079913798435
8,0.1,2.18643505113887,0.958026477246411,22.5220933986222,14.9739918871091,0.170743501793688
8,0.3,0.254214799490126,-0.113681737600079,23.7312236016003,7.05973483439433,2.3165108800123
8,1,4.0373888503184,3.52209932565917,18.798285443834,12.9255450913929,3.21112755532978
8,10,6.50147934400781,4.3342738094389,4.99374040212997,0.663871350731783,1.21462242037925
8,100,7.00166782099639,7.44453193276815,11.6961670031555,5.67628435350185,2.99909532048832
