t,epo_level,Compound_13_Obs,Compound_14_Obs
12,0,0.242896177733432,0.057087403005514
12,1.4286e-07,2.39240942009849,9.53510085754273
12,1.4286e-06,3.19925109555886,7.51662372433597
12,0.00014286,6.99963567405967,2.08312415919688
