t,epo_level,Compound_3_Obs,Compound_4_Obs
11,0,0.0100729328005027,0.00136553773156223
11,1.3333e-08,0.282280265714874,0.123510171564848
11,4e-08,1.3948860688985,0.335412718477189
11,1.3333e-07,5.12223463981415,1.03607115361045
11,4e-07,4.6485643618192,1.19804847118085
11,1.3333e-06,3.44007314449451,1.32733023517009
11,1.3333e-05,1.9701534564792,1.29044408953657
11,0.00013333,2.25900852177022,1.07494728929018
11,0.00066667,2.17657079024614,1.0585818471426
