t,epo_level,Compound_6_Obs
28,0,0.0175715905948811
28,1.3333e-08,5.21089603514047
28,4e-08,9.96032061211064
28,1.3333e-07,7.65467838684309
28,4e-07,5.69221166807906
28,1.3333e-06,6.63178924587716
28,1.3333e-05,9.5059474922066
28,0.00013333,6.66861244263948
28,0.00066667,8.49234539064517
