t,epo_level,Compound_11_Obs,Compound_13_Obs,Compound_14_Obs
19,0,1.70444022190054,0.0113817469909718,0.0199721816220733
19,1.3333e-08,1.64899224998387,1.34931688043897,0.441762702575177
19,4e-08,5.77629533470864,5.55047656693248,1.38034005588282
19,1.3333e-07,49.9516612897639,3.05198927910644,1.44262663105272
19,4e-07,113.633508454128,1.2571279393707,2.46169885479352
19,1.3333e-06,253.918222416471,0.79537337704098,5.27891168401635
19,1.3333e-05,522.392096398757,0.519704709647057,8.3022448646876
19,0.00013333,408.815395698876,0.513078126951646,7.7000913520235
19,0.00066667,405.225383109705,0.626536139253055,7.47764180148763
