t,Compound_2_Obs,Compound_9_Obs
0,0.369714768178389,0.466468736226085
15,0.387397778286582,0.357426053927607
30,0.363670767255198,0.296330355092559
45,0.33638384251549,NaN
50,NaN,0.326877436683647
60,0.263432036502584,NaN
65,NaN,0.31000479358279
80,0.248504771082108,NaN
85,NaN,0.24219036395083
100,0.221831786299437,0.245408666250974
150,0.193377194581898,0.276880517712674
200,0.346899123637993,0.204893904880476
250,0.265054617027015,0.266584370869149
300,NaN,0.252147257339224
