t,epo_level,Compound_11_Obs,Compound_13_Obs,Compound_14_Obs
14,0,-5.99786878555614,-0.182561429189679,0.264321088141902
14,1.3333e-08,491.98713824558,1.31734181733881,8.84639730968466
14,4e-08,467.311491691658,1.24608390297959,8.72115344866028
14,1.3333e-07,480.752865429011,1.48574711568125,8.72425599197682
14,4e-07,335.279657070254,1.9468902921037,6.76451776847451
14,1.3333e-06,27.5438739126999,5.54350204845657,2.04278359250214
14,1.3333e-05,11.0697142523721,0.707847550076176,0.374297390519826
14,0.00013333,135.794711198448,3.21947107803768,3.19420365340643
14,0.00066667,-11.1344570749425,3.65547110241258,0.937859875164517
