t,epo_level,Compound_13_Obs,Compound_14_Obs
11,0,0.0409542190953986,0.014649990070677
11,0,0.0798415678940317,0.0141876429730087
11,0.00014286,2.13905549589843,0.628179590377161
11,0.00014286,2.18342415220518,0.628621937789554
