t,epo_level,CISnRNA1_Obs
65,2.5e-09,3943.06857501929
65,2.5e-09,3306.84868055487
65,2.5e-09,4284.84710005696
65,2.5e-08,3072.07708515966
65,2.5e-08,5651.65566611547
65,2.5e-08,3313.44597978428
65,1.25e-07,3343.4993972637
65,1.25e-07,4875.21898728504
65,1.25e-07,3878.21388627991
65,2.5e-07,2525.52629417759
65,2.5e-07,2858.84508278327
65,2.5e-07,2724.05634750198
65,2.5e-06,397.059088626723
65,2.5e-06,531.668639744111
65,2.5e-06,487.768865565196
