timepoint,Compound_1_Obs
0,10.2472107844262
450,9.30038050655192
850,8.68746754963339
1500,9.85665615898864
2000,8.30621811531902
2500,6.09143598274748
3000,3.36968623806893
4000,3.09606395051232
4500,3.4291600251661
6000,2.60781175986368
7000,2.34635965590415
8500,1.33985273358166
