timepoint,Compound_1_Obs
0,10.3811967248173
450,8.32546180486488
900,14.8911138723792
1500,9.14098297807856
2000,10.6415055591849
2500,10.5147536713563
3000,9.63553095289687
4000,8.67186280990943
4500,9.26924368667392
6000,7.1040242387843
7000,6.77807153792714
8500,10.0902071414939
