timepoint,Compound_1_Obs
0,8.92898431358407
450,9.97526577665639
850,9.27831960962957
1500,13.461887203279
2000,7.31422926147524
2500,11.3557931570028
3000,8.1059837866562
4000,8.3567728974133
4500,7.89368550073903
5500,10.6419525667933
7000,6.39677802236711
8500,8.13041327021272
