timepoint,Compound_1_Obs
0,10.7461779997785
450,6.05484256685989
950,9.63545143414179
1500,13.9287836708849
2000,8.93617893584765
2500,7.97121553683023
3500,7.29741707952451
4500,6.18658595129679
5500,7.52290611012974
7000,8.78477344117532
8500,6.88823332610647
