timepoint,Compound_1_Obs
0,7.33082451105536
450,10.7357282530055
850,8.07272312162338
1500,7.83689048967505
2000,8.29702503936514
2500,7.48046263048197
3000,4.53848896633541
4000,7.91571602957558
4500,3.10524021008352
6000,3.32834706916922
7000,2.68963221549341
8500,1.55225063588006
