timepoint,Ind_Obs,Compound_1_Obs
0,-0.0286097833678351,9.53942140563977
150,NaN,9.92451303219399
350,NaN,9.11326553179318
400,-0.0182564269528035,NaN
550,NaN,9.27043718888423
750,NaN,8.9855900541736
850,0.0242682996135444,NaN
1000,NaN,7.8803846654615
1500,0.35503786778198,5.36892513720005
2000,0.847894176091924,NaN
2500,1.09750521793504,NaN
3000,0.958183721582683,NaN
4000,0.545850615814811,NaN
5000,0.285532468205165,NaN
6000,0.213840064120427,NaN
7500,0.0797790977077229,NaN
