t,Rp8_pCPT_cAMPS_pAB_level,pAC_Fsk_Obs,cAMP_Obs,RIIp_cAMP_2_Obs
33,0,-0.0604750064337058,23.854613377177,0.00921060878509083
33,0.016,-0.110029242255859,21.2021926975618,0.0111306805600957
33,0.08,-0.0187851683550431,23.9975662987397,0.00978555906372937
33,0.4,-0.0525098516618643,17.4534242085491,0.0105423618945898
33,2,0.126403841105039,20.5212484732492,0.00986429605236477
33,10,-0.0509182883178206,18.4745784245204,0.0041304928579871
33,50,0.0063477871228541,21.196319524857,0.00171609356862341
