t,Rp8_pCPT_cAMPS_pAB_level,AC_Fsk_Obs,RIIp_cAMP_C_2_Obs,RIIp_2_Obs
21,0,0.0862992333915017,0.00301985662427622,0.0763141551896126
21,0.016,0.0873911357729491,0.00344084352586268,0.0415834657032886
21,0.08,-0.0224630263589407,0.00315951471773863,0.0655439267752797
21,0.4,-0.0447295412919432,0.00321490191651533,0.0565673155795679
21,2,-0.111933953242859,0.00182442801766437,0.0504339778541401
21,10,-0.0331562564916387,0.00113610096486414,0.052196619283197
21,50,-0.00461424147757465,0.000395176376635592,0.0376333038210902
