t,Rp_cAMPS_pAB_level,AC_Fsk_Obs,RII_C_2_Obs,RIIp_C_2_Obs
40,0,-0.0474513348500851,0.825747772837284,0.173565971914702
40,0.016,0.0140867401369102,0.639596701492205,0.154901359807759
40,0.08,-0.244585507505239,0.834430286090114,0.173908521900934
40,0.4,0.0282183147299065,0.717877235790673,0.178591561844746
40,2,0.00459769855935683,0.735286041260954,0.0349072672424053
40,10,-0.241278300874038,0.728979533542533,0.149463409663105
40,50,0.00410151489369561,0.708847548906536,0.0244112690532496
