t,fourABnOH_level,AC_Fsk_Obs,pAC_Fsk_Obs,RIIp_2_Obs
20,0,0.0503683843300204,-0.0590612147591593,0.0564213608907606
20,0.016,0.0367562948446524,-0.0308106732228977,0.0702544025895112
20,0.08,-0.0954244742322291,0.0806300240194279,0.0688766025258885
20,0.4,0.110406634859668,0.00369517567616079,0.0537836149035316
20,2,0.0205814931567187,-0.134172326747481,0.0665883228269896
20,10,-0.226014306814651,0.0789585878238597,0.0687142842495893
20,50,-0.0834854646608703,0.12631607885933,0.0708678449750909
