t,Rp8_Br_cAMPS_pAB_time,pAC_Fsk_Obs,cAMP_Obs,RIIp_cAMP_2_Obs
70,0,-0.225890871612806,19.5174418875236,0.00262576741813348
70,30,0.184967450722721,18.4434574065769,0.00267815120619844
70,45,-0.183769903949592,21.3200942194497,0.00278110397430335
70,55,0.0369709788393269,22.0927570815827,0.00475053857333169
70,59,-0.226053234496794,22.3125711211603,0.00514460702775193
70,60,-0.0329334560111235,17.5870736279106,0.00542819225830928
