t,Rp8_Br_cAMPS_pAB_level,RIIp_cAMP_2_Obs,RIIp_2_Obs,Compound_1_Obs
68,0,0.000657276811968614,0.110624292295437,2.70328540648321
68,0.016,0.000523057909035407,0.0992229626420106,2.5978776731306
68,0.08,0.000558896884244278,0.110579029340592,2.04302086533004
68,0.4,0.000546327121942295,0.0954663900287041,2.40265407295725
68,2,5.95806688955649e-05,0.0343968995200589,3.26731090964006
68,10,0.000330834525764251,0.0689459687244041,2.39074784666658
68,50,6.89508384533964e-05,0.00857996697141412,2.21516641294574
