t,fourABnOH_level,AC_Obs,pAC_Obs,AC_Fsk_Obs
36,0,0.539467316337209,0.051765315311462,0.343544248375058
36,0.016,0.600506766952911,0.183120316121363,0.332830702326901
36,0.08,0.59716202870294,0.0153370411785235,0.395466308542232
36,0.4,0.585761255599659,-0.0849346234684008,0.533103663708146
36,2,0.551571275467127,0.0520204911423914,0.396670698039769
36,10,0.58095953800544,-0.114757584521882,0.481947955174117
36,50,0.657455344784318,0.126147994504623,0.404057794046545
