t,fourABnOH_time,pAC_Obs,RIIp_cAMP_2_Obs,RIIp_2_Obs
37,0,0.133927601446436,0.000655064246368887,0.118718873948077
37,30,0.0755280666712623,0.000721034298449854,0.107882999644323
37,45,-0.0692155078119626,0.000566654004110979,0.0990946327008387
37,55,0.0441760561435635,0.000602323728795087,0.122998057756571
37,59,-0.0207684269807896,0.000643399247780763,0.116412277669939
37,60,-0.0377779320987765,0.000563311621270913,0.130018388046774
