t,Rp_cAMPS_pAB_time,AC_Fsk_Obs,RIIp_cAMP_C_2_Obs,Compound_1_Obs
37,0,0.0198102181345274,0.00152159588061404,2.74010789073365
37,30,-0.079061567162393,0.0038972421521748,2.05332444171351
37,45,-0.110580109269829,0.0052676206603546,2.5303328855297
37,55,-0.0140810485886501,0.00568990104225807,2.45028195098769
37,59,0.0408823650652996,0.00498013115395294,2.35814924290719
37,60,0.0674241495336567,0.00562702995895044,2.24074888381944
