t,fourABnOH_level,pAC_Obs,AC_Fsk_Obs,pAC_Fsk_Obs
25,0,-0.109143207962664,-0.0936925784974767,-0.0146909099173902
25,0.016,-0.0852615058004575,0.091902549413019,0.0662652850187619
25,0.08,-0.105671720079368,0.0787153456251739,-0.179256896509978
25,0.4,0.160767693751101,-0.0191753849306268,0.230789315560565
25,2,-0.102508876723174,0.0107215868586371,0.15966048896472
25,10,0.108187791410924,-0.132236426629566,0.139335634639369
25,50,0.101022936587821,-0.0382699307381696,-0.0370810999075581
