t,Rp8_pCPT_cAMPS_pAB_time,pAC_Obs,RIIp_cAMP_2_Obs,Compound_1_Obs
65,0,-0.0101888197863721,0.00912078781515774,30.964935424362
65,30,-0.0836374955601223,0.00844375495079264,34.0838929964831
65,45,-0.0172630951961165,0.00902424711237012,31.1726686086253
65,55,0.0316020425689467,0.0106344068489914,32.5401691041481
65,59,0.066251618643127,0.0122042675554158,25.6506978054098
65,60,0.106720223523379,0.0143315209880682,30.2521756514796
