t,SOCS3nRNA2_Obs,SOCS3nRNA5_Obs
0,-1.52997097425776e-05,-3.31629799018461e-05
15,0.000692602253535473,0.000524631395253905
25,0.000852238116850913,0.000853339779019342
40,0.000753991437267414,0.000814510633964616
55,0.000740368397177272,0.000601930713846526
70,0.000603971474264805,0.000343588170945057
90,0.00056843138146644,0.000505276411147702
100,0.000527878117212367,0.000504272126780791
150,0.000515393068821584,0.000470195719722349
200,0.000414654437766789,0.000346434980323134
