t,SOCS3nRNA2_Obs,SOCS3nRNA5_Obs
0,-1.61396145489878e-05,-3.40835507664523e-05
15,0.000692749708988626,0.000522523921466813
25,0.000854989776919875,0.000855052721781857
40,0.000753520111529907,0.00081564214756399
55,0.000742899908500711,0.000599059276052589
70,0.000602200778738088,0.00033521398074866
90,0.000568010814918732,0.000503122661582257
100,0.000526563414436344,0.000502788426138219
150,0.000517914056516641,0.000470132270933781
200,0.00041395138197002,0.00034414345898526
