t,input_il6,STAT3_Obs
11,0.1,17.4915360214552
11,1,12.1814240567225
11,5,16.4059028816856
11,10,17.4193630047551
11,50,13.0546521378883
11,100,10.781194078176
11,500,10.7963727252615
