t,input_il6,nSOCS3RNA1_Obs
63,0,-0.000234598837471017
63,0.0005,-0.000208098936611021
63,0.005,0.000283967620688113
63,0.05,0.000187661570013975
63,0.5,9.71515143419275e-05
63,5,0.00202916990033203
63,50,7.36114968180044e-05
63,100,0.00527379762706333
63,200,0.0108000392232116
63,500,0.000458662706257245
