t,epo_level,p12EpoRpJAK2_Obs
47,2.5e-09,0.0938093724228776
47,2.5e-09,0.111841057220292
47,2.5e-09,0.172230193362323
47,2.5e-08,0.147013066508427
47,2.5e-08,0.165545323251302
47,2.5e-08,0.191293164468669
47,1.25e-07,0.0858131556164928
47,1.25e-07,0.118919377264356
47,1.25e-07,0.129873682177506
47,2.5e-07,0.090704032087316
47,2.5e-07,0.105720194579175
47,2.5e-07,0.123593635048045
47,2.5e-06,0.0934064136116847
47,2.5e-06,0.103298195630531
47,2.5e-06,0.124977670453856
