timepoint,Compound_1_Obs
0,12.1830292756491
500,11.2224252606749
1000,8.2873418669144
1500,9.76841469474586
2500,4.82287918466358
3000,4.59148449750003
4000,1.1009980251596
5000,2.02393789530161
6500,0.0395078935910285
