timepoint,Compound_1_Obs
0,8.79668535085728
400,9.46750181752422
800,8.99009251669454
1000,9.10860401230114
1500,11.9335657160146
2000,10.7563521382117
3000,8.24756024748569
3500,7.14805279516242
4500,4.67837805104299
5500,1.19178353034943
6500,1.52023358356831
