timepoint,Compound_1_Obs
0,11.4888685037047
450,9.50011563698609
900,10.3204755381966
1500,7.06131072943315
2000,8.44175033546089
2500,9.61040227795515
3000,8.87618562234389
4000,6.43601185124301
4500,7.84956778601383
6000,5.4948765043913
7000,5.74219992397318
8500,5.07064813999345
