timepoint,Compound_1_Obs
0,9.52178031273156
400,11.0827635935589
800,10.4071525082255
1000,9.97913106216495
1500,8.15797354773303
2000,9.697104587363
2500,7.85962884781588
3500,4.13708079938141
4000,4.40445995102093
5000,3.63659182667421
6000,2.19191094089669
7000,3.48534011887841
8500,3.89548291023535
