t,IRins_Obs,IRS_Obs
0,0.0240483907412161,9.4274404679224
1,NaN,11.4798228408801
1.5,1.02417883311441,NaN
2,NaN,5.06598389443376
2.5,3.15147582720348,NaN
3,NaN,11.2663820939091
4,4.22142009008747,NaN
4.5,NaN,4.34969619681871
5.5,12.3420234713711,9.40095432349142
7,NaN,7.53236742642827
7.5,12.6882405495805,NaN
8.5,NaN,9.91774983265558
9.5,10.9874383231788,NaN
10,7.91737574654536,8.28846783463718
15,10.0249685128032,5.17808617171431
20,3.84998853944723,7.50371192100399
