t,IRiP_Obs,XX_Obs
0,1.02014881696531e-05,8.42530381365226
1.5,0.000253086088425906,11.4365155611464
3,0.000178337877478207,8.88954660259243
4.5,NaN,9.14066919745587
5,0.000273525033401102,NaN
6,NaN,9.97453102255723
6.5,0.000231702356938257,NaN
8,NaN,11.9706773434933
9,0.000195356980934229,NaN
10,0.000208321686576095,11.6855112893387
15,0.000166791853355023,11.9226113045597
20,0.000163099643524938,11.249780310521
