t,IR_Obs,IRi_Obs
0,10.8800429528941,0.0644242882790701
3.5,0.136395588284714,NaN
4,NaN,2.98618964792204
7,0.0990223944661356,NaN
8.5,NaN,4.43765489958471
10,0.106527432775481,NaN
15,0.0830014675309277,6.18223466522038
20,0.0886472160028587,7.18986575094451
25,0.0677474295639135,6.66166191985135
30,NaN,8.04591299464654
40,NaN,6.38684581439764
45,NaN,6.57110895882384
60,NaN,8.59286972544846
70,NaN,6.77095459944887
