t,insulin_dose_1,IR_Obs
8,0,8.01790776549111
8,0.01,9.18370883111051
8,0.1,8.99318474044487
8,0.3,7.95548441241125
8,1,7.65572253223896
8,10,1.27971226722895
8,100,0.127459429651842
