t,epo_level,EpoRpJAK2_Obs,CISHnRNA4_Obs
20,0,0.00134731848945679,0.000192053385381835
20,1.4286e-07,0.975008593800521,0.000364349418670083
20,1.4286e-06,0.0617195650837429,0.000208446548739421
20,0.00014286,0.00827362329524208,0.000126845161078075
