t,epo_level,EpoRpJAK2_Obs
72,2.5e-09,-0.00248889703059176
72,2.5e-09,0.00838917221413837
72,2.5e-09,0.0133933488238324
72,2.5e-08,-0.00880840676331382
72,2.5e-08,-0.00643188119934556
72,2.5e-08,0.00322052546537428
72,1.25e-07,0.00185278379215855
72,1.25e-07,0.0108375257925252
72,1.25e-07,0.0211929815482843
72,2.5e-07,0.0180727002979712
72,2.5e-07,0.01970944483843
72,2.5e-07,0.0292524013723146
72,2.5e-06,0.12431152231902
72,2.5e-06,0.134247941140059
72,2.5e-06,0.148349871594446
