t,epo_level,SOCS3nRNA4_Obs
140,2.5e-09,0.0196106977503436
140,2.5e-09,0.0324467917332954
140,2.5e-09,0.0495339604440115
140,2.5e-08,0.0254492971466469
140,2.5e-08,0.0161154451574007
140,2.5e-08,0.0129768259542539
140,1.25e-07,0.0531260798490723
140,1.25e-07,0.0351502710249633
140,1.25e-07,0.027484213775868
140,2.5e-07,0.0338177558257325
140,2.5e-07,0.0237447268231006
140,2.5e-07,0.0210296012338748
140,2.5e-06,0.0334275921654568
140,2.5e-06,0.0327411324391118
140,2.5e-06,0.04030703968544
