t,epo_level,STAT5_Obs
14,0,5.25432927647149
14,1.3333e-08,3.49486795844265
14,4e-08,3.85269167232113
14,1.3333e-07,3.27685820289691
14,4e-07,3.05676444310848
14,1.3333e-06,3.329803579473
14,1.3333e-05,0.0776903219422149
14,0.00013333,1.00781818102817
14,0.00066667,0.631869717808991
