t,EpoRpJAK2_Obs,CISHnRNA4_Obs
0,-0.00558004757853477,9.69181450834548e-05
10,0.0555304564275323,NaN
15,NaN,0.000128853772080455
20,0.0627425258574439,NaN
35,0.0497450342642333,0.000141988547010566
45,0.0523197600292886,NaN
55,NaN,0.000118195352397129
60,0.0374782845521171,NaN
75,0.0495365257404982,0.00013468859491845
95,0.0419253685769025,NaN
100,0.0615409945874708,0.000164606345657637
150,0.0292778953643625,0.000130079353240638
200,0.0563982201212825,0.000135573227353394
