t,epo_level,EpoRpJAK2_Obs,CISHnRNA4_Obs
11,0,-0.0215230828367197,0.000114136491744963
11,1.4286e-07,0.0987553759841863,0.000123927787657178
11,1.4286e-06,0.12542915656666,0.000158542738083219
11,0.00014286,0.983396548465982,0.000219668361072978
