t,epo_level,CISHnRNA2_Obs
19,0,0.000234617206563615
19,1.3333e-08,5.00588660458357e-05
19,4e-08,5.38343415584753e-05
19,1.3333e-07,0.000125895221256677
19,4e-07,0.000272918990002495
19,1.3333e-06,0.000315698845767348
19,1.3333e-05,0.000726272256058262
19,0.00013333,0.000689428391294107
19,0.00066667,0.000674532698384483
