t,epo_level,EpoRpJAK2_Obs,CISHnRNA4_Obs
18,0,6.88428810829042e-05,8.30111492092656e-05
18,0,4.57373696278241e-05,0.000146959640761728
18,0.00014286,0.0611993292935947,0.000161922847511401
18,0.00014286,0.0863649750798934,6.86769152685573e-05
