t,Compound_1_Obs,Compound_2_Obs
0,22.3055333949102,27.6423019793353
8.5,48.288982006318,NaN
10,NaN,69.542511064148
20,82.3005549289452,NaN
25,119.260111845554,133.170975423547
35,NaN,195.079083782097
40,177.307133164219,NaN
50,96.6915148333944,110.559713655133
65,46.2363120096857,NaN
70,NaN,45.1366341429041
80,24.3528332372047,NaN
95,NaN,38.327269292779
100,22.5103850128476,NaN
