t,input_stattic,Compound_1_Obs
35,20,35.7951687017539
35,25,29.8678482206356
35,30,31.1738832561356
35,40,35.3392341026878
35,50,24.1292869091544
35,60,29.1052188060857
