t,insulin_dose_1,IRS_Obs
17,0,7.76701025442125
17,0.01,6.05480849178323
17,0.1,10.3331978463028
17,0.3,8.29596059166179
17,1,8.80569948196539
17,10,9.48273385332403
17,100,7.75168526784986
