timepoint,Glu_Obs
0,6.34178200415136
400,16.3771507093507
800,17.9384530696482
1000,12.647440460367
1500,7.20669860192226
2000,6.43562475132746
2500,4.56178947797057
3500,1.15179343387326
4000,0.940521853708476
5000,0.272642555084468
6000,0.0621613856136543
7000,0.0333132152192798
8500,0.0125271185412982
