timepoint,Glu_Obs
0,17.563752929272
450,8.04053834420886
900,6.26332115729481
1500,6.86335073880612
2000,9.58715943687749
2500,12.4822492565425
3500,4.59433266475683
4000,3.52626378157357
5000,1.51408606563385
6500,0.532291282491307
8000,0.0855496634384657
