timepoint,Glu_Obs
0,8.29609065759464
200,5.09006926610551
350,12.5561955662603
550,12.2391295872969
800,5.88701117191873
1000,5.8957810104323
1500,1.94798764137687
2000,0.184179030514793
2500,0.0283853406828333
3000,0.0117461648310759
