timepoint,Glu_Obs
0,6.9496143435351
350,5.33642043995993
700,9.08124485641737
1000,14.8548663236826
1500,9.04794571264022
2000,12.1568071460476
2500,9.68085254463604
3000,4.79643162648684
4000,4.56444559861814
5000,2.19449747367266
6000,0.586785294388534
