timepoint,Glu_Obs
0,5.42581185052102
30,0.00994460492186178
65,0.00535811406786591
100,0.0211091327198039
150,0.0048097069123838
200,0.0109696317107804
250,0.0157448286198098
300,0.00969650280783855
350,0.00891104505503954
