timepoint,Glu_Obs
0,10.6024132076532
450,12.5953456066115
900,7.71036384856668
1500,6.31204541302351
2000,13.2975997517368
2500,7.09736582870137
3000,3.31304291724839
4000,3.30042497419361
4500,5.79430269692046
6000,3.19302050990718
7000,1.33569885131614
8500,0.626840420105134
