t,IR2in_Obs,Compound_1_Obs
0,9.1766370131933e-18,1041.51376460155
6,1.13402756565429e-17,NaN
6.5,NaN,871.605101439044
10,8.86028205931773e-18,NaN
15,NaN,1307.27734036534
20,1.02782416868199e-17,839.359958031193
25,1.18640516688052e-17,NaN
30,NaN,624.791213593562
35,7.63052582039355e-18,NaN
40,NaN,801.394245844119
