t,epo_level,nSTAT5_Obs
10,0,-0.0897667382574473
10,1.3333e-08,3.9544178388556
10,4e-08,4.08407128867534
10,1.3333e-07,3.65857149333602
10,4e-07,1.34384904281201
10,1.3333e-06,0.159084451073651
10,1.3333e-05,-0.0135790838813792
10,0.00013333,0.295829001027881
10,0.00066667,0.172121256025277
