t,CISHnRNA3_Obs,SOCS3nRNA4_Obs
0,0.000107545037294326,-0.0585638239095176
5.5,9.33175004645904e-05,NaN
6,NaN,-0.0488364593758646
10,4.48110361510227e-05,NaN
15,1.04172810636441e-05,-0.311849670311183
20,NaN,-0.0733432863150263
25,-3.09606110520107e-05,NaN
30,-3.76970790931604e-05,-0.0885223667697407
40,-4.40378358121521e-05,-0.00301258889266007
