t,epo_level,EpoRJAK2_Obs,pEpoRpJAK2_Obs,STAT5_Obs,CISHnRNA2_Obs
17,0,1.88751117181476,0.0704617040745702,4.89653725926389,0.000195288273179196
17,1.3333e-08,1.56443764308835,0.160693128551878,3.99413241882132,0.000450417631714881
17,4e-08,1.54060355067803,0.239821995727047,4.49912723011373,0.000522169255256523
17,1.3333e-07,1.46704760021308,0.510093518168716,4.36253269464484,0.00039153527300151
17,4e-07,1.05617127881945,0.588933422724304,3.4370382147498,0.000505289086895435
17,1.3333e-06,0.186670060468427,1.21698914475879,3.53834254001746,0.00240184635166075
17,1.3333e-05,-0.0398289881519836,1.13351578186667,2.44678732362125,0.00428261139589307
17,0.00013333,-0.162860008998052,1.39996202979167,2.1083364696327,0.00450714869491293
17,0.00066667,-0.149899080799854,1.43131834603929,2.24512986704788,0.00393207650000923
