t,SOCS3nRNA3_Obs,SOCS3nRNA4_Obs
0,0.000164498557359858,0.000162191334664846
35,0.000160159855736909,0.000158362744498451
70,0.000176332433037725,NaN
75,NaN,0.000172887302585069
100,0.000166290157216089,0.000158969435715235
150,0.000154010899168083,0.000176156074701297
200,0.000177084826136613,0.000160212147031592
250,0.000176295900709608,0.000174656297553575
300,0.000186568705844579,NaN
350,0.000169940799648934,0.000150901121614379
450,0.000163541950636846,0.000171570948465507
