t,epo_level,EpoRJAK2_Obs,pEpoRpJAK2_Obs,STAT5_Obs,CISHnRNA2_Obs
20,0,1.80207731931363,0.138072325376308,4.65606332745491,0.000399763562575525
20,1.3333e-08,0.0622940984361484,1.26081213694747,2.1340925087629,0.00507205249809746
20,4e-08,-0.0300218055602989,1.26173422734212,2.69150335228276,0.00500380296416849
20,1.3333e-07,0.0773296078740865,1.39130453657309,2.45507806896932,0.00473943533267025
20,4e-07,0.430250866853423,1.07087339998596,2.61177700657071,0.00296701287825921
20,1.3333e-06,1.2522096882107,0.371619004635679,4.30858663840499,0.000432631027387895
20,1.3333e-05,1.85340198536444,0.0790259310978405,4.49097420184264,9.85377662696645e-05
20,0.00013333,0.894318787243119,0.818553368377624,3.63123417812601,0.00131224254760056
20,0.00066667,1.66338689266886,0.126682401088578,4.1302708202494,8.42505398357563e-05
