t,input_il6,nSOCS3RNA2_Obs
18,0,0.00531665078242034
18,0,0.00363809824259174
18,0,0.00410963377013829
18,15,0.0144757420416227
18,15,0.0165119598718789
18,15,0.015605732384243
18,30,0.0119142329438749
18,30,0.0122021787000458
18,30,0.0101411151343329
18,60,0.0137232882558301
18,60,0.0124824970521845
18,60,0.0123881114930443
18,120,0.0143302268801965
18,120,0.0151456324054088
18,120,0.0145277859880894
