t,input_il6,JAK1_gp130_Obs
27,0,0.686841580907509
27,0,0.665440318655722
27,5,0.492733268056746
27,5,0.50364643588786
27,10,0.114396322972977
27,10,0.0588224502554002
27,20,0.392650117458691
27,20,0.364491171584168
27,40,0.224564453900274
27,40,0.242911535355089
27,80,0.554956169736188
27,80,0.633332617612231
27,120,0.122136839578065
27,120,0.102554453850346
