t,input_ruxolitinib,JAK1_gp130_Obs
14,0,0.696937094575822
14,10,0.779659737498057
14,50,0.758091600865828
14,100,0.653669470099431
14,200,0.77961057427599
14,400,0.586988143614222
14,500,0.655047526305245
14,600,0.631688377608851
14,800,0.701859100753888
14,1000,0.710060873708487
14,1000,0.78734272382556
14,2000,0.707016482295777
14,2000,0.728562428299344
14,5000,0.680215121945084
