t,input_il6,nSOCS3RNA2_Obs
45,0,0.00114614388719825
45,0.0005,0.000768499381744775
45,0.005,0.00210172702412588
45,0.05,0.000113094116143197
45,0.5,0.0023724669616545
45,5,0.00691631767647618
45,50,0.0123100460470382
45,100,0.0134693731306432
45,200,0.0135975260413614
45,500,0.014880451109364
