t,SOCS3nRNA1_Obs,SOCS3nRNA5_Obs
0,0.0454075338496117,0.00570398819286684
9,NaN,0.0276545882052351
10,0.0479682834704415,NaN
20,NaN,0.0229706972070517
25,0.0805198149295864,NaN
30,NaN,0.0338229191332644
35,0.124639799612829,NaN
40,NaN,0.0472447392860311
50,0.0889107001364397,0.0564076716075169
65,0.0908710516076347,0.0881635849624204
80,NaN,0.11153093379017
85,0.0454307739801571,NaN
100,0.054426419102175,0.0737962748611811
150,0.0686274693713672,0.0425016040338384
200,0.0560493278816099,NaN
