t,epo_level,SOCS3nRNA1_Obs
7,0,0.00054124010412396
7,0,0.000203919494027448
7,0.00014286,0.000544550874207325
7,0.00014286,0.000474666128492158
