t,epo_level,EpoRJAK2_Obs
130,2.5e-09,1.26780459006666
130,2.5e-09,1.81544594536618
130,2.5e-09,1.94457377086324
130,2.5e-08,1.13275707077122
130,2.5e-08,1.20648907408027
130,2.5e-08,1.80951586925585
130,1.25e-07,0.964921760000983
130,1.25e-07,1.2931294689139
130,1.25e-07,1.75751471044952
130,2.5e-07,0.835023604399259
130,2.5e-07,1.02321887293675
130,2.5e-07,1.59079744316633
130,2.5e-06,0.186121700060709
130,2.5e-06,0.452222307128021
130,2.5e-06,0.588389629985362
