t,epo_level,SOCS3nRNA1_Obs
12,0,0.000520961240816896
12,0,0.0005897153679307
12,0.00014286,0.000320200872734404
12,0.00014286,0.000512432947295159
