t,epo_level,CISHnRNA1_Obs,SOCS3nRNA1_Obs
20,0,0.000750836660991756,0.000629507931198564
20,1.3333e-08,0.00121912253631664,0.000547543484239228
20,4e-08,0.00249083464957268,0.000433017390383699
20,1.3333e-07,0.00478617187996146,0.000480417770976658
20,4e-07,0.00419311383619556,0.000553247497474504
20,1.3333e-06,0.004296339881712,0.000418345081379021
20,1.3333e-05,0.00225599161519275,0.000508434490612688
20,0.00013333,0.0045990670501915,0.000579020459432916
20,0.00066667,0.00382151626456735,0.000488840227552604
