t,epo_level,CISHnRNA1_Obs,SOCS3nRNA1_Obs
36,0,-0.000311466226026867,0.000514597580711622
36,1.3333e-08,0.00381267436673263,0.000359441404912803
36,4e-08,0.00263280298788433,0.000401209425121774
36,1.3333e-07,0.00278502653575036,0.000538017257697632
36,4e-07,0.00298778359680535,0.000593243227225525
36,1.3333e-06,0.00296078134486042,0.000576639334865166
36,1.3333e-05,0.00155758116242954,0.000132712185011451
36,0.00013333,0.00342355976919182,0.000399247230087168
36,0.00066667,0.00325977000399434,0.00040087961254909
