t,epo_level,EpoRpJAK2_Obs
18,6.6667e-07,0.0233221659862063
18,6.6667e-07,0.0509264026244852
18,1.3333e-06,0.0603379821845288
18,1.3333e-06,0.0665575169569749
18,2.6667e-06,0.0755198847557611
18,2.6667e-06,0.0823184860841389
18,5.3333e-06,0.0893696746247384
18,5.3333e-06,0.117147746562376
18,1.0667e-05,0.100037667720134
18,1.0667e-05,0.106561878727642
18,2.1333e-05,0.0946479330911845
18,2.1333e-05,0.134373898794454
18,4.2667e-05,0.104626316263356
18,4.2667e-05,0.125533517430704
