t,epo_level,CISHnRNA1_Obs
19,0,-0.000397265664725819
19,1.3333e-08,0.000277228612100086
19,4e-08,0.00201576938742651
19,1.3333e-07,0.0040839491498357
19,4e-07,0.00501230884069857
19,1.3333e-06,0.00363744247407051
19,1.3333e-05,0.00332024874147741
19,0.00013333,0.00446060762824739
19,0.00066667,0.00477549417070665
