t,Rp8_Br_cAMPS_pAB_level,AC_Fsk_Obs
21,0,-0.0247968959196402
21,0.016,0.0785257765573206
21,0.08,0.0269651933061942
21,0.4,0.017464291064296
21,2,0.0339910707463522
21,10,-0.0203668740394703
21,50,-0.0465657154183045
