t,Rp8_Br_cAMPS_pAB_time,pAC_Obs
40,0,0.182928611962004
40,30,0.0103910221275151
40,45,-0.055032948401005
40,55,0.0757503699827731
40,59,-0.00203621708067583
40,60,-0.109572673696999
