t,fourABnOH_time,pAC_Obs
100,0,-0.0552727870585943
100,30,0.175480381147269
100,45,0.145959709996847
100,55,-0.0362418973691204
100,59,0.0223582625513375
100,60,-0.000586847923626453
