t,Rp_cAMPS_pAB_time,AC_Fsk_Obs
48,0,-0.119919418037643
48,30,-0.00367224228089088
48,45,-0.0909134105147532
48,55,-0.00121252517304701
48,59,0.068324311902213
48,60,-0.0023257498059466
