t,fourABnOH_level,IBMX_Obs
59,0,0.0458104305807505
59,0.016,-0.159914810636615
59,0.08,0.046425890254711
59,0.4,-0.0301505159898754
59,2,0.0779662622155418
59,10,0.029740129774555
59,50,0.00595461886884299
