t,Rp8_pCPT_cAMPS_pAB_time,pAC_Obs
35,0,-0.0492742462193378
35,30,-0.00423132787938343
35,45,-0.0430369037850497
35,55,0.0279100716686488
35,59,-0.16869508921031
35,60,-0.014701486782982
