t,Rp8_Br_cAMPS_pAB_level,RII_C_2_Obs
35,0,0.462922490182487
35,0.016,0.442346202925543
35,0.08,0.44877781071275
35,0.4,0.436914971475705
35,2,0.393372301324195
35,10,0.258030820661158
35,50,0.201042779061141
