t,Rp_cAMPS_pAB_level,RIIp_2_Obs
44,0,0.350766349660456
44,0.016,0.362061017014969
44,0.08,0.35042275162634
44,0.4,0.349431848218687
44,2,0.369906297517574
44,10,0.348986086236104
44,50,0.267812498386241
