t,fourABnOH_level,IBMX_Obs
48,0,-0.0336380483671223
48,0.016,0.0099454616416867
48,0.08,0.0306140277140784
48,0.4,-0.0290374405862225
48,2,-0.0985064431436236
48,10,0.0246282484050752
48,50,0.00462860545359965
