t,epo_level,EpoRJAK2_Obs,EpoRpJAK2_Obs,npSTAT5_Obs,CISHRNA_Obs
13,0,0.488922211693738,0.00104376506970059,0.0148008309510711,0.000521655604142868
13,1.3333e-08,0.0266118394568383,0.0302614699537024,2.61456030330232,0.000623975370761209
13,4e-08,0.0463488201871042,0.0314502961108002,2.70407396991081,0.000640298729812683
13,1.3333e-07,0.0623843436138513,0.0264458508969363,2.53847555486278,0.000600810305421369
13,4e-07,0.12990496030377,0.0284464066583902,1.26094020124374,0.000607298859585063
13,1.3333e-06,0.425254953796342,0.0088146073563822,-0.0627393816206538,0.000541955816598722
13,1.3333e-05,0.507481797091393,-7.82386650326279e-05,0.116132819631019,0.000547949875180936
13,0.00013333,0.316767618994941,0.0225473993717048,0.203086138549635,0.00058906108802287
13,0.00066667,0.502692422325301,0.00207614153303428,-0.014522744862184,0.000489548666859351
