t,CISHnRNA2_Obs,SOCS3nRNA5_Obs
0,0.0910756949077241,-0.00966195712896509
4.5,NaN,0.0347877303003771
6,0.0401765050423868,NaN
9.5,NaN,-0.0866725477179253
10,-0.0149829268061302,NaN
15,NaN,0.101326276960884
20,0.152224612325988,0.024690151855632
25,-0.136614882885887,-0.131723863529777
35,0.110091409735014,0.141621979611655
45,-0.109578544238337,NaN
55,-0.0872942856153631,NaN
65,0.0836598085721912,NaN
80,0.00474374075237516,NaN
