t,epo_level,EpoRJAK2_Obs,EpoRpJAK2_Obs,npSTAT5_Obs,CISHRNA_Obs
12,0,0.550045931120889,-0.000398811889105667,0.0935141313685677,0.000569889790972479
12,1.3333e-08,0.516399308867463,0.00357584210763818,0.0978273350047803,0.000503174780264218
12,4e-08,0.50219350894109,0.0046784341098702,-0.258817910484267,0.000653542175581572
12,1.3333e-07,0.45035644266161,0.0177600523325253,-0.103412207894871,0.000603157936376515
12,4e-07,0.320777438375313,0.0237038735028781,0.174348381921244,0.000642879725836284
12,1.3333e-06,0.140881348881956,0.0359456349655006,1.16889393820645,0.000544899709629651
12,1.3333e-05,0.0135780052269789,0.0217452736599578,2.27495140398781,0.000635751101498393
12,0.00013333,0.0105418494288624,0.0302070148110373,2.66967250805187,0.000423577706785522
12,0.00066667,0.0175004397570166,0.0294572049102261,2.77053355048944,0.000432341312215013
