t,RAF_Obs,MEK_Obs
0,0.976935558595931,0.988763522040858
0.25,1.0085142283822,NaN
0.45,0.962371145076742,NaN
0.5,NaN,1.00365050494702
0.7,0.949901755486224,NaN
1,1.0867601324731,1.03002009852944
1.5,1.08850527615721,1.00781158703673
2,0.899806434237901,0.870051020384346
2.5,0.988350623635968,NaN
3,1.09507081545367,0.837041685617807
3.5,NaN,1.0426301390566
4,0.864886342901136,NaN
4.5,NaN,0.946657024496867
5.5,NaN,1.09590528508296
6.5,NaN,0.911574544496779
8,NaN,1.00716128880493
