t,fourABnOH_time,AC_Fsk_Obs
53,0,-0.129949801113247
53,30,-0.0921819558017597
53,45,0.172939388882677
53,55,-0.205463336102424
53,59,0.0691182294714856
53,60,-0.161473057085226
