t,Rp_cAMPS_pAB_level,RII_2_Obs
21,0,0.0547485175205282
21,0.016,0.0528548014568109
21,0.08,0.0756809868851448
21,0.4,0.0664122786989091
21,2,0.0556826855459824
21,10,0.0510407054340145
21,50,0.0573969762812964
