t,Rp8_Br_cAMPS_pAB_time,RII_2_Obs
36,0,0.0625473656776377
36,30,0.0550167596419533
36,45,0.0581783389085272
36,55,0.0501724508503733
36,59,0.0594930464478806
36,60,0.0391868763767182
