t,Rp8_pCPT_cAMPS_pAB_time,RII_2_Obs
46,0,0.0667073212817103
46,30,0.0721192215284321
46,45,0.0610179214856424
46,55,0.0511062415245592
46,59,0.0521093532445286
46,60,0.0540897384712876
