t,Rp8_pCPT_cAMPS_pAB_time,RII_2_Obs
49,0,0.0684534998599326
49,30,0.0744172149652669
49,45,0.0518429255937106
49,55,0.0462487295532073
49,59,0.0639187125440807
49,60,0.0489053848679431
