t,S4_Obs,pS3_Obs
0,128.780542489243,-0.475422928546628
10,157.044098588169,0.255796442320256
20,263.583197879803,-0.363733582023436
35,306.357265035459,0.0414414977508194
45,75.024102504469,NaN
50,NaN,0.932607237223555
65,125.068250184038,-0.119737381595004
80,317.278103205887,NaN
85,NaN,0.49458877757522
