t,S4_Obs,pS3_Obs
0,50.2044896082868,-0.0160232169394444
10,75.5063734990165,0.0895564765983069
20,70.0882576765961,NaN
25,NaN,0.13547476747061
35,64.8925973097334,NaN
40,NaN,0.389673789114136
50,93.2768213209893,NaN
55,NaN,-0.0432095220345767
65,70.9701580742037,NaN
70,NaN,0.269075783684079
85,105.227102643764,NaN
90,NaN,0.0870176656887705
