t,Rp8_pCPT_cAMPS_pAB_level,Rp8_pCPT_cAMPS_Obs
19,0,-0.720917232509959
19,0.016,0.841212290221913
19,0.08,-0.687646695424076
19,0.4,0.617315092681358
19,2,2.44578145797163
19,10,10.9760929413186
19,50,49.3918403734164
