t,fourABnOH_level,AC_Fsk_Obs
34,0,-0.00110726601822855
34,0.016,-0.0783402034970438
34,0.08,-0.167271779716522
34,0.4,0.16264871242642
34,2,0.100352270612396
34,10,-0.01940803362086
34,50,-0.0755417333627348
