t,Rp_cAMPS_pAB_level,RII_2_Obs
31,0,0.0913836819966921
31,0.016,0.0934619014163991
31,0.08,0.0797169235383384
31,0.4,0.0910660955157212
31,2,0.0936382178986501
31,10,0.093991406831394
31,50,0.0909668415357729
