t,Rp_cAMPS_pAB_level,RIIp_cAMP_2_Obs
23,0,0.000544602374384246
23,0.016,0.000560753632511483
23,0.08,0.000514452076828604
23,0.4,0.000486321881491564
23,2,0.000189759090989353
23,10,0.000363588347841887
23,50,2.20898235018817e-05
