t,Rp8_Br_cAMPS_pAB_time,RII_2_Obs
120,0,0.0848009033178878
120,30,0.076359734637957
120,45,0.0886440278033265
120,55,0.0838132929194195
120,59,0.0814283911884746
120,60,0.0991258730144482
