t,fourABnOH_time,AC_Fsk_Obs
39,0,-0.036133787677993
39,30,0.0134128850658458
39,45,0.0324676244518228
39,55,0.0815139062951232
39,59,-0.0450370642078502
39,60,-0.0363720565743047
