t,init_TGFb,Compound_4_Obs,Compound_6_Obs,Compound_7_Obs,Compound_9_Obs,Compound_10_Obs,Compound_11_Obs
93,0,3.34959934987175,6.10150909805864,95.5619773357107,157.556103471504,127.587704891097,3.12047170517529
93,0,4.23289656210496,5.95578469177406,98.0635135958101,146.274869996916,123.001020872236,3.13419657741549
93,0.1,9.67692744362108,5.89617935683093,85.8650681421878,155.389809550362,120.139067513806,11.7257584662399
93,0.1,10.2337376457927,6.1348595976378,88.1841783892517,158.768548555603,131.643557537861,12.087513253825
93,1,36.3565550808394,7.08164119078426,50.2029801327499,125.90880535636,124.57142347493,31.9604844423665
93,1,36.7673462703016,7.32337906562667,49.2441576885102,126.548617346811,126.884127947279,31.464311366407
