t,pRAF_Obs,pERK_Obs
0,8.9958743576435e-06,0.045893922130592
0.45,NaN,0.0578989271857297
0.65,0.000166345817959213,NaN
0.95,NaN,0.0487313728944206
1.5,8.77662748814172e-05,0.0344338280224156
2,5.86842227516211e-05,0.0223271489855857
3,4.9827493678025e-05,0.0142586107943885
3.5,3.25031226840283e-05,NaN
4,NaN,0.00882841219309246
5,3.75326005830977e-05,NaN
6,3.91835588921989e-05,NaN
7.5,3.37186512900641e-05,NaN
9.5,3.88137805361705e-05,NaN
