t,Rec1_Obs,Rec2_Obs
0,39.2215159921113,842.62116512934
5,50.5411188330489,NaN
5.5,NaN,1033.11137057545
10,50.6769540223609,1371.59549680978
15,52.2553045860089,NaN
20,66.3907417018751,1027.65608052303
25,NaN,934.818917499802
30,64.9056217299402,NaN
35,NaN,1232.1708612237
