t,Rec1_Obs,Rec2_Obs
0,53.1898194286631,1297.45566467338
3.5,NaN,1209.64489614497
4,51.4826866242637,NaN
7,NaN,1216.8652716234
8,57.5097115834962,NaN
10,44.8723262166863,1198.53180922428
15,53.997771063097,877.291884038155
20,58.8377437037123,1229.07326955039
25,NaN,1132.70595042072
30,54.9579642037291,1237.89267789604
35,63.8726153008532,NaN
40,NaN,1210.74853766415
45,72.4605750440944,NaN
50,NaN,1170.01170878155
55,51.968379195306,NaN
