t,Rec1_Obs,Rec2_Obs
0,59.3698383688204,1540.49274120623
9,NaN,914.195762205759
10,56.7620085431224,NaN
20,71.1678996702767,1232.07406795875
25,NaN,1053.36111606982
30,59.9573154864156,NaN
35,NaN,1185.92699586031
45,46.5565128371955,988.579441326136
55,57.5501945766668,NaN
60,NaN,1407.33596099447
70,59.3318830262462,933.765452142619
85,46.141403866216,1243.07070990631
100,60.0041055816153,1043.16451280782
150,65.5082969114926,1295.50037279894
200,56.0197778403048,903.492352143047
