t,input_stattic,nSOCS3RNA3_Obs
16,20,0.0148005847407268
16,25,0.0126952012347664
16,30,0.0107248891065278
16,40,0.00779198770708017
16,50,0.00649706096548865
16,60,0.00487185679686728
