t,input_stattic,nSOCS3RNA3_Obs
25,0,0.0566871227378032
25,20,0.0237138998796561
25,40,0.0137277140572726
25,50,0.0103158418663052
25,60,0.00765694968431851
25,60,0.00820448486530044
25,60,0.00895869792968453
25,60,0.0087563217797769
