t,JAK1_gp130_Obs,nSOCS3RNA3_Obs
0,0.307309590394269,0.0002102355632082
10,NaN,0.00780422399344075
25,0.208514895933371,0.0383767407435812
40,NaN,0.0156355339087283
55,0.209856017786743,0.0032661139220719
70,NaN,0.00114494762972793
80,0.258291731444986,NaN
90,NaN,0.00135003287329191
100,0.254594866171662,0.000770392694884783
150,0.258969089721463,0.00036601533191476
200,0.28388261752942,NaN
250,0.273624201751563,NaN
300,0.297137527453741,NaN
350,0.298158658490281,NaN
450,0.339727402823846,NaN
