t,input_il6,nSOCS3RNA3_Obs
30,0,0.00181795663037498
30,0,-0.00243147009786995
30,5,0.0242646682251523
30,5,0.0234523486527426
30,10,0.0626371729913058
30,10,0.0607236830808401
30,20,0.0393643400081837
30,20,0.0392457559195696
30,40,0.0540352805821562
30,40,0.0514292676416144
30,80,0.0105954348870912
30,80,0.0111727087479037
30,120,0.0596484931902717
30,120,0.0606950425601959
