t,input_stattic,nSOCS3RNA3_Obs
0,0,0.000785860511148787
0,0,0.000801742882695617
0,1,0.000727532678704946
0,1,0.00076034449838445
0,5,0.000688158577992136
0,5,0.000779324823132434
0,10,0.000704003981463588
0,10,0.000795956714851465
0,20,0.000762898224847563
0,20,0.000822929350181773
0,50,0.000712326579805036
0,50,0.000750854423295118
0,50,0.000769020552676764
0,50,0.000778248801875944
