t,input_stattic,nSOCS3RNA3_Obs
20,0,0.0668477329298933
20,20,0.0262428157086203
20,40,0.0126770375315554
20,50,0.00987012817808495
20,60,0.0124214375171905
