t,insulin_dose_1,IR_Obs
12,0,9.51370163582984
12,0.01,9.88829499100382
12,0.1,9.10258905741599
12,0.3,7.46499656555559
12,1,5.03893023410948
12,10,0.679401984570495
12,100,0.132438771643226
