t,insulin_dose_1,IR_Obs,XX_Obs,Compound_2_Obs
15,0,9.22118628306825,10.6708969159676,-0.0560458592928997
15,0.01,9.83544146850282,9.95705148669945,-0.152012329597572
15,0.1,10.1756890281591,9.18208400830907,0.560298240498913
15,0.3,8.16756223742538,10.2048166598281,0.700373221495528
15,1,5.24730024060801,9.33765428422152,1.73163216577226
15,10,0.938052071801333,8.05178463116325,3.85010850643454
15,100,0.832949781202409,9.39646217828668,4.78218962666599
