t,CISHnRNA3_Obs,CISHRNA_Obs
0,0.000108094644141495,7.62609198868464e-05
7.5,NaN,7.587748846531e-05
8.5,8.50397134034978e-05,NaN
15,7.72721331113342e-05,9.71760020988597e-05
25,5.33450975817454e-05,6.56007773284063e-05
35,1.98199784776898e-05,6.27435673541976e-05
45,NaN,3.50781001076363e-05
50,3.42004884418605e-06,NaN
55,NaN,4.85311979856221e-05
65,-9.60724281964522e-07,NaN
70,NaN,-1.57007423035121e-05
