t,epo_level,CISHnRNA3_Obs
160,2.5e-09,0.00337350262648996
160,2.5e-09,0.00409512896423692
160,2.5e-09,0.00423577653519461
160,2.5e-08,0.0178474447052564
160,2.5e-08,0.0223317394362265
160,2.5e-08,0.0243197873704396
160,1.25e-07,0.0342214931290744
160,1.25e-07,0.0368097491579277
160,1.25e-07,0.0393413036088768
160,2.5e-07,0.0471847188519689
160,2.5e-07,0.0491682278207738
160,2.5e-07,0.0494566079776045
160,2.5e-06,0.0817599169751506
160,2.5e-06,0.0840190486831256
160,2.5e-06,0.0843826097593255
