t,epo_level,CISHRNA_Obs
97,2.5e-09,0.119081054365782
97,2.5e-09,0.0978292040511573
97,2.5e-09,0.0691177281772875
97,2.5e-08,0.144186337308902
97,2.5e-08,0.178881622471141
97,2.5e-08,0.158885360015487
97,1.25e-07,0.13395145627857
97,1.25e-07,0.129015632844314
97,1.25e-07,0.125475458634876
97,2.5e-07,0.0589381762659598
97,2.5e-07,0.0624838358803109
97,2.5e-07,0.0764021093781306
97,2.5e-06,0.0108400282636146
97,2.5e-06,-0.0459627194359606
97,2.5e-06,0.00869952551086501
