t,epo_level,CISHRNA_Obs
13,0,4.21778960846601e-05
13,1.3333e-08,4.41086311248059e-05
13,4e-08,3.94234472142798e-05
13,1.3333e-07,3.62628703272454e-05
13,4e-07,4.25262920383222e-05
13,1.3333e-06,4.41862363621373e-05
13,1.3333e-05,4.16923564927088e-05
13,0.00013333,4.91583169975095e-05
13,0.00066667,4.21453637029542e-05
