t,CISHnRNA3_Obs,SOCS3nRNA3_Obs
0,0.000100566310464844,0.00052861678579442
4.5,NaN,-9.08038510787226e-05
8,8.07857160403933e-05,NaN
9.5,NaN,-8.79867056962625e-05
15,5.93810036565799e-05,-9.61827238307275e-05
20,NaN,-9.64423801008418e-05
25,2.87781115641868e-05,NaN
30,NaN,-9.25772718588071e-05
35,2.17400049624173e-05,NaN
45,-4.61341781480663e-06,NaN
55,-7.93604565605847e-06,NaN
70,-2.15953333331878e-05,NaN
90,-5.97420206318006e-06,NaN
100,-1.94669799006973e-05,NaN
