t,EpoRpJAK2_Obs,Compound_1_Obs
0,-0.00192703661099291,98.8920579876634
10,0.0585157588081734,21.8043667414052
20,0.0789937367253879,NaN
25,NaN,-1.08374127437829
35,0.0714886004432313,25.079234781364
45,0.0782717984387925,45.1208667287377
60,0.0681430799130379,58.1787202566805
75,0.0720909261177926,67.1288496467442
95,0.062801715568141,84.0616773363159
100,0.0750801000364684,86.2823142022922
150,0.0652925690280858,95.326432127549
200,NaN,85.2627228736112
250,NaN,93.3560330209082
