t,epo_level,EpoRJAK2_Obs
40,0,2.15762248765953
40,1.3333e-08,0.0294976553840439
40,4e-08,-0.00613247810416835
40,1.3333e-07,0.457081426729935
40,4e-07,0.840057325991257
40,1.3333e-06,1.51745521905885
40,1.3333e-05,1.75160658173396
40,0.00013333,1.46888278763938
40,0.00066667,1.8017885082679
