t,epo_level,Compound_1_Obs
15,6.6667e-07,7.02051720639944
15,6.6667e-07,7.26293860178116
15,1.3333e-06,7.65896570643414
15,1.3333e-06,9.80263567614296
15,2.6667e-06,5.97275317358899
15,2.6667e-06,6.07055610751857
15,5.3333e-06,10.1591554512764
15,5.3333e-06,11.4590195114013
15,1.0667e-05,7.61855414715851
15,1.0667e-05,7.90769189472549
15,2.1333e-05,1.59402449089382
15,2.1333e-05,6.73245536709514
15,4.2667e-05,4.11913062817829
15,4.2667e-05,8.63648604539581
