t,epo_level,EpoRpJAK2_Obs
6,0,0.00751215532190917
6,1.4286e-07,0.026291276126931
6,1.4286e-06,0.0903160972341003
6,0.00014286,0.0782621104292043
