t,epo_level,EpoRpJAK2_Obs
10,6.6667e-07,0.00687619547882227
10,6.6667e-07,0.00603367605596109
10,1.3333e-06,0.00604959214479606
10,1.3333e-06,0.00513680137846262
10,2.6667e-06,0.0066045239757006
10,2.6667e-06,0.0066032220546688
10,5.3333e-06,0.0082372212825648
10,5.3333e-06,0.00799153860787953
10,1.0667e-05,0.00764288302688391
10,1.0667e-05,0.00830196831597719
10,2.1333e-05,0.0087291039522427
10,2.1333e-05,0.00854739786280957
10,4.2667e-05,0.00403286957704857
10,4.2667e-05,0.00393805315565388
