t,epo_level,EpoRpJAK2_Obs
13,0,0.000276342792819398
13,1.3333e-08,-0.00674443766004739
13,4e-08,-0.00469920044452757
13,1.3333e-07,0.00430100593726765
13,4e-07,0.0147032299599758
13,1.3333e-06,0.0633140656356475
13,1.3333e-05,0.0574316398788467
13,0.00013333,0.22756088411395
13,0.00066667,0.301577963047176
