t,epo_level,Compound_1_Obs
5,2.5e-09,-2.33684684113394
5,2.5e-09,0.0406001650994692
5,2.5e-09,-3.6313789604525
5,2.5e-08,-2.03927103429786
5,2.5e-08,0.485510950807418
5,2.5e-08,5.23103658746012
5,2.5e-07,30.9571974401591
5,2.5e-07,28.5926002887107
5,2.5e-07,29.3972141955777
5,2.5e-06,94.0367391043981
5,2.5e-06,95.9954209130097
5,2.5e-06,99.1984588034972
5,2.5e-05,99.6914716802234
5,2.5e-05,101.934609570787
5,2.5e-05,94.9586263477137
