t,epo_level,EpoRJAK2_Obs
14,0,0.139477099041101
14,0,0.142697697287906
14,0.00014286,-0.0225005973155619
14,0.00014286,0.00535631248267167
