t,bcar_Obs,bio_Obs
0,5.01853233102364,0.0212297519930676
20,4.42734617163918,2.04143430532593
40,NaN,4.61216952300464
45,4.11221036214773,NaN
60,NaN,9.09443366158934
70,1.55466918353299,NaN
85,NaN,5.32558019593411
100,0.889177828989513,9.1094343616519
150,0.184970181053832,13.4423570078618
200,0.143595742684628,9.98415172925068
250,0.019075619951035,17.0421572952135
300,0.00602417400981467,7.64632563890469
350,NaN,11.0385033343988
400,0.000864915364380874,NaN
450,NaN,13.7535208874781
