t,init_TGFb,Compound_5_Obs,Compound_8_Obs,Compound_9_Obs
89,0,409.878426963656,1.38237925535759,1.59053469004403
89,0,481.8747363838,0.55772348807754,1.61409216016014
89,0.1,117.103645215626,3.396613163081,1.8300655398663
89,0.1,189.427081480433,2.68294622622875,3.64425950966213
89,1,299.611337261555,2.02834626061253,5.1266900466174
89,1,147.119524785046,4.83512345855355,5.8918695012414
