t,Compound_1_Obs,Compound_5_Obs,Compound_9_Obs
0,2.15061367121628,658.231384719289,1.24323122757982
10,2.03577961133143,449.278110671351,0.993285820062559
25,2.58102963504577,749.769680174607,2.59087271601824
35,1.9382778072553,105.074846994703,NaN
40,NaN,NaN,1.92698523461349
50,4.20082912532096,135.310382851866,NaN
55,NaN,NaN,1.49196248077159
65,1.45519564931777,204.268734953439,NaN
70,NaN,NaN,2.26981173812445
85,2.45871431627284,370.172659391424,NaN
90,NaN,NaN,1.55768508272803
