t,EarlyEffector_Obs,Memory_Obs
0,-279.64947895251,-1310.40465132553
3.5,381.789453271757,NaN
4,NaN,-279.808280270829
7,41689.7645031064,NaN
8,NaN,248.604933273179
10,8409.81388350034,3338.69751527732
15,-648.962996849048,7513.86627685384
20,-440.265519481761,NaN
25,-150.403739410478,10817.8239361816
30,340.584119345132,12195.077540719
35,NaN,13041.2986955943
40,-404.663168747572,NaN
45,-452.280417718364,12617.1429289803
55,-83.4791600151068,15635.0118681925
70,581.059701876806,14697.0842382886
