t,Rec_i_Obs,Rec_Obs
0,208.715546368192,1.30698447716828
4,218.518259115142,0.536253918134898
8,209.97881644011,0.442569821487239
10,204.120840407542,NaN
15,209.646081825629,0.465782611008999
20,NaN,0.422749914463221
25,212.996195110842,0.40402906900001
30,233.730764477254,NaN
35,NaN,0.504605466875908
