t,p_IL13_Rec_Obs,Compound_1_Obs
0,0,463.277920968833
10,0.312059194717796,554.069246146636
25,0.234140389432139,219.774447431871
35,0.18115616474232,709.413059846801
50,0.157393812025395,689.343547589754
65,0.384464790731118,778.550201384678
80,0.256736248862038,NaN
85,NaN,401.919870630166
100,0.24688295617901,544.443340130487
150,0.442404330422773,982.988757538605
200,0.274867803775818,874.740929297131
250,0.368520630344195,1064.73083122103
300,0.321112778916165,1034.68948843471
