t,fourABnOH_time,RIIp_2_Obs
55,0,0.196477637043806
55,30,0.326247263636732
55,45,0.215042452498304
55,55,0.159772508336742
55,59,0.229605299593271
55,60,0.374372196712804
