t,Rp8_pCPT_cAMPS_pAB_level,Compound_2_Obs
23,0,1.45299388895719
23,0.016,1.14921177080516
23,0.08,0.550752938231958
23,0.4,1.23532766199082
23,2,1.49152211301805
23,10,1.47556107912119
23,50,1.02181686549975
