t,Compound_1_Obs,Compound_2_Obs
0,0.879296540118939,5.14405488427887
3,NaN,20.6008073615499
3.5,0.460467260764889,NaN
6,NaN,12.4198514996387
7.5,0.664877200208937,NaN
9.5,NaN,11.1032666716683
10,0.377982796558121,NaN
15,0.224175643692234,12.4270459106554
20,NaN,15.9216220258175
25,0.346514539077449,22.0104448895247
30,0.253471381161187,21.900221120919
