t,Rp8_pCPT_cAMPS_pAB_level,Compound_2_Obs
69,0,21.7422505120061
69,0.016,15.1378011466886
69,0.08,20.5284704915849
69,0.4,15.4765936237254
69,2,17.0136183427527
69,10,14.4971073197574
69,50,8.67284509960062
