t,STAT3_Obs,SOCS3RNA_Obs
0,40.4803155635021,0.00170976986602307
5.5,NaN,0.00149062991859836
6,40.5959943797803,NaN
10,42.2351316328123,0.00170764098876305
15,NaN,0.00155139578645969
20,46.6416200949694,NaN
25,39.7195068289652,0.0015020145277923
30,NaN,0.00159389907557626
35,46.0990586943608,NaN
40,NaN,0.00186278555582139
45,43.3821372607664,NaN
50,NaN,0.00161801548403898
55,47.964806211015,NaN
60,NaN,0.00190329216436837
70,46.9885728924982,NaN
75,NaN,0.00160924962586568
85,43.4194117762742,NaN
