t,tpSTAT3_Obs,nSOCS3RNA4_Obs
0,0.58144527324311,0.0915476176531847
5.5,NaN,-0.0632032739985916
10,6.78953609012893,0.443625979682465
20,1.54611580115821,11.9904934842636
25,NaN,13.9577956517234
35,-0.00849257604357584,6.04467228464259
40,NaN,2.74127666827559
50,0.0837023306497555,0.357474212007081
65,-0.0391178037496045,-0.0139399017584444
80,-0.0954763318629716,-0.176829739461358
100,0.120607043154138,NaN
