t,tpSTAT3_Obs,nSOCS3RNA4_Obs
0,0.654589021718918,-0.205713622999065
7,NaN,0.0448681359779564
10,7.98213915157248,NaN
15,NaN,7.5337472890037
20,NaN,17.5249271160739
25,0.195526104733853,NaN
30,NaN,13.8714553876478
35,-0.125959940412918,NaN
40,NaN,3.74013651309636
50,-0.030715387438482,0.3422533528411
65,NaN,0.013924634812551
70,-0.112773177030514,NaN
80,NaN,-0.179966065834395
90,0.120579995683198,NaN
100,0.201788386151251,NaN
