t,input_stattic,STAT3_Obs
0,0,44.5778817161605
0,0,48.7127224520285
0,1,35.5207949533923
0,1,37.6772740301422
0,5,39.5081441642308
0,5,44.8295516248756
0,10,39.2707509349302
0,10,49.0569058834319
0,20,40.478117801644
0,20,43.439789716228
0,50,41.3347246285928
0,50,47.0364120092016
