t,tpSTAT3_Obs,nSOCS3RNA4_Obs
0,0.43876439013775,0.0425249945723651
10,1.84158886186912,0.0829483479039138
20,NaN,0.554887279890747
25,1.62643125721449,NaN
35,NaN,1.05240860700937
40,0.0642169921172145,NaN
50,0.0781477050069264,0.176010945421613
65,NaN,0.00385562087791699
70,0.196582228973181,NaN
80,NaN,0.0295649434927291
85,0.554012919064924,NaN
100,1.30355287108379,0.102772529020415
150,0.681879400144233,0.0281587918736559
200,0.447139340519833,NaN
