t,input_ruxolitinib,nSOCS3RNA4_Obs
29,0,15.5010659744154
29,10,14.1160361624826
29,50,11.0880738603627
29,50,12.288275498747
29,100,9.5395459785815
29,200,6.63431109035458
29,200,7.2684821483143
29,200,7.31858653994421
29,200,8.0203391532045
29,400,4.39098666136006
29,500,2.41508354653675
29,600,2.80287514144849
29,800,1.58403781392055
29,1000,0.982131642455686
29,2000,-0.279254733560212
29,5000,0.473497636527931
29,5000,0.495952721569416
