t,tpSTAT3_Obs,nSOCS3RNA4_Obs
0,0.44218874049185,-0.807364573845883
9.5,11.6418486683064,NaN
10,NaN,0.142497708132496
20,14.5662178327964,-0.196299820461467
30,15.0339702223066,0.306294066947788
40,2.24023114895611,60.680614701819
55,0.776126994438286,41.2532720442471
70,NaN,4.0973661358194
75,0.376816392905556,NaN
85,NaN,1.48963336262942
95,-0.00512698480346525,NaN
100,0.119073098101389,-0.547196591798571
150,NaN,1.04827496712019
