t,tpSTAT3_Obs,nSOCS3RNA4_Obs
0,0.499644403257019,-0.342663778348325
9.5,11.3799758025568,NaN
15,NaN,21.7753506430527
20,0.398517021693204,NaN
30,-0.167254436869193,NaN
35,NaN,12.3821679481345
45,0.0601414517568501,NaN
55,NaN,0.445881124554542
60,-0.0345345226749707,NaN
75,-0.0833602615728827,-0.0809343466784358
95,-0.131352377729101,0.538386164071973
100,NaN,-0.114080407824127
150,NaN,0.084694714124786
200,NaN,0.829880888858931
250,NaN,-0.424618256429392
350,NaN,-0.0966780449718252
