t,input_stattic,SOCS3RNA_Obs
27,0,1.11774513860169
27,20,0.181808832818633
27,40,0.0580484204973432
27,50,0.0620636488441609
27,60,0.0134142987160986
