t,epo_level,npSTAT5_Obs
10,6.6667e-07,0.0134293740085887
10,6.6667e-07,0.0141015523856294
10,1.3333e-06,0.00351641256387556
10,1.3333e-06,0.0039875269713383
10,2.6667e-06,0.0147422302740725
10,2.6667e-06,0.0136944566207998
10,5.3333e-06,0.00665056875959932
10,5.3333e-06,0.00864237494382412
10,1.0667e-05,0.0150037359532278
10,1.0667e-05,0.0150707857864136
10,2.1333e-05,0.0105723030660172
10,2.1333e-05,0.0104412327193161
10,4.2667e-05,0.00143471848847003
10,4.2667e-05,0.0008537844703462
