t,epo_level,SOCS3nRNA3_Obs
12,0,0.00110520783079018
12,1.3333e-08,0.00110625353804908
12,4e-08,0.00117169340395575
12,1.3333e-07,0.00116166824589644
12,4e-07,0.00113473574645824
12,1.3333e-06,0.000996016412368193
12,1.3333e-05,0.00107719669115355
12,0.00013333,0.00111340855407827
12,0.00066667,0.00116259647354634
