t,CISHnRNA2_Obs,SOCS3nRNA2_Obs
0,-0.692671926028767,0.946650977757287
3,-0.785834885909009,NaN
4,NaN,-0.255256323187994
6,0.156551479028569,NaN
8.5,NaN,-0.260757381521423
9,0.785780280785266,NaN
15,-0.35957263492808,-1.71380904272367
20,-0.428608997461507,0.336593602003608
25,-0.777262775648329,0.632927967359251
30,1.25892224688658,-0.137636030688913
35,-1.51988708050365,NaN
45,0.424634492084778,NaN
55,1.83692968275214,NaN
