t,epo_level,npSTAT5_Obs
75,2.5e-09,1.88261113134346
75,2.5e-09,1.88281394777618
75,2.5e-09,1.8828164039755
75,2.5e-08,4.20652066547728
75,2.5e-08,4.20659909630233
75,2.5e-08,4.2066636054592
75,1.25e-07,6.09829889713202
75,1.25e-07,6.0984226489002
75,1.25e-07,6.09853112702376
75,2.5e-07,6.87491228075543
75,2.5e-07,6.87496113672962
75,2.5e-07,6.87516773130203
75,2.5e-06,8.30085745721832
75,2.5e-06,8.30107915194388
75,2.5e-06,8.30117852737174
