t,CISHnRNA2_Obs,SOCS3nRNA2_Obs
0,0.000154640841549418,0.000105906735237991
15,2.11308364609487e-05,0.000385296795978229
25,0.000232606100168268,0.00165663937364116
40,0.000189296213622464,0.00182048808451479
55,0.000182127945345497,0.00228494882399139
75,8.39003394962229e-05,0.00193711804797969
90,-1.05478383078429e-05,NaN
100,0.000126645305268994,0.00271603428109406
