t,CISHnRNA2_Obs,SOCS3nRNA2_Obs
0,0.000192306337894837,-0.000281703262818649
20,NaN,-5.708997581319e-05
40,NaN,0.00102780248710281
60,NaN,-0.000197515711534607
70,0.000397970191754983,NaN
80,NaN,0.000651040450217915
100,NaN,0.00144240131979332
150,0.000644907778097292,0.00233879733280357
200,0.001262413705405,0.00306757030248605
250,NaN,0.002920901150576
300,0.000358288927736615,NaN
400,-0.000347973542582937,NaN
550,0.000705308428946412,NaN
