t,epo_level,CISHnRNA2_Obs
35,6.6667e-07,-0.187133357689077
35,6.6667e-07,2.88226318454999
35,1.3333e-06,0.393809813799781
35,1.3333e-06,1.79625635024677
35,2.6667e-06,0.289996602844969
35,2.6667e-06,1.24129517509809
35,5.3333e-06,-2.15365958511792
35,5.3333e-06,2.71653572497023
35,1.0667e-05,-1.51092520225149
35,1.0667e-05,-0.641494516175039
35,2.1333e-05,-1.77522656515571
35,2.1333e-05,0.409839399540995
35,4.2667e-05,-0.308011979825089
35,4.2667e-05,0.627594419446613
