t,epo_level,EpoRJAK2_Obs
7,2.5e-09,4.77498793076414
7,2.5e-09,5.69690347024024
7,2.5e-09,6.08380337219997
7,2.5e-08,1.68477015152141
7,2.5e-08,4.5318189305491
7,2.5e-08,6.85349226535087
7,2.5e-07,-5.00014737272417
7,2.5e-07,-0.205155573665057
7,2.5e-07,1.27648576243291
7,2.5e-06,-1.75841823674399
7,2.5e-06,-1.72915007109429
7,2.5e-06,3.0861666903231
7,2.5e-05,-2.92795339329674
7,2.5e-05,1.91525192711796
7,2.5e-05,6.1666884073058
