t,epo_level,STAT5_Obs
14,0,2.39905785313862
14,1.3333e-08,2.39759630478796
14,4e-08,2.39191292388219
14,1.3333e-07,2.34415425939393
14,4e-07,2.07258943718949
14,1.3333e-06,1.08906676829809
14,1.3333e-05,0.286042367373424
14,0.00013333,0.268743169867495
14,0.00066667,0.26639831462184
