t,ohbio_Obs,Compound_1_Obs
0,0,4.39981825367275
20,0.125899618253925,NaN
25,NaN,6.85853197524421
45,0.0964596964158511,3.86174136805729
65,0.212444285617566,NaN
70,NaN,6.70430320399199
90,0.272360103441338,NaN
100,0.615802475455637,7.22678091609025
150,0.495808370811603,6.30631315752552
200,0.561002439355087,6.48123532973832
250,0.746362918694764,6.29640842306628
300,1.13917312931676,NaN
350,1.17199105497849,8.87404521298342
450,1.81070883849381,7.06038609697614
