timepoint,Compound_1_Obs
0,3.29944209154842
400,18.2338815463979
800,24.6166486804875
1500,2.43879188681601
2000,12.6701852130026
3000,11.5234804144545
3500,6.20373265923552
4000,16.4383303990071
5000,6.3682548101088
6000,5.08052069212084
7000,8.75372922517563
8500,16.7546109864748
