timepoint,Compound_1_Obs
0,16.799254224864
450,28.5005940592956
950,10.2064666252617
1500,5.64017965160353
2000,6.83720076731801
2500,15.529397898126
3500,3.66165007384723
4500,5.12557610252225
5500,3.28702176966916
7000,0.997782825532003
8500,2.19002104161084
