timepoint,Compound_1_Obs
0,2.11136301490232
450,11.2657779666417
900,3.31051101456362
1500,14.0524453881849
2000,6.26917771932158
2500,21.5957634055215
3500,3.66045981780646
4500,1.08944435361935
5500,1.83620319824508
7000,4.7508658827693
8500,2.40313122509197
