timepoint,Compound_1_Obs
0,9.38276326841679
450,9.64318477458544
850,5.78924541501216
1500,1.52030672277681
2000,4.64035271170079
2500,11.5181986627989
3000,5.10620893347506
4000,8.79749140590007
4500,21.8913258348453
6000,6.15417063701237
7000,10.0622298163362
8500,6.19360302946312
