t,input_il6,JAK1_gp130_Obs,pJAK1_pgp130_Obs,SOCS3_Obs
10,0.1,0.227823774324204,0.00165033166357819,0.0353764643608361
10,1,0.230043459673621,0.0042133676285985,0.0414753390612156
10,5,0.395211015107043,0.00980605887142413,0.0551303156278301
10,10,0.172214094676938,0.0128201499343447,0.0309304472718709
10,50,0.211414901654755,0.0717785099124318,0.0613499855828128
10,100,0.139430561146184,0.161788337157954,0.0686695222726255
10,500,0.0380559194408523,0.242235452403354,0.793151852716688
