t,input_stattic,JAK1_gp130_Obs,pJAK1_pgp130_Obs,SOCS3_Obs
11,0,0.241761589900446,0.0894035781676439,0.409742712980907
11,20,0.209512935713244,0.0785415093419035,0.0747306577775142
11,40,0.293937588341438,0.0519029635376826,0.0609154699588658
11,50,0.192928413118609,0.0734041854082935,0.0423165873935227
11,60,0.236402045853454,0.0454412922006957,0.0416688480277864
11,60,0.242629419819294,0.101891511963922,0.0398472635004181
11,60,0.25649759472137,0.0543587093504558,0.0615400131225818
11,60,0.276478820259834,0.064128370098275,0.0354698404410423
