t,IL13_Rec_Obs,DecoyR_Obs
0,6.19160622857433e-07,1.48614991356086
4,NaN,0.115038690637359
8,NaN,0.0137230011730268
15,NaN,8.72268608478777e-06
20,0.000304640936437739,7.09927748230108e-06
25,NaN,3.87992822379144e-07
30,NaN,7.59928630395295e-09
35,2.43785915118261e-05,NaN
55,1.98126636654443e-05,NaN
75,7.08371813127694e-05,NaN
100,0.000341086868959432,NaN
150,0.000742550684416688,NaN
200,0.000335318148600619,NaN
250,0.000166322927107405,NaN
300,0.000351595183358549,NaN
