t,input_il6,nSOCS3RNA5_Obs,Compound_1_Obs
97,0,6.56016791986144e-05,61.1172346504377
97,0.0005,-3.10205770865446e-05,70.2079137503838
97,0.005,0.000354995162078454,62.7247408026116
97,0.05,-0.00014703578214415,66.9367517205431
97,0.5,0.000336236185668043,57.5550239754015
97,5,0.00125596860903263,67.4516927425126
97,50,0.00415440722183243,80.9001548212039
97,100,0.00493223170131565,92.5140956061207
97,200,0.00525313062781893,98.0682095728062
97,500,0.0057814962218971,100.810304693884
