t,tpSTAT3_Obs,Compound_2_Obs
0,0.503446374048489,1.06741319569323
20,2.44567584999596,3.19920242482088
35,2.75095081326556,3.49880128072726
55,2.38978320151504,3.43957683359853
75,2.58078295931969,3.4333064417134
100,2.45654348662128,2.8860057399111
150,2.44097589453459,3.52527483765798
200,2.55317331876603,2.90663555768849
250,2.85700226544231,2.82083042376674
300,2.51432134688043,3.44724394600413
350,NaN,3.1978678485411
400,2.17564304656775,NaN
