t,input_stattic,tpSTAT3_Obs,Compound_2_Obs
12,0,7.89379044081503,8.83160648913999
12,20,3.01771750688912,4.61170853454867
12,40,2.16798663078405,3.15058364392718
12,50,1.85123977855231,3.04160510491785
12,60,1.62504538931359,3.0385633256346
