t,input_stattic,tpSTAT3_Obs,Compound_2_Obs
12,20,3.6950173941219,4.2074536904623
12,25,3.0331765715283,3.7866247312207
12,30,2.98781410799251,3.81531702411535
12,40,2.15205965768743,2.51748662233432
12,50,1.93411478626603,2.79215898230915
12,60,1.8988987070654,2.37070946749313
