t,Rec_Obs,Rec_i_Obs
0,1.30199163225709,216.147758883501
6,1.05187587685387,155.41920891485
10,NaN,190.295332681712
15,1.10221279836569,NaN
20,0.86929799363761,198.265270314581
25,NaN,215.276615974849
30,1.27452057781888,NaN
35,NaN,146.843983488823
40,1.0349874942129,NaN
45,NaN,173.460992341923
50,1.18242658665476,NaN
60,NaN,204.823573990258
65,1.11798179170903,NaN
75,NaN,227.444172181784
80,0.619964593293943,NaN
