t,Rec1_Obs,InsulinFragments_Obs
0,41.3576320073992,0.00035660447594335
10,43.1319163466561,0.0221682293596634
25,77.4968027462117,0.248919013824623
35,89.4057192217007,0.16463611490027
50,97.8953731299012,0.132922102016359
65,154.362046557978,0.306672460077592
80,45.988677715859,0.306923183324015
100,22.9238315590396,0.679626055625945
150,210.084357500946,1.38933969666376
200,188.638457273528,0.342684495743368
