t,epo_level,pEpoRpJAK2_Obs
18,0,9.15177867327744e-05
18,0,0.000127620034031218
18,0.00014286,0.0503310092781355
18,0.00014286,0.0668235123558546
