t,epo_level,pEpoRpJAK2_Obs
7,2.5e-09,0.0363893688767625
7,2.5e-09,0.0380214939535809
7,2.5e-09,0.0403000781624033
7,2.5e-08,0.236355101916928
7,2.5e-08,0.240958394634211
7,2.5e-08,0.247017263453433
7,2.5e-07,0.377918378981281
7,2.5e-07,0.50313003535809
7,2.5e-07,0.509850245895023
7,2.5e-06,0.700257541378656
7,2.5e-06,0.793883318493948
7,2.5e-06,0.866256962790827
7,2.5e-05,0.727927332033774
7,2.5e-05,0.927802845840078
7,2.5e-05,1.03786715229905
