t,epo_level,SOCS3nRNA5_Obs
88,2.5e-09,0.0392418669830056
88,2.5e-09,0.0511953242633211
88,2.5e-09,0.0534726780729882
88,2.5e-08,0.0577606271044844
88,2.5e-08,0.0515178249615857
88,2.5e-08,0.0602346272686325
88,1.25e-07,0.0437490684977278
88,1.25e-07,0.0340188142062544
88,1.25e-07,0.0492530644283464
88,2.5e-07,0.0255252682152432
88,2.5e-07,0.0216802823016918
88,2.5e-07,0.0273863576930569
88,2.5e-06,0.0193444014869544
88,2.5e-06,0.0238852969620799
88,2.5e-06,0.0127477399204186
