t,epo_level,SOCS3nRNA5_Obs
33,0,0.00163808141700486
33,1.3333e-08,0.00210413633723295
33,4e-08,0.00139103317544842
33,1.3333e-07,0.00119783554723261
33,4e-07,0.00151368541468092
33,1.3333e-06,0.00179711976452048
33,1.3333e-05,0.00172407161081181
33,0.00013333,0.00165076267556432
33,0.00066667,0.00168530124507578
