t,epo_level,SOCS3nRNA5_Obs
55,2.5e-09,0.0130988054012438
55,2.5e-09,0.0177827782090297
55,2.5e-09,0.0231536897126983
55,2.5e-08,0.0298122734638537
55,2.5e-08,0.0410195453894859
55,2.5e-08,0.0422098086040276
55,1.25e-07,0.0581397791422189
55,1.25e-07,0.0679121112263861
55,1.25e-07,0.078888533505205
55,2.5e-07,0.0901208372501839
55,2.5e-07,0.0995420519120682
55,2.5e-07,0.107813613608443
55,2.5e-06,0.10096307315729
55,2.5e-06,0.109457351208565
55,2.5e-06,0.142237559924086
