t,input_ruxolitinib,Compound_2_Obs
16,0,52.1991823113407
16,10,60.0173961258336
16,50,53.7844805034066
16,100,47.7671539338288
16,200,50.9916817648463
16,400,45.1170630728521
16,500,45.2843558999413
16,500,48.8928528261298
16,600,48.4622628311261
16,800,41.5412650768615
16,1000,48.8363838053699
16,2000,46.6991581713179
16,5000,44.4977626415409
