t,input_il6,Compound_2_Obs
33,0.1,42.2829322696382
33,1,40.9604125511863
33,5,55.1452579049234
33,10,60.3390926556891
33,50,51.0678757139556
33,100,58.1546165137763
33,500,62.2027640393327
