t,input_il6,nSOCS3RNA4_Obs
42,0,-0.0124898633900756
42,0.0005,-0.0231595542487901
42,0.005,-0.00320892470735442
42,0.05,0.0287828451803087
42,0.5,0.0193620198096047
42,5,0.0213880326072092
42,50,0.426958621369741
42,100,0.582045152767592
42,200,0.657017230629619
42,500,0.740007702833091
