t,input_stattic,Compound_2_Obs
28,0,74.3233419885945
28,20,57.9180753974564
28,40,53.0345375454967
28,50,48.9513188089163
28,60,56.2092801058117
