t,input_il6,nSOCS3RNA3_Obs
22,0,-0.352891365173968
22,0,-0.0630721534802376
22,5,-0.0290796703796326
22,5,0.148388765734844
22,10,0.479724912120769
22,10,0.684208119594029
22,20,1.48491797428625
22,20,2.17032667808862
22,40,3.64446717570352
22,40,4.17896885317292
22,80,7.09473605028374
22,80,7.17958909519906
22,120,9.0688488224789
22,120,9.24470029048543
