t,Compound_1_Obs,Compound_3_Obs
0,10.8373311201921,20.0962445496851
5,7.01908892504202,NaN
10,8.7521554781886,34.9762167889386
15,6.46502615661213,NaN
25,8.16104256952014,33.9946538567943
30,9.83687970006503,NaN
40,8.96062394475254,28.0915558031496
45,7.25767767050697,NaN
55,NaN,40.2980695925897
60,7.89858590651161,NaN
70,10.7520476807665,50.0071271972915
85,13.6468929412835,NaN
90,NaN,30.9755331912948
100,NaN,43.8025303135221
150,NaN,23.3327162651905
200,NaN,44.6454175043989
