t,Compound_1_Obs,Compound_3_Obs
0,0,23.7342239193814
5.5,NaN,38.5282545288333
6,0,NaN
10,NaN,33.2455578729362
15,0,NaN
20,0,53.0246893317599
25,NaN,39.9643577805179
30,0,NaN
35,NaN,21.9784144761573
40,0,NaN
