t,Rp_cAMPS_pAB_time,cAMP_Obs,RII_C_2_Obs,pAC_Obs
110,0,33.3096471538316,0.525751013883878,-0.0129294662190312
110,30,35.222543707608,0.518266411696804,0.00461851070038132
110,45,72.794327584812,0.652251704325199,-0.252967658783551
110,55,57.1322326209132,0.637942853602563,-0.063084945602623
110,59,45.291809536086,0.395132017367152,0.0126679526215282
110,60,47.0735849935195,0.444132134014826,0.0456282566635647
