t,Rp8_pCPT_cAMPS_pAB_time,AC_Fsk_Obs,RII_C_2_Obs,Csub_Obs
70,0,0.0480016206006694,0.484104087198042,0.173081683690523
70,30,0.239957408283671,0.602778902686396,0.0815712132153002
70,45,0.238913017200051,0.545016884446935,0.20553533063676
70,55,-0.1682847770484,0.679282222041724,0.227255337363272
70,59,-0.113045890624415,0.736769487553795,0.137144860131478
70,60,-0.482137533380806,0.695749282576053,0.179031073289
