t,Rp8_pCPT_cAMPS_pAB_time,cAMP_Obs,RII_C_2_Obs,pAC_Fsk_Obs
67,0,37.8317860978811,0.487067185854005,0.320271252502438
67,30,45.5366836652677,0.445153534171488,0.0138322685437398
67,45,53.3748124744131,0.65438090425175,0.0228329502463186
67,55,61.5638783149975,0.540699793133159,0.389354977067807
67,59,46.2779067940962,0.668372360832492,0.152855137384326
67,60,71.3986615682981,0.735997967649028,-0.268351288657356
