t,fourABnOH_time,cAMP_Obs,pAC_Fsk_Obs,pAC_Obs
110,0,43.2694204936299,0.134800794296349,0.352653507264367
110,30,60.3118101873349,-0.487722392213291,-0.209020671864461
110,45,55.1767387280924,0.145533936075693,0.210564080756369
110,55,65.3400004630719,-0.00688160966769516,-0.0192165509669628
110,59,45.0438859809332,0.0170105705845614,0.0703064203124104
110,60,50.5222535912167,-0.123943263292659,0.428349709216865
