t,fourABnOH_time,AC_Fsk_Obs,cAMP_Obs,RII_C_2_Obs
110,0,0.638442404388205,0.18348703541875,0.711688688635499
110,30,0.0306987381407799,0.154972766910165,0.927891301681516
110,45,0.0968048894205976,0.156532726781054,0.722699772325905
110,55,-0.0398996464194238,0.175252178313612,0.545448037544029
110,59,-0.173587635870879,0.115031879549118,0.463629839406559
110,60,0.221589813813258,0.130587928327123,0.427351040345838
