t,insulin_dose_1,IRSiP_Obs
13,0,-0.077383296589518
13,0.01,0.204003013070072
13,0.1,0.748849323128723
13,0.3,1.11997940559002
13,1,1.67767572451719
13,10,2.20898245757738
13,100,2.40879013673524
