t,IPR_O_Obs,IPR_A_Obs
0,6.79527092254453e-06,0
0.2,0.0114641424231545,NaN
0.25,NaN,0.725800714893265
0.45,0.00604249700128795,1.08111968228422
0.7,0.00572089391155941,0.605855190088729
0.95,0.00660404150883032,NaN
1,0.0086551006566108,0.506588498600491
1.5,0.00588363832229419,0.74544655550277
2,0.0112592054122517,0.471516803004957
2.5,0.00349444737625063,0.321518188219351
3,0.00706951361586957,0.456000018048912
3.5,0.00401842972132467,NaN
4,NaN,0.401685046960758
