t,tpSTAT3_Obs,nSOCS3RNA5_Obs
0,1.18311709498501,0.00950321493333747
9,7.99303177953124,NaN
10,NaN,0.0216831089011516
20,3.91168465741198,NaN
25,NaN,0.10610607017978
30,0.965260228796375,NaN
40,0.0709184590021386,0.0630531503629
50,1.16319190363978,NaN
55,NaN,0.00925613407550361
65,0.907601437236478,NaN
75,NaN,0.00341674313274313
80,-1.05311288764512,NaN
95,NaN,0.00759985126883834
100,-0.107465577235018,0.0200054215000887
150,NaN,-0.0017476267913461
