t,input_ruxolitinib,tpSTAT3_Obs
30,0,1.10196935151002
30,10,0.828738912236854
30,50,0.837836246404191
30,100,0.349479088501642
30,200,0.681821687938602
30,400,0.169414103864276
30,500,0.0411791606964577
30,600,0.330866119370424
30,800,0.334607856988679
30,1000,0.127445803389404
30,1000,0.399146050125691
30,2000,-0.177875810685753
30,5000,0.435283002618669
