t,input_il6,SOCS3RNA_Obs
95,0,-0.000165465073422897
95,0.0005,-2.25611109765803e-05
95,0.005,1.91729261987474e-05
95,0.05,2.41262080615128e-05
95,0.5,-1.16791212020523e-05
95,5,0.000119346266117001
95,50,0.000598776384988176
95,100,0.000636070152698545
95,200,0.0007452442782541
95,500,0.000685599886748432
