t,input_il6,tpSTAT3_Obs
17,0,4.29201858081636
17,0,2.81169256889302
17,0,1.12555265869461
17,15,8.05419124376653
17,15,7.53053480229638
17,15,14.6313202775776
17,30,7.41193411960026
17,30,9.52141877980732
17,30,4.83213106343836
17,60,8.33764964701408
17,60,11.1434199449486
17,60,3.33171294423727
17,120,12.5306099814183
17,120,5.16391808279888
17,120,8.35984315359766
