t,epo_level,Compound_6_Obs
160,2.5e-09,48.0962742967867
160,2.5e-09,51.2555687488802
160,2.5e-09,73.1939916750975
160,2.5e-08,161.284854899025
160,2.5e-08,170.518215671136
160,2.5e-08,175.138852218784
160,1.25e-07,289.173104810858
160,1.25e-07,295.488572565855
160,1.25e-07,311.85238911066
160,2.5e-07,376.860889613648
160,2.5e-07,377.539393726091
160,2.5e-07,379.642988816544
160,2.5e-06,740.153044957613
160,2.5e-06,761.401053255863
160,2.5e-06,762.736670340986
