timepoint,Ind_Obs
0,1.14016171466074e-05
450,0.0037822736597928
900,0.00343050838428657
1500,0.00286327139325309
2000,0.00264501674084731
2500,0.00236884897370358
3000,0.00198632133366016
3500,0.00214230992766111
4500,0.00202431236823887
5000,0.00147630505890707
6000,0.00155380863216848
7500,0.00131973721694377
8500,0.00113693565407797
