timepoint,Ind_Obs
0,0.000791001980786464
350,0.00168850010822548
650,0.00253639427165654
1000,0.0148559837242563
1500,0.102592426212908
2000,0.650545135000426
2500,0.719143786229845
3000,0.704389397724539
3500,0.60531419203085
4000,0.390525348142258
5000,0.111768743630982
6000,0.0389969734037508
