timepoint,Ind_Obs
0,1.0899816820679e-05
450,0.00336059531091115
950,0.00292383669732445
1500,0.00273008655082918
2000,0.00272740418151066
2500,0.00288574254178603
3500,0.00186622975103659
4000,0.00161392680808317
5000,0.00177050748728787
6000,0.00136850952596954
7000,0.00139295741960656
8500,0.00113134467265417
