timepoint,Ind_Obs
0,0.00109506093102191
450,0.00855730287840288
900,0.130935562752061
1500,0.544774707633705
2000,0.958401867871584
2500,0.80462109818901
3000,0.637207155017613
4000,0.405910771847001
5000,0.325800412836627
6000,0.201639785292007
7000,0.174986323848078
8500,0.132019390800682
