timepoint,Ind_Obs
0,0.00121073180975783
450,0.0021285950388794
950,0.0424648195554254
1500,0.325788091010849
2000,0.778149009420267
2500,0.815746497443632
3000,0.706978456972639
4000,0.294371889524538
5000,0.145056859193087
6000,0.0487538724519514
7000,0.0210613566046327
8500,0.00980401371743272
