t,input_stattic,nSOCS3RNA4_Obs
0,0,0.0132746563136573
0,0,0.0120993183219796
0,0,0.0102935964865815
0,0,0.0126669495851263
0,1,0.0110597277953098
0,1,0.0149445200912739
0,5,0.0151505080793954
0,5,0.0144934229332611
0,10,0.0165275377927166
0,10,0.0119759927468226
0,20,0.0107290914354866
0,20,0.014100695844865
0,50,0.017200563013133
0,50,0.013581943912334
