t,input_il6,nSOCS3RNA4_Obs
11,0.1,0.0109881089496672
11,0.1,0.0155139206728465
11,1,0.0142274693316089
11,1,0.0135159521340384
11,5,0.017289774274759
11,5,0.0148198500298547
11,10,0.0511438212704056
11,10,0.0344769007549964
11,50,0.013877879980307
11,50,0.0141437709130676
11,100,0.0398594160368143
11,100,0.0260901344613567
11,500,0.170006943490029
11,500,0.123865731619309
