t,input_stattic,nSOCS3RNA4_Obs
16,20,0.0832372025237857
16,25,0.0694642410046137
16,30,0.0643732922198336
16,40,0.0495947656537724
16,50,0.0358844625509275
16,60,0.0324216033972188
