t,input_stattic,nSOCS3RNA4_Obs
11,0,0.0844586323688775
11,20,0.0230046382817096
11,20,0.0231001090621367
11,20,0.0233916700750943
11,20,0.0293824178359738
11,40,0.0212476702004808
11,50,0.0142284746786016
11,50,0.0147790570714861
11,50,0.0157775067588639
11,50,0.0236423029783174
11,60,0.0153013856541888
