t,input_il6,nSOCS3RNA4_Obs
20,0.1,0.00781629820284579
20,1,0.00851956792960041
20,5,0.0123687488819399
20,10,0.0166613410698735
20,50,0.0630136069816079
20,100,0.0733057019935713
20,500,0.265979877475039
