t,fourABnOH_level,Csub_Obs,AC_Fsk_Obs
23,0,0.116451190539618,-0.100354722352842
23,0.016,0.138171856775431,0.0792195256552844
23,0.08,0.148139708657207,0.0714161557012714
23,0.4,0.122030363065078,0.117164421965891
23,2,0.118476168638075,-0.0693149267953623
23,10,0.122948009442983,-0.0565271551851448
23,50,0.137684380359551,-0.0196351048442043
