t,Csub_Obs,RIIp_C_2_Obs
0,0.14247879035692,0.133904818360127
4,NaN,0.130599143290978
4.5,0.141061756972831,NaN
8,NaN,0.143283165465861
9.5,0.141728686762697,NaN
15,0.180193721261554,0.0205711501326147
20,0.199314903378966,0.0151693449391001
25,0.230609304126155,0.0057822013229467
30,NaN,0.0256103918858041
35,0.179258780725344,NaN
45,0.172757147399724,NaN
