t,Rp8_pCPT_cAMPS_pAB_time,Csub_Obs,RIIp_C_2_Obs
66,0,0.0825041848673181,0.0531264792157802
66,30,0.0901667039172533,0.0624465262597025
66,45,0.101038687542469,0.0628793824162514
66,55,0.138144138797928,0.0622142190389087
66,59,0.13630712169831,0.060131418998087
66,60,0.129609435057014,0.0812118246293875
