t,Rp_cAMPS_pAB_level,Csub_Obs,RIIp_C_2_Obs
64,0,0.258326697717589,0.0142288860932982
64,0.016,0.205897048115975,0.0157279515751955
64,0.08,0.258701306779991,0.013056061868321
64,0.4,0.21893936173566,0.0162380393040584
64,2,0.19612346805113,0.0110770894534379
64,10,0.193088617652095,0.0145643521930645
64,50,0.142349963077967,0.0108347848040331
