t,Rp_cAMPS_pAB_time,Csub_Obs,RIIp_C_2_Obs
44,0,0.0776825829696797,0.045584291933025
44,30,0.0985251372909114,0.0336812112992978
44,45,0.123813954761608,0.138994179370603
44,55,0.137043106762534,0.141074454002721
44,59,0.122965310725742,0.15474929130835
44,60,0.132043152557941,0.126900178557357
