t,fourABnOH_level,Csub_Obs,RIIp_C_2_Obs
22,0,0.137093765918379,0.126621448899057
22,0.016,0.139602031136483,0.111968479481368
22,0.08,0.13171434912302,0.154789621505943
22,0.4,0.117613056733954,0.120148416294646
22,2,0.144529936238586,0.144779399141125
22,10,0.122828265422604,0.128162683853482
22,50,0.105661865976996,0.142934453236913
