t,AC_Obs,Csub_Obs
0,0.952244340393045,0.103453755301314
3.5,0.599872625952541,NaN
5.5,NaN,0.190688341979147
7.5,0.495404128304388,NaN
10,0.443881628368286,0.185078911971599
15,0.475956746917775,NaN
20,0.531001464512593,0.204461382688512
25,NaN,0.223866351763232
30,0.467122835772883,0.214595438842188
40,NaN,0.213518068082046
50,NaN,0.241683041463943
