t,Rp8_Br_cAMPS_pAB_time,pAC_Obs
95,0,0.0785102115442078
95,30,0.0085497698784693
95,45,0.00772838047244786
95,55,0.0393313166624506
95,59,-0.0687000231161618
95,60,-0.0326582740971514
