t,Rp8_pCPT_cAMPS_pAB_time,Compound_1_Obs
59,0,0.0668622209601502
59,30,0.0150874964780214
59,45,-0.0808514367513734
59,55,0.0511091830332248
59,59,-0.0755190571666427
59,60,-0.0359124801252105
