t,Rp_cAMPS_pAB_level,Compound_2_Obs
44,0,0.344482789916542
44,0.016,0.329920438192048
44,0.08,0.3324804410177
44,0.4,0.34970172580697
44,2,0.283821169310208
44,10,0.336162291681075
44,50,0.207816442234887
