t,Rp_cAMPS_pAB_time,Compound_1_Obs
98,0,-0.00480123537949466
98,30,0.0266046372517356
98,45,0.0542332731784121
98,55,0.0179920765895733
98,59,-0.0543035379996063
98,60,-0.0137358936127722
