t,Rp8_Br_cAMPS_pAB_level,Compound_1_Obs
59,0,-0.0363750217175709
59,0.016,-0.0187277138554883
59,0.08,-0.118345400607224
59,0.4,0.004730891898656
59,2,0.00452741643432342
59,10,0.0268894782748438
59,50,-0.0299159400844411
