t,Rp8_pCPT_cAMPS_pAB_time,Compound_2_Obs
33,0,0.192646497700243
33,30,0.217021950818283
33,45,0.249706175435235
33,55,0.248490068366671
33,59,0.235758196423123
33,60,0.224525258393475
