t,IPR_I1_Obs,IPR_S_Obs
0,-1.28769918457615e-09,-0.022748330589615
0.2,NaN,0.462558289616415
0.25,6.10445162059026e-08,NaN
0.4,NaN,0.594825095133829
0.45,3.99743555034764e-08,NaN
0.6,NaN,0.718924349157575
0.7,2.64042091516597e-08,NaN
0.85,NaN,0.643834386573847
1,1.36710577977434e-08,0.714129798496453
1.5,6.01617687202537e-09,0.632329759559226
2,-6.14551461689961e-11,0.696500987315363
2.5,2.23545748070637e-09,NaN
3,-2.73014580534165e-11,NaN
3.5,7.07291023811665e-10,NaN
4,1.0267631164221e-09,NaN
