t,IPR_I1_Obs,IPR_S_Obs
0,-7.23146577978083e-10,0.00454616435452032
0.25,NaN,0.054819352207947
0.3,6.90211951555931e-08,NaN
0.55,4.74302488517171e-08,0.0779714781910213
0.85,NaN,0.0886297835595925
0.9,2.22679281802248e-08,NaN
1,1.82597196480905e-08,0.0835503789450593
1.5,9.32065908374202e-09,0.0829168839332781
2,1.34487892905849e-09,0.094006904077965
2.5,6.85240453007067e-10,0.0968668785294236
3,-3.31991091157965e-10,0.0851900334609714
4,1.62689346056751e-09,NaN
4.5,1.88339430422057e-09,NaN
