t,Compound_1_Obs,Compound_2_Obs
0,0.987778867856858,1.05491095465596
0.1,NaN,0.832005839814134
0.15,1.20670769782562,NaN
0.25,1.12747205509756,0.779340303655913
0.35,NaN,0.796418516086184
0.4,1.15734135977818,NaN
0.5,NaN,1.01391253325954
0.55,0.9118358263271,NaN
0.65,NaN,0.789997264784794
0.75,0.928836876713933,NaN
0.8,NaN,0.890764235356607
0.9,0.891186979367565,NaN
1,1.18010669377893,1.04620552082846
1.5,0.731623509168558,0.91257829887978
2,NaN,1.09897724877342
2.5,NaN,1.07610868606442
