t,Compound_1_Obs,Compound_2_Obs
0,1.06599646384978,0.90610701226248
0.15,NaN,1.10907525199819
0.2,0.624801522625628,NaN
0.3,NaN,0.897770929804534
0.4,0.591675658589555,NaN
0.45,NaN,1.00284128899799
0.6,0.487221494915461,1.22452259681461
0.75,NaN,1.09176938176181
0.8,0.301563315120522,NaN
0.95,NaN,0.958934506596138
1,0.496589229985651,1.20792798539493
1.5,0.390877206314235,0.827598700277183
2,0.320143252213593,1.00595605806924
2.5,0.415671820592709,0.933242202355245
3,0.400980058978107,NaN
