t,Compound_1_Obs,Compound_2_Obs
0,0.92882871497355,0.868142147278111
0.15,NaN,0.731330058849112
0.2,1.0432154101981,NaN
0.3,NaN,0.932809131440701
0.4,1.02062322136239,NaN
0.5,NaN,1.00082329663649
0.6,0.786382446912368,NaN
0.65,NaN,0.835869326186857
0.85,0.837634991427663,NaN
0.9,NaN,0.895631515818997
1,0.856460717487761,0.977333518260485
1.5,0.771075676055155,0.829247659375637
2,0.656880688360732,1.09574685854732
2.5,NaN,0.886078999737164
