t,Compound_1_Obs,Compound_2_Obs
0,1.06280461810414,0.936519717235957
0.15,NaN,1.11973271263603
0.2,0.871195125382573,NaN
0.3,NaN,0.903342349522983
0.45,0.792336752451664,0.859290483924189
0.65,0.58370541461026,0.910584247665885
0.85,NaN,1.13979864451259
0.95,0.726532341890107,NaN
1,0.492104299390615,0.822616431040388
1.5,0.648231631406851,0.828395507677803
2,0.503122437727848,1.06962118672072
2.5,NaN,1.00583477107073
3,NaN,0.991178593247522
