t,epo_level,SOCS3nRNA2_Obs
27,0,0.000544930655133335
27,1.3333e-08,0.00320869658098829
27,4e-08,0.00073433041974344
27,1.3333e-07,0.00219687426901845
27,4e-07,0.014410953055511
27,1.3333e-06,0.0293526993301117
27,1.3333e-05,0.016383083982797
27,0.00013333,0.019460515930264
27,0.00066667,0.0183003212655336
