t,epo_level,CISHnRNA5_Obs
14,0,0.000415635806666883
14,0,0.000403469211487343
14,0.00014286,0.000500169649160348
14,0.00014286,0.000468246763889056
