t,CISHnRNA5_Obs,SOCS3nRNA3_Obs
0,0.000294843126047167,0.00126074100830851
45,0.00609017195445894,NaN
55,NaN,0.00309615233515174
90,0.00748606835580406,NaN
100,NaN,0.00271578705082632
150,0.00717126304631903,NaN
200,0.007012808623251,0.00203811692869106
250,0.00600061910547796,0.00152411886187493
350,0.00686591565259694,0.00185384616451445
400,0.00645222395474828,NaN
450,NaN,0.0017067755399151
500,0.00556172180216154,NaN
