t,CISHnRNA5_Obs,SOCS3nRNA3_Obs
0,0.000386918622720385,0.000994903384666865
15,0.000384165569391085,0.000909613434183164
25,0.000411536609549128,0.00108229921377112
45,0.000414228206525529,0.00110767059706258
60,0.000387509982584752,0.00107913554294629
80,0.000424050677305761,0.00106028798679273
100,0.000385978688684895,0.00104362750986339
