t,CISHnRNA5_Obs,SOCS3nRNA3_Obs
0,0.000411920540310384,0.00992824994865279
4.5,NaN,0.00985811871795503
9,NaN,0.00790080434354509
10,0.000449791660868491,NaN
15,NaN,0.00384368365465988
20,0.000359007640260648,0.00163417094580311
25,NaN,0.000742344172093175
30,NaN,0.000649699787313682
35,0.00021228756410974,NaN
40,NaN,-0.00119150788028241
50,7.70011752027804e-05,NaN
65,1.08637707500034e-05,NaN
80,-5.10355074149771e-05,NaN
