t,MEK_Obs,pMEK_Obs
0,1.00658979111112,0.00139046159276843
1.5,NaN,0.011998366415367
2,1.07554508291844,NaN
3.5,1.0428682553945,0.00763047653182363
5.5,1.03441500892164,0.005920407570216
7.5,0.938740528362767,0.005508550507059
10,1.01108325823197,0.0036656382005307
15,0.897391909739697,0.00463093079069164
20,0.980678805293217,0.0045900200466941
25,0.957846624208461,0.00530683697861375
