t,input_il6,Compound_3_Obs
24,0,21.0808985679016
24,0,13.8379441686378
24,5,42.8959580433042
24,5,42.0093920770893
24,10,219.569334162855
24,10,247.036447448778
24,20,30.922980601572
24,20,26.368372271452
24,40,63.5891744936287
24,40,43.2601671158877
24,80,41.7876802690224
24,80,17.9679831920607
24,120,64.0703652957858
24,120,129.307478857261
