t,input_il6,Compound_3_Obs
16,0.1,29.4106255416955
16,1,34.0742269393422
16,5,14.6462551556501
16,10,12.6701003720091
16,50,14.2354792599531
16,100,20.6907266033104
16,500,72.8622217657651
