t,input_ruxolitinib,Compound_1_Obs
24,0,1.35214589609837
24,10,2.06418030582721
24,50,0.414204386847987
24,100,1.04728961742388
24,200,0.943982000836827
24,200,3.42523258368939
24,400,0.287412054472755
24,400,0.329886263130004
24,500,0.675215936849204
24,500,0.940548522496181
24,600,0.137932964373138
24,800,0.440404758300935
24,1000,0.0611702630270859
24,2000,0.0569409448592873
24,5000,0.0328863276882993
