t,input_il6,Compound_2_Obs
66,0,21.1384916256063
66,0.0005,25.3254356921848
66,0.005,17.8008194968624
66,0.05,12.9574721541135
66,0.5,10.274645031891
66,5,8.47654691816512
66,50,27.3932807296544
66,100,7.7443092720802
66,200,14.9619257277633
66,500,28.0057392298252
