t,input_il6,Compound_1_Obs
13,0,0.00880137484513432
13,0,0.0079711936922397
13,0,0.00896335584856119
13,15,6.3052352579106
13,15,5.95101958611231
13,15,12.2565350840586
13,30,1.28622246775736
13,30,0.650674556158761
13,30,1.74605876419042
13,60,2.7551518652853
13,60,2.6471987349376
13,60,2.61435476700605
13,120,3.00416816049279
13,120,17.0263846115819
13,120,1.18890062861407
