t,input_stattic,Compound_1_Obs
23,0,2.14694800967791
23,20,1.15468924414341
23,40,0.916685377645288
23,50,2.4512590833728
23,60,0.598826737588905
