t,epo_level,EpoRJAK2_Obs,EpoRpJAK2_Obs,CIS_Obs,SOCS3nRNA1_Obs
14,0,0.808226982967101,0.0161441607692654,0.0294768091261189,0.00157744021227394
14,1.3333e-08,-0.0273708328205498,0.0740756134973785,0.028411439659329,0.001855855603828
14,4e-08,0.17808348515605,0.0831108621352404,0.0280242244831047,0.00164783129960442
14,1.3333e-07,0.0502770050043313,0.0743616189089773,0.0109179114215758,0.00142902601318144
14,4e-07,0.263258688264304,0.0491643716452033,0.0441038984448877,0.000643066257359774
14,1.3333e-06,0.796970330722366,0.000818254095557969,0.0257444363262148,0.00107097422702726
14,1.3333e-05,0.846870256180173,-0.00141729264376071,0.0303209658642437,0.00149834667557062
14,0.00013333,0.681330037897764,0.0299766355798717,0.00702915422302019,0.00026192856500851
14,0.00066667,0.989705214457527,0.0140714180090092,0.0389677044240125,0.000879446987214643
