t,epo_level,EpoRJAK2_Obs
15,0,0.101189790779406
15,0,0.131733016656673
15,0.00014286,-0.0170309621960896
15,0.00014286,0.00387420307135643
