t,Reelin_input,ApoER2_Dab1_released_Obs
22,0,0.0335418098756113
22,0.00012207,0.0246832523213773
22,0.00024414,0.0250330800332904
22,0.00048828,0.0272470659651167
22,0.00097656,0.0311628119555023
22,0.0019531,0.0595649670979995
22,0.0039062,0.134298072980148
22,0.0078125,0.240380032326452
22,0.015625,0.345821186545329
22,0.03125,0.444108417971908
22,0.125,0.597118838804548
22,0.25,0.640958629820675
22,0.5,0.684968069400254
22,1,0.711197545423943
