t,epo_level,Compound_7_Obs
91,2.5e-09,0.691241242199976
91,2.5e-09,1.92441101782136
91,2.5e-09,2.40489871870896
91,2.5e-08,1.40523606592082
91,2.5e-08,1.98052499626566
91,2.5e-08,3.71906746721033
91,1.25e-07,5.22103423217199
91,1.25e-07,5.60630603240017
91,1.25e-07,5.75537214797322
91,2.5e-07,7.42858155882845
91,2.5e-07,8.6746746879273
91,2.5e-07,9.70904426293382
91,2.5e-06,15.6581034978642
91,2.5e-06,16.2742074338508
91,2.5e-06,17.342321699903
