t,Compound_7_Obs,Compound_10_Obs
0,0.000917725981402111,2.61150800841627
15,0.000892366911694446,2.40980348587873
25,0.000899037846152198,2.08514675458567
40,NaN,1.97717259901091
45,0.000839965277831605,NaN
60,0.001040780048185,2.42654445807267
80,0.000951019518370474,2.6841265331173
100,0.00087634547891577,2.39329958595272
