t,input_il6,nSOCS3RNA4_Obs
16,5,0.00634054860394483
16,5,0.00921437122801659
16,5,0.0100589949039991
16,5,0.0108034513112607
16,20,0.0463541154465208
16,20,0.0488055054823383
16,20,0.0527285736821206
16,20,0.0926960851476023
16,40,0.198447525390133
16,40,0.203225838531718
16,40,0.210626778552155
16,40,0.231489906818323
16,90,0.262714973849823
16,90,0.349339530772571
16,90,0.429299752980214
16,90,0.482206549570256
