t,input_stattic,pJAK1_gp130_Obs
0,0,0.000368775152062839
0,0,0.000244881201857386
0,1,0.000214900084871064
0,1,0.000333093296090956
0,5,0.000178445360698423
0,5,0.000208028248443385
0,10,0.000113908243560249
0,10,0.00019054718253767
0,20,0.000172717027616152
0,20,0.00026883399173963
0,50,0.000178482353458539
0,50,0.000181957912563509
