t,IPR_O_Obs,IPR_S_Obs
0,0.00113531979656298,-0.000448698901177532
0.15,NaN,0.0436084357411803
0.25,0.0140534197329662,NaN
0.35,NaN,0.0642281658388178
0.55,0.0101568039002089,0.0736889373600858
0.75,NaN,0.0730518138426792
0.85,0.00936193613539084,NaN
0.95,NaN,0.0614484810855357
1,0.00933352276758925,0.0682742974223487
1.5,0.00875562426513689,0.0625504573979056
2,0.00750600700822126,0.0571427963549413
2.5,0.00824363390967699,0.0626183007501796
3,0.00833498186006304,NaN
4,0.00750537454921893,NaN
