t,IPR_O_Obs,IPR_S_Obs
0,-0.00135395010103026,0.000465257340647319
0.2,0.0561447587056515,0.197139271871935
0.4,0.0428792438447026,0.245181945386054
0.6,NaN,0.27101464170798
0.65,0.0381994482038893,NaN
0.85,0.032745142035942,0.250639318662355
1,0.0320370970501294,0.272122645335222
1.5,0.0333807160016071,0.248182037917651
2,0.0355184818355123,0.24269433006788
2.5,0.0316086627135156,NaN
3,0.0400485586278574,NaN
