t,Rp8_Br_cAMPS_pAB_level,pAC_Fsk_Obs,RIIp_cAMP_C_2_Obs,RII_2_Obs
54,0,0.572757263628238,0.00627780312343066,0.0390148071483585
54,0.016,-0.450277875637497,0.00574494964284002,0.0351858201161839
54,0.08,-0.0655118585822371,0.00289397282549121,0.079230048866899
54,0.4,-0.683740554181769,0.00233621574933359,0.0990333873274524
54,2,-0.631084326484312,6.32995817876388e-05,0.0465091748623793
54,10,-0.812494843986665,7.13160620630486e-05,0.0376648785780734
54,50,-1.05003889234352,0.000706587752565911,0.0506247883693282
