t,Rp8_Br_cAMPS_pAB_time,pAC_Fsk_Obs,RIIp_cAMP_C_2_Obs,RII_2_Obs
110,0,0.0426214403208135,2.42177357054102e-05,0.0354131160267829
110,30,-0.902760289656757,0.000256469687422166,0.0406458642395693
110,45,-0.305302735616388,8.83126304158256e-05,0.0428055101792738
110,55,-0.157366942283553,1.86513907487332e-05,0.0329461979553707
110,59,0.162929954193317,9.37703219252632e-05,0.0341590907697153
110,60,0.0195869853430487,0.000350352587689783,0.0843702043768828
