t,fourABnOH_level,RIIp_cAMP_C_2_Obs,RIIp_Sp8_Br_cAMPS_2_Obs,AC_Fsk_Obs
18,0,0.0040176502559195,-0.682583528276337,-0.227254287995993
18,0.016,0.00334762723826543,-0.1473840023475,0.0532777729614547
18,0.08,0.00292716226755093,-0.0663326115012653,0.349120345751082
18,0.4,0.00851593023614201,0.720351167341971,0.283701321601327
18,2,0.00578847525013928,-0.503470073846754,-0.0592742414229361
18,10,0.00580565062618497,0.135337948808511,-0.976117236726287
18,50,0.00405264661036306,0.842622266846411,-0.465653522278806
