t,Rp_cAMPS_pAB_level,RIIp_cAMP_C_2_Obs,RII_2_Obs,RII_C_2_Obs
52,0,0.214767378620062,0.0416498980000361,0.127759031408777
52,0.016,0.131234819633072,0.0416875598886962,0.382871086238805
52,0.08,0.113122906698956,0.0282394152797112,0.302929932982577
52,0.4,0.179000395843443,0.0481775269751618,0.186609413929384
52,2,0.159375301864805,0.0378449253873333,0.34636192749555
52,10,0.0977866247903017,0.023959217525775,0.0918780528192289
52,50,0.217855993074121,0.025064146845665,0.30703748017716
