t,Rp8_Br_cAMPS_pAB_level,RIIp_cAMP_C_2_Obs,RIIp_Rp8_Br_cAMPS_C_2_Obs,RII_2_Obs
48,0,0.208261815512517,0.15830901310024,0.0324189563810348
48,0.016,0.23372851158286,-0.0135464420631559,0.0354276522053252
48,0.08,0.0934249797107488,0.123855938680009,0.0241168146999552
48,0.4,0.215806652502851,0.0497315026887777,0.019111428161067
48,2,0.101108297765439,0.72356840944605,0.0431121174787401
48,10,0.0497816229443412,0.393085411758204,0.0514081395220761
48,50,0.0296078574738326,0.618628501759467,0.0330251924584688
