t,Rp_cAMPS_pAB_time,RIIp_cAMP_C_2_Obs,RII_2_Obs,RIIp_C_2_Obs
120,0,0.00278342655727508,0.0505352492939194,0.186832256417386
120,30,0.00160365132530058,0.0562107854954706,0.161887983110842
120,45,0.00308799056311806,0.039224649507071,0.31144164610735
120,55,0.000545270089441754,0.0225684615881106,0.116102632131438
120,59,0.00177290151534084,0.0747793460885337,0.203994463155353
120,60,0.00193144509185352,0.0707247461426467,0.127911200044232
