t,input_il6,nSOCS3RNA3_Obs
34,0.1,0.0014886268125563
34,1,0.00203054607029056
34,5,0.0804232782151988
34,10,0.737023410329867
34,50,0.0127648193825664
34,100,0.436887892498451
34,500,0.679798769828572
