t,Rp_cAMPS_pAB_level,pAC_Obs
20,0,-0.117485998174787
20,0.016,-0.103747121988356
20,0.08,0.102836936576925
20,0.4,-0.200492885333474
20,2,0.0709889185739879
20,10,0.238105220674583
20,50,-0.202701328545183
