t,Rp_cAMPS_pAB_level,RII_C_2_Obs
32,0,0.317823774056203
32,0.016,0.364225876689607
32,0.08,0.344443956105989
32,0.4,0.338250726138054
32,2,0.276033612416984
32,10,0.156829634634641
32,50,0.208274490581549
