t,fourABnOH_level,pAC_Obs
57,0,0.00663602818079608
57,0.016,0.234624111217776
57,0.08,0.0927098288960261
57,0.4,0.125516981484175
57,2,0.212724480049594
57,10,0.182500764259946
57,50,-0.200742384592418
