t,epo_level,CISRNA_Obs
68,2.5e-09,0.00929249924131032
68,2.5e-09,0.0129089610218888
68,2.5e-09,0.0296267783044141
68,2.5e-08,0.0442357897988085
68,2.5e-08,0.0629832024500692
68,2.5e-08,0.0887313928603753
68,1.25e-07,0.141128058207508
68,1.25e-07,0.146035866943132
68,1.25e-07,0.158356438073088
68,2.5e-07,0.149926695476182
68,2.5e-07,0.153911399916016
68,2.5e-07,0.164454974468743
68,2.5e-06,0.129605713655427
68,2.5e-06,0.162625243921777
68,2.5e-06,0.18613830218937
