t,epo_level,npSTAT5_Obs
27,0,-0.00273642028233628
27,1.3333e-08,0.00202440108570246
27,4e-08,0.0472769484775605
27,1.3333e-07,0.201836314675255
27,4e-07,0.45566602721431
27,1.3333e-06,0.515088331817874
27,1.3333e-05,0.754192075600841
27,0.00013333,0.93351570603028
27,0.00066667,0.965530010077377
