t,SOCS3nRNA1_Obs,SOCS3nRNA2_Obs
0,0.0271772562167712,0.0286894615356294
4,0.0198795307709239,NaN
4.5,NaN,0.0265673214723805
8.5,0.0158894156032265,NaN
9.5,NaN,0.0207182303734135
15,0.011733575007126,0.0168218035358026
20,0.00974596825024254,0.0142281573451468
25,NaN,0.0108506598531427
30,0.00850924923754118,NaN
35,0.00818369038286444,0.0100241952106108
40,0.00765743346391581,0.00855109213538734
50,0.0073639587015217,NaN
60,0.00805394089462225,NaN
70,0.00827389017950764,NaN
