t,SOCS3nRNA1_Obs,SOCS3_Obs
0,0.0280987968519859,3.50737586197725
5.5,0.0186852159118263,NaN
8,NaN,3.54181164564362
10,0.013808642866895,NaN
15,0.0116295144599163,3.68969844299471
25,0.00921839894336393,3.38439599661009
30,0.0087480744343033,NaN
40,0.00836916181431161,2.8572989475735
50,0.00774122877021971,2.29051010867708
60,0.00853821555466823,NaN
70,0.00832847369902046,1.55006011183732
90,0.00798974956583292,NaN
