t,epo_level,CISHnRNA1_Obs,CISHnRNA3_Obs,CISHRNA_Obs
10,0,0.00046014454505262,0.000450745684918013,0.000880452567995665
10,1.3333e-08,0.00312028934351488,0.000667596122982647,0.000814774341081545
10,4e-08,0.00320938194866403,0.000695917371890395,0.000901711478977645
10,1.3333e-07,0.00282853464753038,0.000593276068603311,0.000823690098167672
10,4e-07,0.00105663714310913,0.000493434850016336,0.000936005861118834
10,1.3333e-06,0.000534294056607612,0.000474472508046247,0.000844195365755025
10,1.3333e-05,0.000430843115060315,0.000443975622019667,0.000880101719935003
10,0.00013333,0.000500652604343121,0.00045499039058075,0.000899072586440171
10,0.00066667,0.000542329716906667,0.000463401750713098,0.000896061747458922
