t,insulin_dose_1,IRi_Obs,IRS_Obs,IRSiP_Obs,XXp_Obs
11,0,0.00971516867300004,8.84079563741132,0.13576111299531,0.000192135056674524
11,0.01,0.0211549926111394,10.9991985341272,0.217506307588635,0.000415329877580788
11,0.1,0.0909810383151257,11.8394721753125,0.524682638339462,0.00174886793675006
11,0.3,0.336749516341443,14.0594173804906,0.981413630011915,0.00209010761108858
11,1,0.676201451093757,8.96886101512353,1.06013206599718,0.00292582195792595
11,10,2.2623854717306,7.20453461307214,1.77727986955648,0.00384027637715961
11,100,2.20515638864431,7.3666213380312,1.02239443085192,0.0030410582312262
