t,input_stattic,JAK1_gp130_Obs
10,20,0.132339706748434
10,25,0.157510174844749
10,30,0.115252789969175
10,40,0.178067411113768
10,50,0.140017826130978
10,60,0.170001975128986
