t,input_stattic,JAK1_gp130_Obs,SOCS3_Obs
27,0,0.202406299436828,0.333606495252351
27,20,0.25087019277119,0.13492131849335
27,40,0.241936506513172,0.0801723737186264
27,50,0.222481841293754,0.0887916362725866
27,60,0.159474042220131,0.0997163075735447
