t,JAK1_gp130_Obs,SOCS3_Obs
0,0.517439635860474,0.0225890332137459
20,0.419056177828775,0.0188842856865729
40,0.46680532400623,0.0309840189450026
60,NaN,0.0475653386870691
65,0.462026093260405,NaN
85,0.435872475349726,0.0470250188147471
100,0.343877405838362,0.0642649869548099
150,0.567480097116162,0.0339887697154193
200,0.366410047913384,0.063167522330684
250,0.847524330354603,0.051887728700141
350,0.492430036286772,0.0605026597472209
