t,input_il6,tpSTAT3_Obs
58,0,0.33108409412675
58,0.0005,0.324646554336018
58,0.005,0.250065923002893
58,0.05,0.440610064822563
58,0.5,0.631640678199215
58,5,11.8416527471453
58,50,13.1017473969493
58,100,2.79624018047287
58,200,9.17134270682722
58,500,12.7286210739808
