t,epo_level,Compound_1_Obs
23,0,1.88127694651477
23,1.3333e-08,1.33830260489936
23,4e-08,1.58652569616167
23,1.3333e-07,1.32959307827611
23,4e-07,1.37693524062915
23,1.3333e-06,1.18892114299015
23,1.3333e-05,1.60201419802283
23,0.00013333,1.58347732142331
23,0.00066667,1.53707246222357
