t,epo_level,pEpoRpJAK2_Obs,STAT5_Obs,CISHRNA_Obs,SOCS3nRNA2_Obs
26,0,-0.112506182593465,3.81531985015712,0.000636348778751521,0.000619796466419016
26,1.3333e-08,0.213569895872319,3.54497890335218,0.000611693316342712,0.000598570144604448
26,4e-08,0.255532483543133,3.2099956171177,0.000644731704968389,0.0005596184455694
26,1.3333e-07,0.763188443346648,1.88047287118367,0.000530822321522756,0.000601093372838131
26,4e-07,0.824392883227917,0.743619208780072,0.000581605862750878,0.000540077376447108
26,1.3333e-06,0.961558027588346,0.35026933638273,0.000670755645616062,0.000585482083711872
26,1.3333e-05,1.46072624068545,0.20328761734774,0.000661655786142637,0.00063777040750978
26,0.00013333,1.74018905631477,0.223867332936463,0.000678661448718586,0.000475251067823628
26,0.00066667,1.88988546344023,0.167465170544765,0.000645123349661027,0.000651722711052402
