t,epo_level,Compound_1_Obs
15,0,1.69180961121025
15,1.4286e-07,1.58445203942195
15,1.4286e-06,1.11364307405357
15,0.00014286,1.08551815421213
