t,epo_level,Compound_2_Obs
6,0,0.0394026423410225
6,0,0.0451822726219788
6,0.00014286,0.0625017683528254
6,0.00014286,0.059323558769015
