t,epo_level,pEpoRpJAK2_Obs,STAT5_Obs,CISHRNA_Obs
8,0,0.0110546249940029,3.72815820110586,0.000617707397469688
8,1.4286e-07,0.347869920719242,3.72134602762182,0.000634688751832727
8,1.4286e-06,1.48895989615939,1.47402431382938,0.000580416060930602
8,0.00014286,2.4326580269355,-0.184636088537205,0.000616031922344333
