t,Compound_1_Obs,Compound_2_Obs
0,2.05676486740131,1.87305623930934
20,1.92266001458519,2.44265937483772
45,1.88667131969308,3.05450477671069
70,1.91904750228109,2.97423190778246
95,1.69960424319086,3.44703050581925
100,1.58864293382393,3.22107781081689
150,1.55898330856237,3.71188076469126
200,1.37900020295458,3.78684310568272
250,1.11119651979403,4.0266517848832
300,1.05328846543625,3.64939386146184
350,0.887022302858926,3.8842548319599
450,0.641784900049861,3.81126666650334
