t,input_il6,Compound_1_Obs
19,0.1,73.2520647310529
19,0.1,58.2752065214613
19,1,36.7447466032123
19,1,77.8490395040978
19,5,116.968364776173
19,5,92.1856784432904
19,10,112.642590589151
19,10,114.300802541961
19,50,70.5916672359877
19,50,72.3087735304403
19,100,143.221263837861
19,100,80.5250113452836
19,500,179.182762528926
19,500,104.161296638309
