t,input_ruxolitinib,Compound_5_Obs
33,0,1.45384620754833
33,10,1.32354042540294
33,50,1.75559977568282
33,100,1.56509065156542
33,200,1.39210205779956
33,400,1.03372576005925
33,500,0.61059765878507
33,600,0.535188611698689
33,800,0.54368475224552
33,800,0.852609986007382
33,1000,0.325522810437731
33,2000,0.00911867589077955
33,5000,-0.00128028200101206
