t,input_il6,Compound_1_Obs
45,0,88.4937728529648
45,0,94.2770342396606
45,0.5,58.7923260326529
45,0.5,85.0362886062944
45,1,57.4430171453685
45,1,92.4066835003773
45,2.5,67.6059387065411
45,2.5,96.9932864214849
45,5,61.5593180787303
45,5,107.502484612437
45,10,81.1903941623859
45,10,57.1555548448541
45,25,111.773682217739
45,25,93.8981594124978
45,50,91.6441873948566
45,50,76.900504988563
45,100,80.2804887094192
45,100,99.4217977241905
45,500,92.3512391971475
45,500,113.21625513819
