t,input_il6,Compound_3_Obs
17,5,59.4812827194651
17,5,101.279326061014
17,5,135.61812295478
17,5,142.580364891293
17,20,128.733780028887
17,20,135.575183886004
17,20,164.672105336583
17,20,191.246302668494
17,40,75.3357926507671
17,40,79.4477038706957
17,40,101.391651551675
17,40,105.138028688427
17,90,176.373405994578
17,90,126.279257227968
17,90,155.755636277285
17,90,152.013886003006
