t,input_stattic,Compound_5_Obs
0,0,0.0508727603662657
0,0,0.0577234143775424
0,0,0.0610059535735709
0,0,0.0934383328630604
0,1,0.0436587727021945
0,1,0.0726706843309274
0,5,0.0672884744372106
0,5,0.0791931630730256
0,10,0.0732654079759911
0,10,0.0789213985254494
0,20,0.0521918735564056
0,20,0.059467512447939
0,50,0.0742390489150244
0,50,0.0789097632678608
