t,pJAK1_gp130_Obs,nSOCS3RNA2_Obs
0,0.000540734477583006,0.132566213274265
10,NaN,0.0167704832560254
20,0.02707644396968,1.55533093605718
30,NaN,1.61711580493632
40,0.00964883346335245,NaN
45,NaN,0.19990777568022
60,NaN,-0.0156404792994684
65,0.00860258739203525,NaN
75,NaN,0.154503834959347
90,0.0142804128390033,NaN
95,NaN,0.24512072137842
100,0.00980688516764657,-0.0199232302840698
150,0.0100940367281078,NaN
200,0.00858152892055608,NaN
250,0.0186185233216004,NaN
300,0.0128647176288578,NaN
