t,epo_level,PTP_Obs
37,0,1.78660028561579
37,1.3333e-08,2.60001044103584
37,4e-08,1.54950125030064
37,1.3333e-07,2.23891129802198
37,4e-07,2.57255839368498
37,1.3333e-06,2.44416014614108
37,1.3333e-05,2.1724871953478
37,0.00013333,2.40195135317791
37,0.00066667,2.37334938063032
