t,PTP_Obs,nSTAT5_Obs
0,35.1329559077138,0.0760801834104486
5,39.7326016995492,NaN
10,41.2494763033221,NaN
15,39.8108792518133,NaN
20,42.3448514149622,3.51804997580044
25,37.1509202902729,NaN
35,33.285871057901,5.29836546499209
45,37.8827833992412,NaN
55,40.3804256899909,8.02022244822158
65,38.2346477604416,NaN
80,36.7877456318329,7.39789891035817
100,NaN,6.30653871553074
150,NaN,4.82115343676671
200,NaN,5.74533459435323
250,NaN,5.8919470573465
300,NaN,5.73570290165205
350,NaN,3.90181761027788
