t,epo_level,SOCS3RNA_Obs
13,0,0.00734204590092873
13,1.3333e-08,0.00796495768206811
13,4e-08,0.00775904593764707
13,1.3333e-07,0.0058859020544872
13,4e-07,0.00564397993235443
13,1.3333e-06,0.00699065050871833
13,1.3333e-05,0.00728489327867631
13,0.00013333,0.00723984010688817
13,0.00066667,0.00760766700334505
