t,epo_level,SOCS3_Obs
8,2.5e-09,0.207417034656491
8,2.5e-09,0.264015587341852
8,2.5e-09,0.267948187660066
8,2.5e-08,0.155527524871784
8,2.5e-08,0.136210304153398
8,2.5e-08,0.172776079030167
8,2.5e-07,0.0107349098702835
8,2.5e-07,0.0254562517617777
8,2.5e-07,0.0920688176460751
8,2.5e-06,-0.0185603657777425
8,2.5e-06,0.0284470474160535
8,2.5e-06,0.0258857350928032
8,2.5e-05,-0.0140251361596613
8,2.5e-05,0.0195050876056094
8,2.5e-05,-0.0208927589405258
