t,Rp_cAMPS_pAB_level,Compound_2_Obs
28,0,0.0754398445177631
28,0.016,0.0531615934184997
28,0.08,0.0558883131296836
28,0.4,0.0716939542302386
28,2,0.0456380679180946
28,10,0.048719557785962
28,50,0.0537444277111546
