t,Rp8_Br_cAMPS_pAB_time,Compound_2_Obs
63,0,14.7522489298533
63,30,10.2738947141749
63,45,9.49518584185573
63,55,8.38661216762383
63,59,8.20321678848715
63,60,9.39102483421433
