t,Rp8_Br_cAMPS_pAB_level,Compound_2_Obs
33,0,0.191852630664418
33,0.016,-1.19010154616502
33,0.08,-2.37132344538355
33,0.4,-0.644879174821208
33,2,2.86560446938407
33,10,9.68145203462799
33,50,46.8720206263347
