t,Rp8_Br_cAMPS_pAB_time,Compound_2_Obs
77,0,11.5644354929642
77,30,10.3422246328633
77,45,8.89926666377082
77,55,11.8773042051502
77,59,12.0629123231085
77,60,6.38980182694904
