t,fourABnOH_level,AC_Fsk_Obs
30,0,0.0899567639724361
30,0.016,-0.0593950225656861
30,0.08,0.377638628615202
30,0.4,0.0378215022724801
30,2,-0.00167210049691004
30,10,0.0833045009733201
30,50,0.338694823986315
