t,insulin_dose_1,Compound_1_Obs,Compound_2_Obs,Compound_4_Obs,Compound_5_Obs
13,0,12.9251888231212,0.0110224500866949,0.101826995558972,0.000151354203693067
13,0.01,14.589620552131,0.0209149721149138,0.0181604814019968,0.000595122195022192
13,0.1,18.2413361907264,0.679671185060276,0.301271379590414,0.000173736628949709
13,0.3,11.7847012507678,0.510519210482692,1.44963297789518,0.00113989175912194
13,1,6.95052402270617,4.15705024417212,0.659014571119434,0.0014667245342257
13,10,1.6695023390905,11.3040893946545,13.5297507307683,0.00226258888110256
13,100,0.144384765292158,1.44731965208457,4.37186017886152,0.000653217632052094
