t,Rp8_Br_cAMPS_pAB_level,RIIp_2_Obs,AC_Fsk_Obs
62,0,0.198726722186444,0.242929863715816
62,0.016,0.179729316462273,0.208719911210863
62,0.08,0.207434438691825,0.319252474324386
62,0.4,0.215110366829067,-0.0470746449058948
62,2,0.136794830686318,0.160476415936948
62,10,0.0660499175434924,-0.178177540824985
62,50,0.0391185319130694,-0.057988502282073
