t,Rp8_pCPT_cAMPS_pAB_level,RII_2_Obs,pAC_Obs
68,0,0.0156719915662115,-0.193746360056187
68,0.016,0.0165820216845076,-0.0535202747793848
68,0.08,0.0161022070106258,0.0437145105840588
68,0.4,0.0167736712107692,0.0886206043912806
68,2,0.0179911090582132,-0.237980530250156
68,10,0.018247219917034,-0.120250361432166
68,50,0.0187098458400624,-0.183609371687076
