t,fourABnOH_time,AC_Fsk_Obs,pAC_Obs
68,0,0.147170860317319,0.116365768424425
68,30,0.230383407890894,-0.0344272502454627
68,45,0.0911835302395664,-0.00372799508089685
68,55,-0.0191978806701334,-0.280824804599767
68,59,0.318227342290307,-0.161986496585075
68,60,-0.171779723442635,-0.0937704873647514
