t,Rp_cAMPS_pAB_level,Rp_cAMPS_Obs,Csub_Obs
53,0,0.847769499120343,0.455401359907202
53,0.016,0.648515289441747,0.589872907726924
53,0.08,-1.33802719365291,0.347139221285002
53,0.4,1.14159449946914,0.407386472011312
53,2,0.625241363138625,0.298664301152992
53,10,5.08537526444673,0.116169649872964
53,50,29.1214029683247,-0.0442868476155618
