t,fourABnOH_level,Rp_cAMPS_Obs,pPDE_Obs
60,0,0.126543300129197,0.0983215427047425
60,0.016,-0.0595990452292601,0.150872466121584
60,0.08,-0.163271877009607,-0.141462128866157
60,0.4,0.192417623930426,-0.0811098273351495
60,2,-0.0737019611622688,-0.245380282527395
60,10,-0.0719954707494535,-0.118363072782951
60,50,0.166372761462085,0.10505039573528
