t,Rp8_pCPT_cAMPS_pAB_time,Csub_Obs,Compound_2_Obs
40,0,0.0592804394854774,10.3250904639703
40,30,0.154268589966868,10.7861741882287
40,45,0.132004566314969,2.01030583092231
40,55,0.188262079621454,0.833828581721827
40,59,0.203706792317675,1.00443150789093
40,60,0.163112276643559,0.190039586004903
