t,fourABnOH_time,pAC_Fsk_Obs
110,0,0.09990808464375
110,30,0.0297940469822951
110,45,-0.0127528780636542
110,55,0.069001764472657
110,59,-0.0160588599472249
110,60,-0.0537161458479989
