t,Rp8_Br_cAMPS_pAB_time,AC_Fsk_Obs
68,0,-0.0659128482196371
68,30,-0.00402127310857217
68,45,-0.0738990600141249
68,55,-0.00725709810487001
68,59,-0.0308835265369095
68,60,-0.0278341139187578
