t,Rp8_Br_cAMPS_pAB_level,pAC_Obs,Csub_Obs,RIIp_2_Obs
70,0,-0.145747721551467,0.33239805514234,0.209908142330424
70,0.016,0.151072105469373,0.274136727057183,0.200009257981129
70,0.08,0.0766045875848461,0.417675645498541,0.231500503504253
70,0.4,-0.17489846180543,0.2451335292023,0.219915894424617
70,2,0.115730695430123,0.118688916037065,0.0565547859551625
70,10,0.0830332985983383,0.170810557043757,0.168544782302974
70,50,0.212636476575091,0.0315684993702936,0.0880174714796321
