t,Rp8_pCPT_cAMPS_pAB_level,pAC_Obs,Csub_Obs,RIIp_2_Obs
29,0,0.293844241186376,0.122042622270342,0.0862614616297552
29,0.016,-0.333459375674923,0.140382917313245,0.0793603660848195
29,0.08,0.190085037257839,0.120268203412881,0.0861977613428252
29,0.4,-0.231591342146212,0.125289308080368,0.0819789503661865
29,2,0.168748260980374,0.118871893983888,0.0476421260614176
29,10,-0.0555293279797071,0.141435079132507,0.066316485137449
29,50,0.11494864979094,0.0677729950130279,0.00532421728953819
