t,Rp8_pCPT_cAMPS_pAB_time,RII_2_Obs,Compound_1_Obs
33,0,0.0867854302484584,0.000814395610698025
33,30,0.0538788232804746,0.00416731478465313
33,45,0.0699768222527619,0.00268567234411394
33,55,0.0621427191520039,0.0070725367409849
33,59,0.0814763477885087,0.00180927915476804
33,60,0.0207750017494626,0.00452301297039037
