t,AC_Fsk_Obs,Compound_1_Obs
0,0.00422915313579568,-0.00605299782262024
8,-0.0240700630823818,NaN
10,NaN,0.0315760916546159
15,-0.0109842477546185,NaN
20,NaN,0.000675178012614473
25,-0.000350762317833014,NaN
35,0.023766973951663,0.0310747660114976
45,-0.00125027086487472,0.0252627446435635
60,-0.00738685616249158,NaN
65,NaN,0.103701184724374
75,0.120146004600389,NaN
80,NaN,0.120215582380848
95,0.133323834340224,NaN
100,0.118775948046638,0.132936863753364
150,NaN,0.112747634780999
