t,Rp8_Br_cAMPS_pAB_time,pAC_Fsk_Obs,Compound_1_Obs
120,0,0.218797384604215,0.0226882196964882
120,30,-0.28651311058575,0.0304661563003256
120,45,0.0446777022778451,0.042682666645983
120,55,0.253936780650199,0.0298096487445193
120,59,-0.295831801576852,0.0361210385180316
120,60,-0.306190416896852,0.0272092683343249
