t,IBMX_Obs,Compound_1_Obs
0,18.468822989584,-0.00950789833012009
0.15,93.6587804064318,NaN
0.25,98.1460581035061,NaN
0.45,94.6445990313957,NaN
0.6,51.9935056680396,NaN
0.8,124.521574827363,NaN
1,112.451659151428,NaN
1.5,49.730125889831,NaN
2,NaN,0.212152540144378
3.5,NaN,0.327526402014053
5.5,NaN,0.192334168596031
8,NaN,0.17503697632996
10,NaN,0.0537004019284755
15,NaN,0.283591238984485
20,NaN,0.379568346024417
25,NaN,0.216053729389703
30,NaN,0.126997019482421
40,NaN,0.24940034574659
