t,Rp8_pCPT_cAMPS_pAB_time,pAC_Fsk_Obs,Compound_1_Obs
37,0,0.347698926106819,-0.000984267622206398
37,30,-0.589074191353436,0.00320976400253376
37,45,-0.0708718862053285,0.00507862276068145
37,55,-0.305787496867079,0.00291317971646283
37,59,-0.0763991521972121,0.00248458101164748
37,60,-0.200741441397229,0.00609582675332888
