t,Rp_cAMPS_pAB_time,RII_2_Obs,Compound_1_Obs
83,0,0.0354666894215296,0.0591016520055949
83,30,0.053799572787066,0.0644169888780241
83,45,0.0922807361869811,0.0843100344239489
83,55,0.079173906809531,0.042108729561522
83,59,0.0906427574940703,0.0651079800121903
83,60,0.0604271147081436,0.0569406767600067
