t,AC_Fsk_Obs,Compound_1_Obs
0,0.209282926591084,0.00681698477026002
15,0.275861671127115,NaN
25,NaN,0.00394615061287455
30,0.342318407017225,NaN
50,0.117801501832459,0.00538246664745297
70,-0.148832176751038,NaN
80,NaN,0.00408117940631981
95,-0.201191493047593,NaN
100,0.103182518086279,0.00686609176251302
150,0.0377335610555057,0.00375209329981615
200,NaN,0.00419432647861814
250,NaN,0.00420325855120062
300,NaN,0.00473334247000242
350,NaN,0.004741798432334
450,NaN,0.00369274553871581
