t,nSTAT4_Obs,nSTAT5_Obs
0,-0.00372402024119982,-0.0525947671334955
4.5,0.0275295866287892,NaN
5,NaN,-0.0175165422323784
8.5,0.173443522409575,NaN
10,NaN,0.228246417267213
15,0.363960386585435,0.352370896061151
20,0.324262939058335,0.295828104438018
25,0.302767800357773,NaN
30,0.247776799289425,0.362061330573107
35,0.276684710489466,NaN
40,0.278988012251689,0.17863262820217
50,0.114753096057648,NaN
60,0.0230629400534982,NaN
70,-0.0542441921489981,NaN
85,0.0433035210690471,NaN
