t,Rp8_Br_cAMPS_pAB_level,Csub_Obs
20,0,0.122445379127096
20,0.016,0.120220730936801
20,0.08,0.120981590948945
20,0.4,0.123221083963871
20,2,0.109222425137929
20,10,0.111865438908626
20,50,0.0951916691401609
