t,Rp_cAMPS_pAB_time,Csub_Obs
110,0,0.0568548093689039
110,30,0.0656170880413461
110,45,0.0702254425282709
110,55,0.0747362145744294
110,59,0.0773893089874017
110,60,0.0789506770096832
