t,SOCS3nRNA2_Obs,Compound_2_Obs
0,0.000320251932565767,31.1110454614121
10,0.000344762519628331,18.2539502248699
20,NaN,17.2178071167025
25,0.00027233672483763,NaN
35,NaN,26.2381628347257
40,0.000138902310954613,NaN
45,NaN,20.8064880627237
55,0.000230901891313267,NaN
60,NaN,25.8382274296192
75,0.000220880486439683,NaN
80,NaN,20.0236443231762
95,NaN,29.0903940685977
100,0.000312006579302391,23.2455589307278
150,NaN,22.460778318816
200,NaN,15.166302565577
