t,epo_level,EpoRJAK2_Obs
5,2.5e-09,0.0136119467975178
5,2.5e-09,0.000390756381897922
5,2.5e-09,0.070589141508886
5,2.5e-08,0.386563584406946
5,2.5e-08,0.506528597297242
5,2.5e-08,0.430932913382615
5,2.5e-07,1.32109191382241
5,2.5e-07,1.1775250397472
5,2.5e-07,1.20524791949333
5,2.5e-06,1.88456128968448
5,2.5e-06,1.78312661723809
5,2.5e-06,1.80155646287761
5,2.5e-05,2.15232609906766
5,2.5e-05,2.11929185252086
5,2.5e-05,2.10321562254277
