t,epo_level,pEpoRpJAK2_Obs
23,0,0.000809245433447824
23,1.3333e-08,0.0304413796629916
23,4e-08,0.0887661415000458
23,1.3333e-07,0.291029424782133
23,4e-07,0.257520035131223
23,1.3333e-06,0.315583327597662
23,1.3333e-05,0.680634584998067
23,0.00013333,0.713072535357007
23,0.00066667,0.363595927456149
