t,epo_level,pEpoRpJAK2_Obs
10,0,9.13609907517296e-05
10,0,0.000133047680014131
10,0.00014286,0.1337627700596
10,0.00014286,0.19553263950369
