t,epo_level,pEpoRpJAK2_Obs
10,2.5e-09,0.493186304753543
10,2.5e-09,0.514717132038338
10,2.5e-09,0.466763757467847
10,2.5e-08,0.320245586145683
10,2.5e-08,0.331993182004166
10,2.5e-08,0.435003166233892
10,2.5e-07,0.212059710633248
10,2.5e-07,0.14573115869783
10,2.5e-07,0.224156807400283
10,2.5e-06,0.1198501688742
10,2.5e-06,0.19784539738191
10,2.5e-06,0.12495487543696
10,2.5e-05,0.0610708204194322
10,2.5e-05,0.069526296826128
10,2.5e-05,0.077078161108178
