t,epo_level,PTPAct_Obs
19,0,3.19167159796962e-05
19,1.3333e-08,0.000456787384590195
19,4e-08,0.000538260689510107
19,1.3333e-07,0.000421325095294911
19,4e-07,0.000183710578779864
19,1.3333e-06,0.000101577936620297
19,1.3333e-05,3.21116614233737e-05
19,0.00013333,9.27195910461584e-05
19,0.00066667,-2.56055512522104e-05
