t,insulin_dose_1,IRp_Obs
16,0,-1.66859976181364e-08
16,0.01,9.17591996357244e-09
16,0.1,6.64907177383039e-08
16,0.3,1.18608467437139e-07
16,1,2.96700468407093e-07
16,10,5.29676048186446e-07
16,100,5.33182061891251e-07
