timepoint,cGlu_Obs
0,0.016601980222215
450,0.00590276365854397
900,0.282239025021213
1500,0.890609542741242
2000,1.25103818817357
2500,1.33791737512319
3000,1.0481112657247
4000,0.611887459379229
5000,0.314522576850553
6000,0.0107891255821737
7000,0.348691911551872
8500,-0.347980339568825
