timepoint,cGlu_Obs
0,-1.87644292409785
350,2.3187531707841
700,6.08315312770732
1000,7.42545003930563
1500,4.21781035023648
2000,5.31377863801753
2500,3.30703635696658
3000,2.07679199474969
3500,4.52095646211003
4500,1.7998661377522
5500,1.38108041978218
6500,2.60048234739546
