timepoint,cGlu_Obs
0,-0.0580986937084099
450,0.222246608377447
950,1.40713078541383
1500,1.2469594791424
2000,1.22425840217612
2500,0.972373375668432
3000,1.05318118673419
4000,0.567421868032569
5000,0.419208539581979
6000,0.401360245732312
7000,0.149427517361956
8500,0.275302737222971
