timepoint,cGlu_Obs
0,-0.512726443996344
400,2.21130855737156
850,5.41255333398536
1500,5.60587831934117
2500,4.75368108064703
3000,1.66454276698105
3500,1.49500939693008
4000,2.80946073182527
5000,1.88178034183523
6000,2.03082608177343
7000,2.04799536263679
8500,1.92532480797914
