timepoint,cGlu_Obs
0,-0.689870502578272
400,2.39864710862479
750,5.43720263880681
1000,6.48905715272139
1500,6.15847090460869
2000,3.60033643182418
2500,4.55570860209055
3500,1.76296374575179
4000,0.335173212689086
5000,1.75674318017068
6000,1.91775209810813
7500,2.71522756223733
