timepoint,cGlu_Obs
0,0.907128377838696
450,5.31114483860184
900,6.57171929212434
1500,4.31247363466006
2000,3.57471626884307
2500,2.33001047649891
3000,3.31455588851375
4000,2.10289159609941
4500,2.92326421502976
5500,3.80191112400091
7000,0.0778578454745538
8500,0.555732557673968
