timepoint,cGlu_Obs
0,-1.27976409370648
350,3.28141930834716
700,6.8060617501637
1000,5.34427793493907
1500,3.51124566618573
2000,3.53170189162594
2500,1.33904249937831
3000,2.09221972215231
3500,0.605112294881831
4000,1.07164839187483
5000,1.27090709155253
6000,0.963150417282275
7000,1.04371054340669
