timepoint,cGlu_Obs
0,-0.380962792577661
350,10.6882290223911
650,10.2274895691342
1000,7.62451859878546
1500,5.58533302380735
2000,12.7597302476406
2500,6.08606514834398
3000,8.70393259190742
4000,10.6934804146677
4500,4.35759173808385
5000,7.06165776198781
6000,7.82283724305385
7000,8.2268756902062
8500,8.01253115097997
