t,IR2_Obs,IR1in_Obs
0,0.00113289935533021,0.000447575226080226
5.5,0.0746377295989013,NaN
10,0.0413542998790656,0.00836702805104007
20,0.0216401834237231,NaN
25,0.0197650724312545,0.00673293780838537
35,0.0156657308230084,0.00567668618843946
40,0.0140736422562744,NaN
50,NaN,0.00419413731460421
55,0.0163211273322459,NaN
65,0.0159416641073927,0.00421771860564358
80,0.0134734689492973,0.00309264772547387
100,NaN,0.00290552487479974
150,NaN,0.0018793542614911
200,NaN,0.00171849532825038
