t,Ins_Obs,Rec1_Obs,Rec2_Obs,IR2_Obs,IR1in_Obs
0,0.0306214171735527,80.9527229072708,2484.67799996729,0.134832474210848,0.221299707210492
5,NaN,95.8245724291971,2499.57152948315,0.0742666483277046,NaN
6,-0.134092908050442,NaN,NaN,NaN,-0.067797718188053
10,NaN,71.7021641530245,2676.79128497714,-0.0832116511590053,0.0679068602681019
15,-0.0296514226264811,80.5451938537489,2015.28001674782,-0.106789786720246,NaN
20,-0.127772214268468,91.3411772082114,NaN,NaN,0.0584681646582155
25,NaN,NaN,2538.66968212629,0.102413097035308,0.0952028105052179
30,0.0270551503396104,81.9156912614145,2717.39904569775,0.0965315792813392,NaN
35,-0.0224191369883418,NaN,NaN,NaN,-0.0225968717367479
