t,IPR_I2_Obs,Compound_1_Obs
0,0.00039791826947823,0.0035560177621716
0.15,NaN,0.0476508077423935
0.25,0.0939908036030589,NaN
0.3,NaN,0.0535185492690836
0.45,NaN,0.0430494065319453
0.5,0.255692827575582,NaN
0.65,NaN,0.0465159815183837
0.75,0.221211468575667,NaN
0.85,NaN,0.0225785202405997
1,0.295365908873373,0.0354655304947859
1.5,0.371475831904227,0.0405934722909024
2,0.378813909342155,0.0337494939950813
2.5,NaN,0.0298850673233207
