t,Compound_1_Obs,Compound_3_Obs
0,19.2223169781215,154.534195672584
15,88.4670230979254,NaN
20,NaN,42.2044161816197
35,69.0590804478346,NaN
40,NaN,147.626757934941
50,46.1185797651665,NaN
60,NaN,98.925645160789
70,83.774429464996,NaN
80,NaN,103.09453249802
90,53.6226763490214,NaN
100,26.2146308258444,96.0306562240474
150,35.1685646866324,88.8439587121451
200,28.1567762926545,159.246384813025
250,37.2856476262572,74.2903760747758
300,22.0389676041678,130.133930871057
400,NaN,86.9883960409789
