t,Compound_1_Obs,Compound_3_Obs
0,20.001220318304,154.554259843168
15,88.9077027435216,NaN
20,NaN,42.1404994509974
35,69.4532963316637,NaN
40,NaN,147.665353308589
50,45.846615315703,NaN
60,NaN,98.9135727063144
70,85.2388147398594,NaN
80,NaN,103.084353957785
90,53.992271357124,NaN
100,25.5174587249361,96.0122454034287
150,34.9477700971844,88.8170132326624
200,27.6870810504324,159.287599044464
250,37.1969595711891,74.2486243020547
300,21.3359905557428,130.146570515411
400,NaN,86.9589563093861
