t,epo_level,Compound_3_Obs
76,2.5e-09,45.9116793614247
76,2.5e-09,2629.10629570688
76,2.5e-09,3597.59967181018
76,2.5e-08,3788.70610376122
76,2.5e-08,4474.31012137442
76,2.5e-08,4895.476821855
76,1.25e-07,4669.45752138856
76,1.25e-07,5042.50980469202
76,1.25e-07,6409.28651095162
76,2.5e-07,2780.66896245235
76,2.5e-07,4536.82777995771
76,2.5e-07,5983.40888463049
76,2.5e-06,5845.57600316988
76,2.5e-06,6112.2102510429
76,2.5e-06,7745.16334273073
