t,epo_level,Compound_3_Obs
130,2.5e-09,2795.09343594918
130,2.5e-09,2410.99583750646
130,2.5e-09,6889.74776279603
130,2.5e-08,6793.55333430085
130,2.5e-08,6057.13409852371
130,2.5e-08,6237.58122325333
130,1.25e-07,3642.85262184803
130,1.25e-07,3798.1686115894
130,1.25e-07,4692.26889403406
130,2.5e-07,-500.606931696584
130,2.5e-07,1614.42814647659
130,2.5e-07,1723.52535872429
130,2.5e-06,1298.72709679026
130,2.5e-06,982.926689380185
130,2.5e-06,3169.05599563217
