t,ppS2_ppS2_S4_Obs,ppS2_ppS3_ppS3_Obs,geneE_Obs,geneI_Obs
0,0,0,0.829311600396859,1.10222444171714
10,0,0,1.01977144300879,1.04267743775946
20,NaN,0,NaN,NaN
25,0,NaN,0.923531035850336,0.876081215157332
35,NaN,0,0.979266890539148,0.797474777808411
40,0,NaN,NaN,NaN
50,NaN,0,1.07228197089325,1.11232973244463
55,0,NaN,NaN,NaN
65,NaN,0,1.13638890220607,1.14230056232895
75,0,NaN,NaN,NaN
85,NaN,0,1.03643728669892,1.04255808482703
95,0,NaN,NaN,NaN
