t,ppS2_ppS2_S4_Obs,ppS2_ppS3_ppS3_Obs,geneE_Obs,geneI_Obs
0,0,0,0.917053477797454,1.12946038569635
10,0,0,0.948713002589904,NaN
15,NaN,NaN,NaN,0.886637848462357
20,NaN,0,0.923572951826762,NaN
25,0,NaN,NaN,1.06378353151301
35,NaN,0,0.738469167026321,NaN
40,0,NaN,NaN,1.15931153203921
50,NaN,0,1.09314241352077,NaN
55,0,NaN,NaN,NaN
60,NaN,NaN,NaN,0.953894622256845
65,NaN,0,1.09174349733457,NaN
70,0,NaN,NaN,NaN
80,NaN,NaN,NaN,1.06950974806034
85,NaN,0,1.00070872797931,NaN
95,0,NaN,NaN,NaN
