t,epo_level,Compound_1_Obs
7,2.5e-09,0.00118131742646056
7,2.5e-09,0.0060211092946361
7,2.5e-09,0.00877559639809033
7,2.5e-08,0.00246148105703394
7,2.5e-08,0.00702374494170851
7,2.5e-08,0.00901916284545176
7,2.5e-07,0.0458415007417848
7,2.5e-07,0.0519988798588136
7,2.5e-07,0.0674328332934975
7,2.5e-06,0.172474194357404
7,2.5e-06,0.176097222929688
7,2.5e-06,0.179985609034762
7,2.5e-05,0.221156774930142
7,2.5e-05,0.226506532675229
7,2.5e-05,0.234798337769555
