t,epo_level,Compound_1_Obs
10,2.5e-09,0.324390576781684
10,2.5e-09,0.30773712651932
10,2.5e-09,0.316318027042318
10,2.5e-08,0.223954762244552
10,2.5e-08,0.223998121263693
10,2.5e-08,0.232730767941183
10,2.5e-07,0.0618729630596744
10,2.5e-07,0.0861945253684486
10,2.5e-07,0.085367203253673
10,2.5e-06,0.0171468318476317
10,2.5e-06,0.0176573687042819
10,2.5e-06,0.0309830636719607
10,2.5e-05,0.00648533164492707
10,2.5e-05,0.00249399876726195
10,2.5e-05,0.00131494594596048
