t,epo_level,EpoRpJAK2_Obs,PTP_Obs,Compound_5_Obs,Compound_7_Obs
10,0,0.00041079274119455,3.34151111228413,3.18599878192063,3.09935835672231
10,1.3333e-08,0.00604222029213453,4.55585657597016,3.79255170702076,4.36702392776946
10,4e-08,0.0446743217597778,6.90726560483975,1.57117751863122,1.4515117164313
10,1.3333e-07,0.0606272873140486,6.42515131743874,2.56201149946605,0.89836195758859
10,4e-07,0.179351186152469,5.27639907803877,2.41356649894548,0.889721534627457
10,1.3333e-06,0.383995401355449,2.55908950270865,2.42972405542368,1.25938478131124
10,1.3333e-05,0.798343476965621,6.70106967027888,5.87516129040019,4.80506871803247
10,0.00013333,2.33430087535303,2.38308344419248,9.99346023690234,6.64068936615451
10,0.00066667,0.440839107411653,3.7603046417428,6.90372117140822,1.10262472354735
