t,epo_level,EpoRpJAK2_Obs,Compound_7_Obs
10,0,0,1.18573736639973
10,1.4286e-07,1.06015860354388,3.46255467770069
10,1.4286e-06,0.358212400709898,1.62680017823952
10,0.00014286,0.10133334732751,1.56782682151297
