t,epo_level,Compound_5_Obs
120,2.5e-09,35.3759858609999
120,2.5e-09,45.2137769720971
120,2.5e-09,47.7967481046646
120,2.5e-08,63.2119975623578
120,2.5e-08,61.3584004616902
120,2.5e-08,42.5209709868087
120,1.25e-07,58.8585514984
120,1.25e-07,65.1008960776504
120,1.25e-07,33.4727055826531
120,2.5e-07,46.312391252174
120,2.5e-07,49.9060774814727
120,2.5e-07,33.9027563258541
120,2.5e-06,46.3329229410988
120,2.5e-06,56.378197287843
120,2.5e-06,49.9853767385018
