t,epo_level,CISHRNA_Obs
11,0,0.000225924116578309
11,1.3333e-08,0.00012378184704374
11,4e-08,9.24754132079121e-05
11,1.3333e-07,8.83479098832961e-05
11,4e-07,0.000194983398276215
11,1.3333e-06,0.0001582358698421
11,1.3333e-05,0.000275577669258894
11,0.00013333,6.18739363780863e-05
11,0.00066667,0.000210280429585434
