t,Compound_1_Obs,Compound_6_Obs
0,2.70873276491357,70.4637872050064
10,2.56650344564763,NaN
15,NaN,50.4631900721697
20,2.98294364379504,NaN
25,NaN,73.165173257201
35,2.67933775486004,NaN
40,NaN,65.5169451052198
50,3.19890901753916,NaN
55,NaN,67.5330701603331
65,3.06379428791151,NaN
70,NaN,78.5628487060487
85,2.2505660992497,NaN
90,NaN,58.6675807886342
100,NaN,53.5509768417363
150,NaN,62.9274186449312
200,NaN,45.1505699056548
250,NaN,65.8253245843003
