t,epo_level,EpoRpJAK2_Obs,Compound_7_Obs
12,0,0.000117654559267659,1.32996391061077
12,0,0.000215986399736068,2.5588500438549
12,0.00014286,0.0681021509572306,2.29928888768158
12,0.00014286,0.106937088988387,2.27937663119135
