t,input_il6,SOCS3RNA_Obs
13,0,1.10749865630196e-05
13,0,2.91132031338622e-05
13,0,4.76312239729118e-05
13,15,0.000152165893170791
13,15,0.00018406106360113
13,15,0.000257931337498209
13,30,0.000132883309600764
13,30,0.000137037928304445
13,30,0.000419943447391154
13,60,0.000746680230270055
13,60,0.000836977754990829
13,60,0.00093596587419422
13,120,0.00265646023040259
13,120,0.00274418822866581
13,120,0.00277176493804745
