t,input_stattic,SOCS3RNA_Obs
0,0,5.6868654820281e-05
0,0,6.27386657343187e-05
0,0,6.34758329640336e-05
0,0,6.7747655754769e-05
0,1,6.04882662742138e-05
0,1,7.71112867645388e-05
0,5,5.93718706467022e-05
0,5,6.36441558887547e-05
0,10,7.57841631962515e-05
0,10,8.43124417663707e-05
0,20,5.91077178951026e-05
0,20,6.21861838010492e-05
0,50,6.09143194764645e-05
0,50,6.46378361997775e-05
0,50,7.63015061983103e-05
0,50,9.49855882273913e-05
