t,input_il6,SOCS3RNA_Obs
17,0.1,9.87497970378067e-05
17,0.1,3.36749372743406e-05
17,1,0.000150751971050626
17,1,2.65409588817098e-05
17,5,0.000131855766099517
17,5,0.000156934744796338
17,10,9.43490300836791e-05
17,10,0.000240908264814237
17,50,-5.19784551674269e-05
17,50,-1.28911828956688e-05
17,100,0.000127385426883247
17,100,4.39992524565969e-05
17,500,0.00284690263560745
17,500,0.00288294674951234
