t,Compound_2_Obs,Compound_3_Obs
0,12777343.1350998,33416766.2170738
2,NaN,50746814.4004027
2.5,48976179.1409527,NaN
4,NaN,78013618.2348599
4.5,55868706.8298545,NaN
6,NaN,80825270.3751346
7.5,74745547.0263663,NaN
8.5,NaN,109108316.923596
10,71129427.936443,98234289.8013623
15,87752715.566691,97612641.8989689
20,136492643.853387,114810738.881049
25,124852500.870841,205973048.24705
30,218464076.662225,237282069.424518
