t,input_il6,pJAK1_pgp130_Obs
27,0.1,-0.0491165555459352
27,1,-0.026012111579273
27,5,0.156450295332958
27,10,0.428700790543944
27,50,0.114578158613022
27,100,0.357045700393146
27,500,0.506309920279244
