t,STAT3_Obs,SOCS3_Obs
0,19.256864548807,0.303526728268885
3.5,NaN,0.168919509134282
7.5,NaN,0.983746069349275
10,3.7786402666928,-0.680151914805763
15,NaN,3.05209580553599
20,NaN,9.71614700943124
25,12.6647405307847,16.5737729144692
35,18.8049673986493,12.2265983197188
40,NaN,6.25577592788445
50,23.7303474777234,0.515442213454597
60,NaN,0.696337749375859
70,17.8212635608346,NaN
75,NaN,1.12619725583561
95,17.9844465741182,NaN
100,20.5886714328795,NaN
