t,input_il6,nSOCS3RNA5_Obs
10,0,-0.0149153533449772
10,0,0.0352672712689238
10,5,0.00798909928545039
10,5,0.0239935207875962
10,10,0.0221395817117715
10,10,0.0309236242788385
10,20,0.0568811426252904
10,20,0.0780354234948327
10,40,0.153360070385943
10,40,0.154945326854959
10,80,0.267124884755315
10,80,0.281747081359725
10,120,0.359844993453185
10,120,0.402254093344175
