t,STAT3_Obs,SOCS3_Obs
0,23.6486827922214,0.383217398794258
8.5,NaN,0.0233904344424612
10,10.5912529011562,NaN
15,NaN,1.63871033541162
20,8.51601049732873,NaN
25,NaN,13.0291612594176
30,21.3563405267705,NaN
35,NaN,11.7526459668966
45,17.2892268618428,NaN
50,NaN,1.79193991561417
60,20.837388885196,0.24076365068044
75,21.7772976934595,-0.735839031180918
95,20.1108252532473,0.51032518263394
100,21.6544854526081,0.103243039946999
150,16.8932484522663,NaN
