t,STAT3_Obs,SOCS3_Obs
0,17.3042952856545,-0.185703169933982
9,14.6563454599493,NaN
10,NaN,0.476237892961706
20,12.9614122551272,NaN
25,NaN,12.2389117955074
30,12.0159983637321,NaN
40,18.3703291642797,5.22273770537048
55,21.5324591362735,0.242036737526729
70,24.6623887464364,0.21774306729272
90,23.4532957986943,-0.0745147940184015
100,16.2699601629111,0.206021178846184
150,NaN,0.658175080946995
