t,input_il6,pJAK1_gp130_Obs
28,0,-0.000531223406000918
28,0,0.00163936704399884
28,0,0.00227137421766018
28,15,0.00381781852182775
28,15,0.00417936752186938
28,15,0.00198318327729048
28,30,0.00662428735864543
28,30,0.00758961813173281
28,30,0.00737615593158446
28,60,0.00694904768504544
28,60,0.00701015632253626
28,60,0.00550574831370583
28,120,0.0050631948388804
28,120,0.00445968384589072
28,120,0.0043090466692083
