t,STAT3_Obs,SOCS3_Obs
0,22.2623334740871,0.239552533252876
10,10.4838017127876,-0.377110116533348
20,NaN,3.66926398748898
25,15.6705748371728,NaN
30,NaN,9.61806406944716
35,16.4163941753649,NaN
45,NaN,3.23484587840906
50,21.4118244159127,NaN
55,NaN,0.804625704030208
65,17.778608909883,NaN
70,NaN,-0.671260117476111
85,18.4065113842465,NaN
90,NaN,-0.294728066707162
100,20.6536955756433,0.482338556113763
150,21.7369732994093,0.363635298695235
