t,SOCS3mRNA_Obs,CD274mRNA_Obs
0,0,0
15,41.975423525423,15.0648090283668
35,149.936141576172,44.0903997840739
50,325.440468356836,NaN
55,NaN,73.4215049446643
75,1474.72692240688,74.1271409868597
100,808.293264929617,335.016386467672
150,2656.20692326374,189.033614701907
200,1860.8064532294,217.244340217825
300,2512.59253602591,929.865956413533
