timepoint,cGlu_Obs
0,0.036025995486089
450,0.773105252139632
900,3.87507402276603
1500,24.6877644898858
2000,4.09559205876045
2500,9.88137154524445
3000,4.02347738544358
4000,3.5073220731847
4500,4.67819947059624
6000,2.15302331465278
7000,1.63097266033716
8500,0.542652513300468
