timepoint,cGlu_Obs
0,0.00685538684966548
350,4.11502525535974
750,0.996724508475786
1000,15.226454416457
1500,5.07906845720832
2000,20.8111358562733
2500,18.2189066860834
3000,2.53183903000422
4000,0.492882988248331
4500,0.942784634547679
5500,5.76959877487809
6500,2.38946686319228
8000,4.30261621701361
