timepoint,cGlu_Obs
0,0.0293028171765171
450,1.32315220698734
900,14.8036850615257
1500,20.8054154755265
2000,1.24013286364038
2500,3.62164731945458
3000,6.42864514846578
4000,2.49263519271605
5000,3.12778028441891
6000,5.75232506226393
7000,0.0359196927130273
8500,2.61698344794501
