timepoint,cGlu_Obs
0,0.0026514554614604
250,20.6832193548074
550,3.74419169789283
800,9.04882174279485
1000,3.25842824637254
1500,46.9196780079462
2000,3.9793724047124
2500,5.46474506869493
3000,8.2704039843132
4000,30.6436203196931
4500,1.67695800613544
5500,5.79449199613902
6500,0.347563490001376
