t,epo_level,pSTAT5_Obs,CISHRNA_Obs,CIS_Obs
11,0,-0.0114833124191758,0.000259399503238512,0.0990215095497309
11,0,-0.0143494804476561,0.000295437074047993,0.0880874403998439
11,0.00014286,0.540093940181076,0.000301551909807112,0.093906071007193
11,0.00014286,0.519362800829574,0.000285920285475267,0.099889269956741
