t,epo_level,pSTAT5_Obs,nSTAT5_Obs,CISHnRNA3_Obs,CISHRNA_Obs,CIS_Obs
23,0,0.017501974034648,0.27169712453082,0.000183859936047244,0.000307018513623927,0.0957262739882139
23,1.3333e-08,-0.0310016442357882,-0.365041295591006,0.000228475207778711,0.000249799038206766,0.0959154187459617
23,4e-08,0.311122880379981,0.814311509729048,0.000255214760693765,0.000277171093673833,0.0962346404747502
23,1.3333e-07,1.09752182277981,2.62412604999075,0.000368320462751312,0.000304329632443175,0.0946500398528937
23,4e-07,1.81567310693957,6.56325565167297,0.000742817556774356,0.000247925470417253,0.0901217894242896
23,1.3333e-06,1.92338295795443,11.0798563473756,0.00167304672794077,0.000278907974393984,0.100475544939146
23,1.3333e-05,1.70233071520305,11.2804886880803,0.00237344385352415,0.000354400246787927,0.0952762633440958
23,0.00013333,1.8258918104456,12.1385651336511,0.00253206057714519,0.000363591570346221,0.10966539992008
23,0.00066667,1.80869133141518,12.4331398694628,0.00244118806059331,0.000362779131937336,0.0950368337098121
