t,epo_level,pSTAT5_Obs,CISHRNA_Obs,CIS_Obs
14,0,-0.0418778125114649,0.000330051363293686,0.0989307022226698
14,1.4286e-07,2.23620681784057,0.000294917694977972,0.103333152332514
14,1.4286e-06,2.83903093625984,0.000282362503113876,0.0993241594887108
14,0.00014286,0.390406767049223,0.00030139077666861,0.100506257220035
