t,npSTAT5_Obs,CISHnRNA4_Obs
0,0.0913566097423047,0.000529161332765728
35,1.3129271948396,NaN
45,NaN,0.00322519210652104
75,1.18564117856563,NaN
95,NaN,0.00255597692848221
100,1.07400104530067,NaN
150,1.023822923926,0.00238585516297277
200,0.910557778233555,0.00250878758907212
250,0.967208527563902,NaN
300,0.919614659341684,0.00224011135823933
350,NaN,0.00214792123734436
400,1.00207982897397,NaN
500,0.792117186149228,NaN
600,0.935292648989522,NaN
