t,CISHnRNA4_Obs,SOCS3RNA_Obs
0,0.000224948292846319,0.0356032552568592
7.5,0.000223282711209277,NaN
9,NaN,0.0359599193306018
15,0.000181261535587568,NaN
20,NaN,0.0306472097277833
25,0.000126229352869181,0.0258935511757709
35,8.22880450977187e-05,NaN
40,NaN,0.0119377407867871
45,3.65553850440096e-05,NaN
50,NaN,0.00610355373496217
60,1.85609790936454e-05,0.00373950879443099
75,NaN,0.00128566563812435
95,NaN,8.48988925802865e-05
100,NaN,-0.000670978956716041
150,NaN,-0.00104166420209849
