t,epo_level,pSTAT5_Obs,CISHRNA_Obs,CIS_Obs
13,0,-0.037796153439169,0.000266178643288795,0.0917362067786502
13,0,-0.02360993350809,0.000267120602234414,0.091792070317389
13,0.00014286,0.490942145392379,0.000263372267806733,0.0965429471727528
13,0.00014286,0.553391471041587,0.000262300833664951,0.101761681332527
