t,input_stattic,Compound_7_Obs
0,0,0.0736686932763175
0,0,0.0833611581210653
0,1,0.0817454804608941
0,1,0.0882190576985792
0,5,0.0805692285945305
0,5,0.0743601326101143
0,5,0.0866451789151163
0,5,0.0785996238423943
0,10,0.0825937987502794
0,10,0.0830746642966317
0,20,0.0746991394877698
0,20,0.0836586361727949
0,50,0.0756525490136289
0,50,0.0797806948681933
