t,input_stattic,Compound_6_Obs
14,0,62.8470176489887
14,20,39.7230810296605
14,20,38.0437178533397
14,20,40.0902292306408
14,20,40.8774528640675
14,40,30.9454575642143
14,40,34.3907057680335
14,40,32.9933969662226
14,40,32.4205909766696
14,50,32.7026151171042
14,60,28.5549757604752
