t,input_il6,Compound_6_Obs
19,0,23.1743185001082
19,0,27.1047724920585
19,5,48.7075424089684
19,5,47.3450364468874
19,10,67.8579934842194
19,10,64.7022378718114
19,20,56.5898687757085
19,20,53.3511220074978
19,40,60.1199527649332
19,40,64.100329758759
19,80,41.236575424248
19,80,37.8494737795417
19,120,68.8386764576433
19,120,64.9447428164038
