t,input_stattic,Compound_6_Obs
13,0,67.5076081968725
13,20,43.1244366753816
13,40,32.1737408224986
13,50,32.5121538492324
13,60,30.0244254798691
