t,Compound_1_Obs,Compound_4_Obs
0,26.619344836621,23.6865708244144
15,64.9991210868069,NaN
20,NaN,23.4304041716913
30,42.9711649667692,NaN
40,NaN,25.1874710925168
50,23.3919014639064,NaN
65,25.36452771882,24.7559602598105
85,26.4551639595592,24.2278520452374
100,24.7591497640952,26.3629324124054
150,24.5211909497127,26.3452851105315
200,25.1349721944285,26.1153639075869
250,25.3472609110931,24.3826630612497
300,26.2707465161641,27.2595263737973
350,NaN,27.8552811658118
