t,input_il6,Compound_4_Obs
30,0.1,26.879912365626
30,1,26.0674652937524
30,5,27.2436338249119
30,10,26.8746537067567
30,50,27.9753872011916
30,100,27.1242858711422
30,500,23.7567982393078
