t,MEK_Obs,pMEK_Obs
0,1.12822221294194,0.000575514013968456
0.3,1.02531061969588,NaN
0.6,0.531955635186924,NaN
0.9,0.779384802543349,NaN
1.5,1.07246279952342,NaN
2,0.591538625958794,NaN
2.5,1.0520925669329,NaN
3,0.494016451376384,NaN
4,1.2624378433086,0.00189702751095105
5,0.364092776993701,NaN
8.5,NaN,0.00286034356310238
15,NaN,0.00237277337304155
20,NaN,0.00529934191768181
