t,CISHnRNA4_Obs,SOCS3nRNA5_Obs
0,0.000390747839982903,0.00151709692236764
60,NaN,0.00188890814577839
75,0.0023004667275393,NaN
150,0.0019489953384623,0.00188867506674067
200,NaN,0.00125680387306574
250,0.00176320908785701,NaN
300,NaN,0.00154424311414466
350,0.00187053710082604,0.00173987607071268
450,0.00169405196910656,NaN
500,NaN,0.00162901236559083
600,0.00153173509407301,NaN
