t,epo_level,nSTAT5_Obs,SOCS3nRNA1_Obs,SOCS3nRNA4_Obs
6,0,0.00133876032298501,0.00156839503243302,0.00143132752804675
6,1.4286e-07,1.68079089287517,0.00160995713244952,0.00162932721929526
6,1.4286e-06,0.0212861814683215,0.00225296141418676,0.00138896485247445
6,0.00014286,0.00245673072588366,0.000801631266633338,0.000725499478058745
