t,epo_level,SOCS3nRNA5_Obs
17,0,0.002640950309667
17,1.3333e-08,0.00147913540044564
17,4e-08,0.00138910987892875
17,1.3333e-07,0.00111802551414556
17,4e-07,0.000967753346022857
17,1.3333e-06,0.000895487725325368
17,1.3333e-05,0.00217252113163227
17,0.00013333,0.00142402032382083
17,0.00066667,0.00135627563715947
