t,epo_level,nSTAT5_Obs,SOCS3nRNA1_Obs,SOCS3nRNA4_Obs
13,0,-0.108969791676237,0.00136455575272699,0.00154299909265852
13,1.4286e-07,0.109596016722713,0.00162616436324368,0.00149174015109979
13,1.4286e-06,0.561431124544876,0.00155554428821337,0.00144089357578964
13,0.00014286,5.41025775091189,0.00189153812604386,0.00201192544493374
