t,epo_level,SOCS3_Obs
22,0,1.27908432062591
22,1.3333e-08,1.1560317618333
22,4e-08,1.09840056025781
22,1.3333e-07,1.15699607948574
22,4e-07,1.09524579410993
22,1.3333e-06,1.15886046739755
22,1.3333e-05,1.3272950800152
22,0.00013333,1.43203105864542
22,0.00066667,1.33579499271086
