t,epo_level,nSTAT5_Obs
22,0,0.166989485381808
22,1.3333e-08,-0.155727593524065
22,4e-08,0.214743920492226
22,1.3333e-07,-0.334009307404442
22,4e-07,0.643839438041167
22,1.3333e-06,2.08646643698582
22,1.3333e-05,8.03282483171933
22,0.00013333,9.57430825460009
22,0.00066667,9.74348287544029
