t,epo_level,SOCS3nRNA1_Obs
170,2.5e-09,0.0177941410472582
170,2.5e-09,0.0301984360635621
170,2.5e-09,0.0361672809455902
170,2.5e-08,0.03074716772283
170,2.5e-08,0.0329890629943658
170,2.5e-08,0.0376602710721985
170,1.25e-07,0.0458186730478024
170,1.25e-07,0.0468069278628728
170,1.25e-07,0.0500104544749243
170,2.5e-07,0.0468825431887947
170,2.5e-07,0.0469875243397378
170,2.5e-07,0.0528596240329731
170,2.5e-06,0.0761562506051489
170,2.5e-06,0.0847971504535585
170,2.5e-06,0.0892946211465875
