t,CISHnRNA4_Obs,SOCS3nRNA5_Obs
0,0.000219998754864023,0.00136184389536604
15,0.000222431736979775,0.00149630499882747
25,0.000226584159933565,0.00145545389174912
40,0.000219534883562632,0.00154396194495939
60,0.000221597660268103,0.00140524402468843
80,0.000212892136402812,0.00143641780112821
100,0.000227412017109911,0.0013199644611687
