t,input_stattic,nSOCS3RNA5_Obs
0,0,0.00212547872849325
0,0,0.00316665908611106
0,1,0.00163114084673018
0,1,0.00603209895909816
0,5,0.00177952707840063
0,5,0.00514278654360905
0,10,0.00509482791111482
0,10,0.00239405838190021
0,20,0.00273300079889979
0,20,0.00255842013473049
0,50,0.00643969106327927
0,50,0.0048221147877825
