t,input_stattic,nSOCS3RNA5_Obs
37,0,0.0267196761591501
37,20,0.0110030315082633
37,40,0.00975488308437713
37,50,0.00287757816898425
37,60,0.00354047520257457
