t,input_ruxolitinib,nSOCS3RNA5_Obs
26,0,0.00526777121674007
26,10,0.00756374940689537
26,10,0.00254810306639107
26,50,0.00156605659200154
26,100,0.00171313889469102
26,200,0.00187166330515718
26,400,0.00178569935145795
26,500,0.00269653488418368
26,600,0.00214669104746573
26,800,0.00388572198300132
26,1000,0.00276450080273225
26,2000,0.00228575036266049
26,5000,0.00262993210088794
