t,input_il6,tpSTAT3_Obs
94,0,0.182060067601522
94,0,0.371600735118347
94,0.5,0.397243617604774
94,0.5,0.601507742583179
94,1,0.357571950319596
94,1,0.493878652731258
94,2.5,2.52731208182811
94,2.5,2.07193085756517
94,5,5.48986198759164
94,5,6.67825580394524
94,10,1.04007055338536
94,10,1.17044008239046
94,25,3.54662158405542
94,25,2.65018311376003
94,50,0.811841125437031
94,50,1.35036904322514
94,100,6.19718217108703
94,100,4.00362263051831
94,500,10.210118710874
94,500,9.71986448760108
