t,input_il6,nSOCS3RNA5_Obs
14,0,0.0027099765294679
14,0,0.0039844990670904
14,5,0.00304219405733716
14,5,0.00270488536087907
14,10,0.0104714450753986
14,10,0.00776838384565273
14,20,0.00776697221953575
14,20,0.00618234504710776
14,40,0.00945416097197373
14,40,0.00429102663561886
14,80,0.00351906697887297
14,80,0.001747612362398
14,120,0.0122059012932231
14,120,0.00922181246957297
