t,input_il6,nSOCS3RNA5_Obs
26,0.1,0.00114981052765006
26,1,0.00119200420091011
26,5,0.00194896680822265
26,10,0.0124147672627382
26,50,0.00107716644579415
26,100,0.00661682215287895
26,500,0.00817862646773861
