t,input_ruxolitinib,nSOCS3RNA5_Obs
37,0,0.0251005357208204
37,10,0.0437005877184918
37,50,0.041797558763933
37,100,0.00784764779032949
37,200,0.02324432542803
37,200,0.0125767432775044
37,400,0.00173509358824838
37,500,0.0095157623250543
37,600,0.0203480551887764
37,800,0.00879556610105191
37,1000,0.00136073022064766
37,2000,0.000892772144123211
37,5000,0.00580345706535943
37,5000,0.00595428139247228
