t,epo_level,EpoRJAK2_Obs,CISHnRNA4_Obs,Compound_1_Obs,Compound_2_Obs
15,0,1.11159299308352,0.000184344294293629,0.00122294098557553,4.09008091439771
15,1.3333e-08,1.26214935466581,0.00012122344438129,0.0178120452389506,2.03074066033988
15,4e-08,0.942533182902751,8.05109097354842e-05,0.0653278253622957,6.54781348119174
15,1.3333e-07,0.952390980768696,9.59813923455245e-05,0.245496667881327,5.84551362275333
15,4e-07,0.626112288810772,0.000122340436057303,0.296404340709498,2.9746693436045
15,1.3333e-06,0.465585557738138,0.000127809967134776,1.34654403113422,2.04548245578541
15,1.3333e-05,0.0261804583439112,0.000585180532486076,1.84195607992834,0.731982110800821
15,0.00013333,0.00385669863322438,0.000571871300917277,0.935780882282094,0.642326376273215
15,0.00066667,0.00259559178893156,0.000630476715337177,1.34431141411074,0.341848357728929
