t,epo_level,Compound_3_Obs
38,0,0.454794874432675
38,1.3333e-08,0.476193083238676
38,4e-08,0.628951169738331
38,1.3333e-07,0.864690577973626
38,4e-07,1.12770148779717
38,1.3333e-06,0.764422768533742
38,1.3333e-05,0.547480048162451
38,0.00013333,0.634298065226886
38,0.00066667,0.873709302179151
