t,epo_level,CISHnRNA5_Obs
10,0,3.64775962953008e-05
10,0,0.000157253360093778
10,0.00014286,8.22457069361903e-05
10,0.00014286,0.000132888724041634
