t,epo_level,CISHnRNA1_Obs
22,0,5.18236395759504e-05
22,1.3333e-08,0.00100183613298724
22,4e-08,0.000644177556538993
22,1.3333e-07,0.000889047890792687
22,4e-07,0.000522703180689701
22,1.3333e-06,0.000195828798232017
22,1.3333e-05,0.000135829129114629
22,0.00013333,0.000430895422471654
22,0.00066667,0.000110863580928538
