t,CISHnRNA1_Obs,Compound_2_Obs
0,8.42274237579308e-05,2.12807782050818
5.5,0.797300820455333,NaN
8,NaN,3.05284470468032
10,0.826922133041856,NaN
15,NaN,4.26331159845614
20,1.3458665559971,NaN
25,1.93926941710284,2.72765856987128
35,0.978630636268295,NaN
40,NaN,3.16064799863452
50,NaN,4.40188468593496
65,NaN,3.0492681817301
85,NaN,3.96707717417014
