t,epo_level,CISHnRNA5_Obs
14,0,8.24318738006467e-05
14,1.3333e-08,7.26021558629737e-05
14,4e-08,7.28580037403219e-05
14,1.3333e-07,8.68636798731376e-05
14,4e-07,7.33738614597498e-05
14,1.3333e-06,0.000134070257746237
14,1.3333e-05,0.000336356491994572
14,0.00013333,0.000268894845773328
14,0.00066667,0.000146458937137375
