t,fourABnOH_level,AC_Fsk_Obs,RIIp_C_2_Obs,Rp8_Br_cAMPS_Obs,RIIp_Sp8_Br_cAMPS_2_Obs
40,0,0.265601240970336,0.0116125082175756,-0.125447466502214,-0.505154896671867
40,0.016,0.298779236899253,0.010353433173112,0.05646140142553,0.334539652289991
40,0.08,0.15436720848239,0.0158519488073764,0.222373446396747,0.455345081694314
40,0.4,0.35805068802269,0.0100915306691438,0.0766376386749555,0.671433427330357
40,2,0.135647272507491,0.0106047240946133,0.194764473968282,0.652309526550643
40,10,0.386758857898823,0.00868918855856223,-0.256741231301137,0.749455408831845
40,50,0.351963407508681,0.00924639296406737,0.230326729753609,0.0827008283532769
