t,Rp_cAMPS_pAB_level,AC_Fsk_Obs,RIIp_C_2_Obs,RIIp_cAMP_C_2_Obs,RII_2_Obs
30,0,0.227438588787743,0.188089564112936,0.0114526206933333,0.0925669526819532
30,0.016,-0.139831424131403,0.228068447704558,0.0117952366639403,0.100714061138432
30,0.08,-0.143108983997626,0.258207527807738,0.00877673264650642,0.119742807560521
30,0.4,0.324052999774839,0.186120933829255,0.00938826799152711,0.0911034970337624
30,2,-0.185497972494813,-0.00606857007311766,0.00149497794734701,0.0580114678025492
30,10,0.049385662667997,0.163512218033186,0.0077224416952371,0.0952998635039254
30,50,0.347450060466591,0.0382148684551416,-0.000228320787859873,0.0559061544086268
