t,epo_level,SOCS3nRNA3_Obs
49,2.5e-09,0.0074554579254036
49,2.5e-09,0.00317720311950124
49,2.5e-09,0.00976537943279478
49,2.5e-08,0.00817478123140132
49,2.5e-08,0.00899987970931604
49,2.5e-08,0.00789804412427102
49,1.25e-07,0.0108568139730746
49,1.25e-07,0.00843306900377486
49,1.25e-07,0.0108962548310202
49,2.5e-07,0.00652702512519604
49,2.5e-07,0.0018149891173434
49,2.5e-07,0.00323649665761918
49,2.5e-06,-0.00107593612624407
49,2.5e-06,0.00045119934264479
49,2.5e-06,-0.000539544787392612
