t,insulin_dose_1,Compound_1_Obs,Compound_3_Obs,Compound_5_Obs,Compound_8_Obs,Compound_9_Obs
7,0,11.9675984635139,10.2535687885502,11.27363995871,0.778216850395282,-0.0515733282201617
7,0.01,10.6116466608768,9.14416350202412,8.6536492878192,0.632723732912006,0.0994724722250399
7,0.1,8.75000748435451,9.96175095394916,12.0259120120727,0.987411009390555,0.721695388824293
7,0.3,12.769630892879,8.04951212376638,11.518231054689,1.87309236290169,1.90935070573739
7,1,14.657848449003,5.5292313169056,11.6098913242226,3.60931138332864,3.76924155446489
7,10,18.9524378078047,3.74388562450208,13.1793214053568,5.56874266240446,6.91171506343456
7,100,15.8112689479439,3.05371990472922,13.2844021474015,5.72718211622673,6.4576752199888
