t,fourABnOH_level,pAC_Fsk_Obs
63,0,-0.0115664070439633
63,0.016,-0.0929414762628141
63,0.08,0.0235406595054497
63,0.4,0.0504040869780277
63,2,-0.13756653817744
63,10,0.2351325804197
63,50,0.0586033907816263
