t,Rp_cAMPS_pAB_level,Compound_3_Obs
63,0,1.3551665689106
63,0.016,0.885585512783712
63,0.08,1.31245867428097
63,0.4,2.35985142654123
63,2,1.27208076793426
63,10,5.80825581454975
63,50,29.0632405167758
