t,fourABnOH_time,pAC_Fsk_Obs
58,0,0.175125281003578
58,30,-0.0348523699403457
58,45,-0.105950516599168
58,55,-0.00758848687733656
58,59,0.183251788403658
58,60,-0.0355282850954955
