t,Rp8_pCPT_cAMPS_pAB_level,Compound_3_Obs
21,0,0.259873666067134
21,0.016,0.264625583351409
21,0.08,0.290899516870516
21,0.4,0.264941930240804
21,2,0.249663200035698
21,10,0.195530333205866
21,50,0.156733034863951
