t,epo_level,p12EpoRpJAK2_Obs
4,2.5e-09,1.18369040740814
4,2.5e-09,1.18210861072573
4,2.5e-09,1.02600086584586
4,2.5e-08,0.876691762834204
4,2.5e-08,1.1076653937336
4,2.5e-08,0.819888197304959
4,2.5e-07,0.356977156305023
4,2.5e-07,0.431586813483572
4,2.5e-07,0.341654598828131
4,2.5e-06,0.0526758680384589
4,2.5e-06,0.0624386573837541
4,2.5e-06,0.0481636979200807
4,2.5e-05,0.00545202486314806
4,2.5e-05,0.00538860090090278
4,2.5e-05,0.00627305629054787
