t,p2EpoRpJAK2_Obs,p12EpoRpJAK2_Obs
0,9.13428603734576e-05,8.73841443865533e-05
10,NaN,0.48509527931512
15,0.210758993548651,NaN
25,NaN,0.102522794143172
30,0.131136724295231,NaN
35,NaN,0.0538046609678461
45,0.111335030680597,NaN
50,NaN,0.0458643543440076
60,0.0967642942327221,NaN
70,NaN,0.0326533057549799
75,0.0705705220947419,NaN
85,NaN,0.0287299361628543
100,0.0567512066016568,0.0254256699961143
150,0.0738531351468664,0.0207278295252419
200,0.0465004477621035,NaN
