t,epo_level,p12EpoRpJAK2_Obs
4,2.5e-09,0.0053388734482437
4,2.5e-09,0.00657625943975022
4,2.5e-09,0.00692432733420688
4,2.5e-08,0.0460977143169605
4,2.5e-08,0.04962921138497
4,2.5e-08,0.0502184677429268
4,2.5e-07,0.342826003907124
4,2.5e-07,0.390938682524991
4,2.5e-07,0.400046496321259
4,2.5e-06,0.897419338982094
4,2.5e-06,0.954731954382206
4,2.5e-06,1.1220610075688
4,2.5e-05,0.900629610692053
4,2.5e-05,0.963949785427121
4,2.5e-05,1.0689127599395
