timepoint,Glu_Obs,Compound_1_Obs
0,14.7226548145562,18.832079735275
40,NaN,NaN
80,3.24535688710951e-85,NaN
100,3.23577065866215e-88,NaN
150,2.05904464374747e-91,NaN
250,NaN,NaN
300,6.68610122955447e-125,NaN
350,1.14647871568285e-121,NaN
450,1.97519903236437e-119,NaN
550,NaN,23.6964831498019
1000,NaN,112.040469559357
2000,NaN,4.84837869500304
2500,NaN,50.9513847267533
3500,NaN,23.5672121466265
5000,NaN,7.56332267098768
6500,NaN,71.2715553994183
8500,NaN,21.5901283959258
