t,epo_level,SOCS3_Obs
5,2.5e-09,2.07524346479275
5,2.5e-09,2.43692788083057
5,2.5e-09,1.74704861846576
5,2.5e-08,2.00958150512483
5,2.5e-08,2.0392920240747
5,2.5e-08,1.96588964016512
5,2.5e-07,2.06835870758441
5,2.5e-07,1.86766687317996
5,2.5e-07,1.87643262528653
5,2.5e-06,1.84553791567839
5,2.5e-06,1.6952835666772
5,2.5e-06,2.28168346289657
5,2.5e-05,2.05400625458816
5,2.5e-05,1.92051242503897
5,2.5e-05,2.08407749654598
