t,epo_level,SOCS3_Obs
13,0,0.543917391586785
13,1.4286e-07,0.480265951831885
13,1.4286e-06,0.551534365267209
13,0.00014286,1.27087626372834
