t,epo_level,SOCS3nRNA5_Obs
49,2.5e-09,0.0970686620241372
49,2.5e-09,0.102626766609631
49,2.5e-09,0.111150378439671
49,2.5e-08,0.128022696668991
49,2.5e-08,0.113911388976177
49,2.5e-08,0.126519441768968
49,1.25e-07,0.111031282591941
49,1.25e-07,0.131387819187041
49,1.25e-07,0.113626705843642
49,2.5e-07,0.0659247323778207
49,2.5e-07,0.08131602306927
49,2.5e-07,0.0591468099815824
49,2.5e-06,0.0185765575604535
49,2.5e-06,0.0291274664207477
49,2.5e-06,0.0139812252162684
