t,epo_level,SOCS3_Obs
11,0,0.634764556410842
11,1.4286e-07,0.980622891365492
11,1.4286e-06,0.542456072565411
11,0.00014286,0.510507983344094
