t,epo_level,CISHnRNA2_Obs,SOCS3nRNA3_Obs
18,0,6.06752580221055e-05,0.000338116665735144
18,0,6.94620891021835e-05,0.00035025932688449
18,0.00014286,0.000182126483368282,0.000301478912441688
18,0.00014286,0.000209243454691745,0.00032197626894556
