t,epo_level,CISHnRNA2_Obs,SOCS3nRNA3_Obs
11,0,5.93638996253489e-05,0.000297031310805181
11,0,8.39255750182947e-05,0.000368998799347762
11,0.00014286,0.00013612691333959,0.000264026647319022
11,0.00014286,0.00019597192689504,0.000241973752124713
