t,EpoRJAK2_Obs,SOCS3RNA_Obs
0,2.11073085941916,0.00198430531553768
10,1.79084674210875,0.00235230102378462
20,2.72627188908369,NaN
25,NaN,0.00236736655270782
35,2.18818467131882,0.00236696176422427
50,2.43573286051452,0.00224327956287141
65,2.16890706289321,0.00242990566880856
80,2.24878160123762,NaN
85,NaN,0.00247254434078439
100,2.51486810853047,NaN
