t,epo_level,CISHnRNA2_Obs,CISHnRNA4_Obs,SOCS3nRNA3_Obs
32,0,5.86530997327343e-05,7.69999864797758e-05,0.000420610147672737
32,1.3333e-08,0.0026102816565395,0.00230679172411411,0.000378029703547149
32,4e-08,0.00190985852961804,0.00225532043813855,0.000354383547334936
32,1.3333e-07,0.00126432731659516,0.00235683414777289,0.000428640564459179
32,4e-07,0.00111751944874014,0.00215900517981355,0.000284082018835267
32,1.3333e-06,0.000929471511056989,0.00111818853459441,0.000378321362457469
32,1.3333e-05,0.000259922428780995,0.000169112318969606,0.000405454090582646
32,0.00013333,0.000969765024905109,0.00165966321695972,0.000283061512123107
32,0.00066667,0.00108179918182735,0.00050932394252009,0.00028941112007208
