t,init_TGFb,geneL_Obs
40,0,1.01289920682206
40,0,0.950856455244897
40,0.1,0.818168111944776
40,0.1,0.918353155061483
40,1,0.705611810409589
40,1,0.705075104058841
