timepoint,Glu_Obs
0,10.3906601503269
400,10.5493155239424
800,10.0137871915274
1000,9.70170100522462
1500,7.68353000209042
2000,5.39608811247191
2500,4.98693849609739
3500,1.85881354352138
4000,0.487760555775247
5000,0.127888420105549
6000,-0.548666894628144
7500,-0.414298153847578
