timepoint,Glu_Obs
0,9.79365392134426
350,9.88798191501204
750,9.93039432577845
1000,9.14991236029226
1500,10.0351135566886
2000,9.54938890553498
2500,6.93755146042403
3000,6.85940911697046
4000,3.78244347547519
4500,2.66445824355708
5500,0.0870468171125411
7000,-1.2873314844385
