timepoint,Glu_Obs
0,9.93831890686216
35,0.00916283546647303
75,-0.097061335274105
100,0.00452372585417413
150,0.0447548928892983
200,0.104819313225614
250,-0.0317099530372353
350,0.0571702218437074
400,-0.125173727300675
