t,input_stattic,nSTAT3_Obs,nSOCS3RNA4_Obs
25,20,78.6692160187819,0.0464142150699208
25,25,63.6563871259263,0.046496416486149
25,30,57.9155569321966,0.0353248497228069
25,40,45.8810898286875,0.0239914142883975
25,50,48.2907658212737,0.0245159367310107
25,60,36.7942954923197,0.0176641388954128
