t,nSTAT3_Obs,SOCS3RNA_Obs
0,16.8012445130763,0.000170358582191516
9.5,31.9513157653771,NaN
10,NaN,0.000102864494680535
20,41.6637109340648,NaN
25,NaN,0.00325794584897164
30,36.7926675641465,NaN
35,NaN,0.0121212422626897
40,31.5019587525778,NaN
50,NaN,0.0226607207072918
55,11.5790987837966,NaN
65,NaN,0.0161509762474225
70,14.2582736412168,NaN
85,22.821772934379,0.00338272867268045
100,12.2715742757972,0.00227169223137442
150,22.678946874863,0.00257056310290069
