t,input_il6,nSTAT3_Obs
17,0,16.0757894838983
17,0,15.4752564339392
17,5,18.0483225493172
17,5,17.1048068388654
17,10,37.3804069557606
17,10,63.158770849117
17,20,19.1206995362164
17,20,30.0394735776756
17,40,35.5858213634772
17,40,43.0517697977519
17,80,32.009344983775
17,80,16.3770376625163
17,120,46.8971628723118
17,120,53.7335080845396
