t,input_il6,nSTAT3_Obs
12,0,20.3279299417131
12,0,10.6664498688428
12,0,13.2123372609426
12,15,36.731644714306
12,15,51.8614944477024
12,15,42.5866714070282
12,30,38.5986484947124
12,30,31.457378123636
12,30,22.0079148208867
12,60,39.6009766132204
12,60,37.0557570082109
12,60,32.7434143213118
12,120,46.0918472977586
12,120,51.7417233686792
12,120,50.458256935085
