t,input_stattic,Compound_1_Obs
17,20,10.2973329499902
17,25,10.6297865736713
17,30,9.52232690536355
17,40,7.63428885537639
17,50,5.62477205993886
17,60,4.48181698764294
