t,input_il6,Compound_3_Obs
55,0,70.8720328006726
55,0,71.7668815829806
55,0.5,65.4771227057459
55,0.5,70.9279915631056
55,1,70.2614566595781
55,1,83.0316658837046
55,2.5,75.8858635106343
55,2.5,82.7725971366479
55,5,79.4912456644146
55,5,81.3711170885672
55,10,77.8912628620267
55,10,91.1512563061584
55,25,75.6110685697886
55,25,98.0904089002523
55,50,74.7917511827588
55,50,98.4210813979888
55,100,90.608411562237
55,100,100.952479998897
55,500,97.5204205934346
55,500,105.046094009946
