t,input_ruxolitinib,Compound_4_Obs
19,0,19.0003834569339
19,0,21.0826558211443
19,0,23.1400004331481
19,0,23.3000529048627
19,10,20.0419566881159
19,50,19.1751703149197
19,100,18.0504226122416
19,200,13.1212807896975
19,400,11.5968411871793
19,500,8.84772731885798
19,600,8.59909195357593
19,800,6.8509468462862
19,1000,4.59651078142179
19,2000,1.6325494483316
19,2000,3.56700841877004
19,5000,0.495740430873933
