t,input_stattic,Compound_3_Obs
24,0,104.003843014265
24,20,94.4811340625711
24,40,89.5579558553394
24,50,98.6852412680358
24,60,81.1282686323956
