t,input_il6,Compound_3_Obs
22,0.1,82.1671074597345
22,1,71.3239877902821
22,5,82.3779337780694
22,10,97.2370203789878
22,50,65.9082556495308
22,100,81.8946334512685
22,500,108.215122918002
