t,input_il6,Compound_3_Obs
55,0,71.7668815829806
55,0,70.8720328006726
55,0.5,70.9279915631056
55,0.5,65.4771227057459
55,1,83.0316658837046
55,1,70.2614566595781
55,2.5,77.8912628620267
55,2.5,91.1512563061584
55,5,90.608411562237
55,5,100.952479998897
55,10,82.7725971366479
55,10,75.8858635106343
55,25,75.6110685697886
55,25,98.0904089002523
55,50,81.3711170885672
55,50,79.4912456644146
55,100,74.7917511827588
55,100,98.4210813979888
55,500,97.5204205934346
55,500,105.046094009946
