t,input_stattic,Compound_2_Obs
17,0,0.245006490992138
17,0,0.260388798897065
17,0,0.284508926277021
17,0,0.301867837340299
17,20,0.200761584233554
17,40,0.198951119041422
17,50,0.236713955760189
17,60,0.195815883449725
17,60,0.230802865791349
17,60,0.246150718205764
17,60,0.24658564000522
