t,pApoER2_re_Dab1_Obs,ApoER2_re_Dab1SFKInh_Obs
0,1.02286777275675e-07,0
20,NaN,0.000656484618604841
35,2.34209655073386e-05,NaN
40,NaN,0.00115250403567336
65,NaN,0.00110774885205612
70,4.4987455295557e-05,NaN
90,NaN,0.00217332804142774
100,4.43701976846784e-05,0.00174821656059914
150,5.46167852095689e-05,0.00224184536661241
200,3.7679123480438e-05,NaN
250,6.27276481930558e-05,NaN
300,7.44323450178333e-05,NaN
400,8.66388755133075e-05,NaN
450,6.69321305120243e-05,NaN
600,0.000102720746863893,NaN
