t,input_stattic,pJAK1_gp130_Obs
25,0,0.00104430890960303
25,20,0.017247124189269
25,40,0.0271834514480907
25,50,0.0248869726054663
25,60,0.025066771403927
