t,input_stattic,pJAK1_gp130_Obs
14,0,0.0268652045707283
14,20,0.0256136483565715
14,20,0.0274759570379652
14,20,0.0278227812766768
14,20,0.0293631916094888
14,40,0.0334573312769216
14,50,0.0269891561289195
14,60,0.0231250796501799
14,60,0.0294038472734088
14,60,0.0358010660978573
14,60,0.0365410403171744
