t,input_il6,pJAK1_gp130_Obs
23,0.1,0.00086123517921121
23,0.1,0.000837343791197371
23,1,0.00133382688209985
23,1,0.00131684795322504
23,5,0.00881916076058342
23,5,0.00713584040566546
23,10,0.0589116712350979
23,10,0.0487167991499458
23,50,0.00398801792321743
23,50,0.00412493637562401
23,100,0.0354500065211415
23,100,0.0475446499511824
23,500,0.0531963378656413
23,500,0.0479053545283119
