t,epo_level,Compound_11_Obs
96,2.5e-09,284.695115031452
96,2.5e-09,297.082383113815
96,2.5e-09,300.402675278605
96,2.5e-08,628.489945060434
96,2.5e-08,658.102995046729
96,2.5e-08,702.09491407486
96,1.25e-07,1034.57285308109
96,1.25e-07,1106.04482710426
96,1.25e-07,1106.77375342911
96,2.5e-07,1224.40691070645
96,2.5e-07,1229.06263714912
96,2.5e-07,1272.46339128734
96,2.5e-06,1599.36642932712
96,2.5e-06,1635.44962798879
96,2.5e-06,1647.63686739111
