timepoint,Compound_1_Obs
0,10.0138505108695
400,10.1208589209379
850,9.33213345595487
1500,8.07420402043361
2000,7.88060764065376
2500,5.71685081814071
3000,5.80105450023331
4000,4.6304531316832
4500,4.32750375299527
6000,2.09031946736571
7000,1.75252904927456
8500,4.3695583880144
