timepoint,Compound_1_Obs
0,10.4760188378897
450,9.51374857820901
900,10.6948811846807
1500,9.41760943581124
2000,9.14499172481588
2500,7.9875339951406
3000,5.46597685159813
4000,3.3844401290534
5000,2.99857637126048
6000,0.885405196408261
7000,0.228538947599303
8500,0.604842566911327
