timepoint,Compound_1_Obs
0,10.2152050102396
450,9.66103939980066
850,10.0853628443586
1500,7.31071305597528
2000,6.65955775628478
2500,6.36476756306049
3000,5.8344913230061
4000,3.78198333256993
4500,3.35249677527052
6000,4.02236848881371
7000,2.76750889865572
8500,2.4918811232252
