timepoint,Compound_1_Obs
0,10.5237398257895
500,9.15883384122681
1000,10.0489355159299
1500,9.54720692570174
2000,9.26728079047631
3000,5.69869165184172
3500,4.2283937549418
4500,2.42746354062559
5500,1.8582413880758
7000,-0.290462680004054
8500,1.08415438867514
