timepoint,Compound_1_Obs
0,9.3731784609128
400,10.2961633337325
800,9.32870459597242
1000,10.0941132750418
1500,8.34769574353432
2000,7.05557234102079
3000,2.64552486725626
3500,1.50150976616731
4500,1.24150086308131
5500,0.120472129090193
6500,1.47346527835056
8000,-0.246438711023841
