timepoint,Compound_1_Obs
0,8.90235586074003
350,10.3065067607986
750,10.0618794213393
1000,9.33172571255233
1500,9.52952135346711
2000,9.22177425173171
2500,6.83557515382981
3500,4.03453209534366
4000,2.63410763448411
5000,0.800550486045754
6000,0.485729854134347
7000,-0.113476868763939
8500,-0.682188426378996
