timepoint,Compound_1_Obs
0,9.66698811437748
450,9.53113551399685
900,11.0068986932282
1500,9.24969350285829
2000,8.73073364397787
2500,9.07809581960457
3000,5.82009510390866
4000,7.44487099980869
4500,4.16184193542049
6000,4.62592694645609
7000,3.98153847133941
8500,2.47290145172773
