t,p_IL13_Rec_i_Obs,STAT5_Obs
0,-1.47338752016049,228.203257367893
10,4.42514846980002,110.264145609553
25,-0.436236679639475,49.8487889205849
40,-1.22126267067,35.8175109284975
55,0.534602826254091,-12.5375429545524
70,1.32883438175904,-21.1043203983516
85,1.35041042095315,-48.5143150381188
100,0.149898367398205,91.0326174448541
150,3.80514316751749,-13.1443127023535
200,2.2159221267717,58.5766946616817
250,0.726941006307985,38.5063601054535
300,0.695496256411943,88.8350989645092
