t,STAT5_Obs,Rec_i_Obs,Rec_Obs
0,144.411970620434,-280.940405341635,2.87819482232652
4,NaN,NaN,-0.426256230720665
4.5,NaN,368.7135382026,NaN
6.5,346.388656987605,NaN,NaN
8.5,NaN,NaN,2.92532384518293
10,NaN,870.172995177718,NaN
15,190.106404430734,-117.240143338387,1.00280120415501
20,189.397697639287,219.739341648055,4.80371881632304
25,NaN,NaN,0.338918863156716
30,295.716499311095,369.9185936864,NaN
35,NaN,NaN,-1.21670268301365
40,64.3505425174415,287.521279531807,NaN
