timepoint,Bac_Obs
0,0.0260058793630992
200,0.0370530292103065
400,0.0751911782976039
600,0.167791910069075
850,0.210596422804997
1000,0.334661587575581
1500,0.506632498354004
2000,0.922257050307628
2500,1.60308919032285
3000,0.907266479414612
3500,1.04264858147097
