timepoint,Bac_Obs
0,0.0288735652886002
400,0.0268469268274888
800,0.0202181538783461
1500,0.0451664802487386
2500,0.108037424320842
3000,0.572137242235316
3500,0.49671718329228
4500,0.884425478038814
5500,0.538782744902617
7000,0.594301120093408
8500,0.481477389570255
