timepoint,Bac_Obs
0,0.0214383216314067
100,0.0289311915854442
200,0.0580008150544504
350,0.128796568125646
450,0.228011619996392
600,0.353860983989438
750,0.660123998823261
950,0.857668047328891
1000,1.04154754100685
1500,0.822242552356048
2000,0.716260817037346
