timepoint,Bac_Obs
0,0.036796225886105
400,0.0425513112537606
850,0.133089872702585
1500,0.244093836703251
2000,0.423379644006688
2500,0.596536989227796
3000,0.6075794258642
3500,0.619536005033798
4500,0.840544356031187
5500,0.546696769904104
6500,0.64148215578994
