timepoint,Bac_Obs
0,0.0233185960358458
350,0.0415491676483096
700,0.0643418580277719
1000,0.102668970806679
1500,0.285285651394961
2000,0.579208823331301
2500,0.610663325345926
3000,0.540494670230354
3500,1.01124985638972
4500,0.478324657995425
5500,0.60938606907763
