timepoint,Bac_Obs
0,0.0164044453570312
200,0.0215762460882424
400,0.0811138772189494
600,0.201431472960805
850,0.237503978581202
1000,0.588474760321843
1500,1.26590342511573
2000,0.809227828336649
2500,0.785685846500674
3000,1.46781362517908
