timepoint,Bac_Obs
0,0.0337374005583899
250,0.0373782381451945
450,0.0629722106861767
700,0.145417230504893
1000,0.132793253411602
1500,0.574620565520045
2000,0.591753068880696
2500,0.889853356746495
3000,1.03602484691008
3500,1.32073322437517
4000,0.923418840409932
