timepoint,Bac_Obs
0,0.0356086732945725
100,0.0575550601579685
200,0.133850168043814
350,0.291294200495659
450,0.34103315033787
600,0.566872643850012
750,0.476021792530246
900,0.796237933391076
1000,1.15490459905605
1500,1.78070909179765
2000,0.782840953557444
