timepoint,Bac_Obs
0,0.0254466442396169
95,0.0599533610215888
200,0.0497920761193163
300,0.135428320496823
450,0.41436932976267
600,0.272288656813575
750,0.4033286317719
950,0.534215769368243
