t,epo_level,EpoRpJAK2_Obs,pEpoRpJAK2_Obs,SOCS3nRNA2_Obs,SOCS3nRNA4_Obs
24,0,-0.000544026155968969,0.0161931931362772,0.00066471015544923,0.000720674286498521
24,1.3333e-08,0.0499589977216249,0.617721634277494,0.000741731390263852,0.000630511174733246
24,4e-08,0.051104818435112,0.604536034230747,0.000724160628836282,0.000772228832334792
24,1.3333e-07,0.0381660011732655,0.597981763708414,0.000631389016738819,0.000680361082725101
24,4e-07,0.0331808946230298,0.379890895495428,0.000726860837959843,0.000770394406606331
24,1.3333e-06,0.0068137787742521,0.0279034459165048,0.000660222479451864,0.000725576087166583
24,1.3333e-05,0.000499504437518414,0.00442904113591709,0.000810695061913859,0.000652813860894763
24,0.00013333,0.0163773163921055,0.152814457298052,0.00070087564919661,0.000709559318534724
24,0.00066667,0.00170756100461099,0.0110909940186501,0.000738581148088321,0.000576757510940024
