t,epo_level,EpoRpJAK2_Obs,pEpoRpJAK2_Obs,nSTAT5_Obs
14,0,-0.000111214404381543,0.00123594468125982,-0.000705681325951141
14,0,-3.53745846929076e-05,-0.00178435003101217,0.00168241147764057
14,0.00014286,0.013726081135311,0.114938004277896,0.302627764521945
14,0.00014286,0.0140730116691022,0.119946867999442,0.304215635788182
