t,epo_level,nSTAT5_Obs
34,0,-0.0308122387776852
34,1.3333e-08,5.51978842410746
34,4e-08,5.47826346067527
34,1.3333e-07,5.47546876293225
34,4e-07,2.98733442448064
34,1.3333e-06,0.120750344435763
34,1.3333e-05,-0.115395898011763
34,0.00013333,0.928808737650621
34,0.00066667,-0.507242774330002
