t,epo_level,SOCS3nRNA5_Obs
17,0,0.000713273738527165
17,1.3333e-08,0.000714776198763436
17,4e-08,0.000743372056165786
17,1.3333e-07,0.000704560831955899
17,4e-07,0.000683606703025957
17,1.3333e-06,0.000705355482363786
17,1.3333e-05,0.000721771834449798
17,0.00013333,0.00068976992633538
17,0.00066667,0.000705879114535915
