t,IPR_I1_Obs,IPR_S_Obs
0,9.98324090452317e-11,5.41101635853214e-06
0.25,1.23150269143859e-07,NaN
0.55,8.17302285371032e-08,NaN
0.85,3.38437209665042e-08,NaN
1,3.31823749036573e-08,NaN
1.5,1.15304227716037e-08,NaN
2,2.6067913968775e-09,NaN
2.5,1.33262292371522e-09,NaN
3,4.18057069765873e-10,NaN
3.5,4.72790174042379e-10,NaN
4,1.613674787899e-10,0.00367855081289194
4.5,1.66355410208019e-10,NaN
8.5,NaN,0.0031957590209047
15,NaN,0.00183947694243323
20,NaN,0.00210556397734342
