t,IPR_I1_Obs,IPR_S_Obs
0,1.22076545677533e-10,0.0010974185888556
0.2,1.42017825728374e-07,NaN
0.25,NaN,0.598072643713675
0.4,4.40401990667787e-08,NaN
0.5,NaN,0.959680176234404
0.65,2.76923373280266e-08,NaN
0.75,NaN,0.522055735078943
0.9,2.58498685695914e-08,NaN
1,3.49954016031887e-08,0.696859098470468
1.5,9.69393727380769e-09,0.548508907062759
2,3.66728390713137e-09,0.853993049335827
