timepoint,Glu_Obs
0,11.1874507611693
200,9.34077476990235
400,9.25796374657884
650,7.48381044640322
900,7.32824563340614
1000,4.98137666379845
1500,1.18049569486284
2000,-0.327452941604653
2500,-0.530435805388426
3000,-1.00519833954711
4000,0.238277866652287
