t,pRAF_Obs,ERK_Obs
0,4.13620456480988e-06,0.794663813967007
0.5,0.000114113976752595,NaN
1,8.26893451500125e-05,NaN
1.5,5.62538426910204e-05,NaN
2,NaN,0.485644595065677
2.5,2.78655479839932e-05,NaN
3,1.89398611683652e-05,NaN
4,1.49014899982648e-05,0.586595487722617
4.5,1.09236981573977e-05,NaN
6,4.2322549958657e-06,NaN
6.5,NaN,0.883562361103295
7,8.26745086186681e-06,NaN
9,NaN,0.851405640736048
10,NaN,0.814945802459538
15,NaN,0.802763533928512
20,NaN,0.856053551331625
25,NaN,0.819411664904206
