t,Rec_Obs,ppS3_Obs
0,3.50438312307697,0.0106184738483182
20,3.03715997786971,NaN
40,2.74757339844583,0.204646062247315
60,2.5434959213345,NaN
80,NaN,0.197485966390188
85,2.45302348199051,NaN
100,2.34006814879955,NaN
150,2.27575267048221,0.21309845356263
200,2.25032530686033,0.215163180989216
250,2.27421210123653,0.1965317667814
300,2.3655456388259,0.141143898842546
350,2.26783221458088,0.0767310377185378
400,2.1921125351921,NaN
