t,Rec_Obs,ppS2_ppS2_ppS3_Obs
0,3.26833456693194,-0.00628654920041023
10,3.29921333086243,0.018532622522882
25,3.15818572927537,-0.00419283819861752
35,3.36115433300005,-0.0298586297245524
50,3.42376202014206,NaN
55,NaN,0.0482536389284605
70,3.49907427920323,0.0154550849427665
90,3.30878882669082,-0.035109627250492
