t,init_TGFb,ppS3_Obs
96,0,-0.00286168331489331
96,0,0.01284826923254
96,0.1,0.490251608099322
96,0.1,0.493792728300177
96,1,0.454789252009089
96,1,0.475519667678442
