t,Rec_Obs,ppS2_ppS2_ppS3_Obs
0,3.19805620599123,-0.0759420682642194
10,3.19854786589479,-0.0412512715514246
25,3.43440285573647,0.00353583058878224
35,3.36099953140904,0.0531913264116169
50,3.46981390221234,0.0766844168831006
65,3.16314699926442,0.0472410200104563
85,3.43882361876297,-0.0162917877037048
