t,Rec_Obs,ppS2_ppS2_ppS3_Obs
0,3.4846953974653,0.0525502077918986
10,NaN,-0.0322886004790773
15,3.2378772723595,NaN
20,NaN,0.00306322161407209
25,3.2671295284987,NaN
30,NaN,-0.0147249186709463
40,3.30729132704558,NaN
45,NaN,0.0125843341640798
60,3.11415176884269,-0.0122373565151437
75,NaN,0.0326521066273324
80,3.58725689366844,NaN
100,3.36329659760427,NaN
