t,Rec_Obs,ppS2_ppS2_ppS3_Obs
0,3.2815505051941,-0.0531474156383865
10,3.48119254786221,NaN
15,NaN,0.0304450668895692
25,3.43731864733033,-0.000966238556660113
40,3.48332751328029,-0.0598245448071813
55,3.41084943490218,NaN
60,NaN,-0.0312693397777629
70,3.24352019298349,NaN
80,NaN,0.135187101796162
90,2.84916978818203,NaN
100,NaN,-0.0172382023239243
