t,epo_level,CISHRNA_Obs
14,0,0.00018396164692012
14,1.3333e-08,0.000281229533664887
14,4e-08,0.00031115696551921
14,1.3333e-07,0.000229850439827643
14,4e-07,0.000200935650908625
14,1.3333e-06,0.000186179205878736
14,1.3333e-05,0.000164617472912819
14,0.00013333,0.000164549163627156
14,0.00066667,0.000133146983946456
