t,epo_level,STAT5_Obs
98,2.5e-09,46.2264577046873
98,2.5e-09,40.8748509088773
98,2.5e-09,42.491855113815
98,2.5e-08,39.6230451253698
98,2.5e-08,37.3370803453798
98,2.5e-08,47.5352378651994
98,1.25e-07,31.9162490810822
98,1.25e-07,44.6461033725121
98,1.25e-07,44.8861639557878
98,2.5e-07,44.0954564059376
98,2.5e-07,46.1306082540517
98,2.5e-07,44.6115249444569
98,2.5e-06,64.2338707872752
98,2.5e-06,68.3446703296954
98,2.5e-06,55.389923061092
