t,epo_level,CISHRNA_Obs
13,2.5e-09,0.00739330835259089
13,2.5e-09,0.00865335869629795
13,2.5e-09,0.00895943778131324
13,2.5e-08,0.00733658761163428
13,2.5e-08,0.00758809503069315
13,2.5e-08,0.00778480245316371
13,2.5e-07,0.00402574736269145
13,2.5e-07,0.00362195553712265
13,2.5e-07,0.00274964950948852
13,2.5e-06,0.00157118125804576
13,2.5e-06,0.00112695271117257
13,2.5e-06,0.000179774041846571
13,2.5e-05,-0.000183470517917518
13,2.5e-05,0.000567559446253833
13,2.5e-05,-0.000227579695817147
