t,epo_level,CISHRNA_Obs
14,2.5e-09,0.000180315956435344
14,2.5e-09,0.000345439997383414
14,2.5e-09,0.00048733096429724
14,2.5e-08,0.000859590662009568
14,2.5e-08,0.000891660406230857
14,2.5e-08,0.00104367107442716
14,2.5e-07,0.00530800960163497
14,2.5e-07,0.00543441713176335
14,2.5e-07,0.00572439420948634
14,2.5e-06,0.0104366066494865
14,2.5e-06,0.0108441172321158
14,2.5e-06,0.0110165530271255
14,2.5e-05,0.0116187000134805
14,2.5e-05,0.0116829143678031
14,2.5e-05,0.0117506294254035
