t,epo_level,CISHRNA_Obs
8,0,0.000233783519935877
8,0,0.000192147972287954
8,0.00014286,0.000192866449086989
8,0.00014286,0.00020717315271738
