t,epo_level,CISHRNA_Obs
28,0,0.000215562797720068
28,1.3333e-08,0.000166481532576083
28,4e-08,0.000224181070701203
28,1.3333e-07,0.00029387460164354
28,4e-07,0.000426005991043656
28,1.3333e-06,0.000969912077131591
28,1.3333e-05,0.00183456157462498
28,0.00013333,0.0019269302967026
28,0.00066667,0.00194288847605821
