t,epo_level,Compound_5_Obs
58,2.5e-09,11.7472204111795
58,2.5e-09,13.1530420193101
58,2.5e-09,8.7976549138059
58,2.5e-08,13.3135962710833
58,2.5e-08,15.3003178855856
58,2.5e-08,15.6831275592242
58,1.25e-07,15.9318791651372
58,1.25e-07,12.3231758688431
58,1.25e-07,14.3004101411831
58,2.5e-07,0.737146364918885
58,2.5e-07,6.92766436769363
58,2.5e-07,4.97673826546578
58,2.5e-06,0.862024013915469
58,2.5e-06,4.59516635107889
58,2.5e-06,0.298149503247933
