t,epo_level,Compound_2_Obs,Compound_3_Obs,Compound_4_Obs
39,0,2.36957827546593,0.0461561125195505,4.15083624733466
39,1.3333e-08,17.6756699425358,0.694470638019739,3.8243992303454
39,4e-08,15.7058990046895,0.533600038754431,4.9516168036375
39,1.3333e-07,14.0061319468328,0.466550526620445,6.09308211309404
39,4e-07,4.71774805246631,0.425457796459357,5.23133056670497
39,1.3333e-06,3.15791513490023,0.328928364635028,6.27047054523617
39,1.3333e-05,3.75114390403771,0.0694452554905169,5.24898157227542
39,0.00013333,2.08209881494292,0.446979861478086,6.23336761528271
39,0.00066667,2.24861316768888,0.164499613520101,5.78044428873384
