t,epo_level,Compound_2_Obs
6,2.5e-09,9.95993842779243
6,2.5e-09,7.04163774875225
6,2.5e-09,10.030992496896
6,2.5e-08,8.06045146886716
6,2.5e-08,10.0884513831353
6,2.5e-08,8.5655259707848
6,2.5e-07,9.83824183930006
6,2.5e-07,8.33646863838015
6,2.5e-07,6.7227539445419
6,2.5e-06,6.16699252609971
6,2.5e-06,8.31218817824294
6,2.5e-06,9.3695367563191
6,2.5e-05,7.62915813562019
6,2.5e-05,9.82122431478213
6,2.5e-05,7.08390653429126
