timepoint,Bac_Obs
0,-0.00145041801372825
400,0.0382592003543503
800,0.120819454740915
1000,0.0628114003584174
1500,0.0463839065080276
2000,0.199946293808983
2500,0.28138498895792
3500,0.443214340017039
4000,0.476905772967
5000,0.539966243688301
6000,0.522764082591233
