timepoint,Bac_Obs
0,0.0470134190174963
350,0.0144115615193941
750,0.0707171855717095
1000,0.113916160896853
1500,0.256687068031967
2000,0.436952668687215
2500,0.545355232748919
3500,0.568868459927651
4000,0.58107607247776
5000,0.5569430184806
6000,0.512091777208389
