timepoint,Bac_Obs
0,0.0429851645164502
150,0.0221663907263327
300,0.0131354357388007
450,0.12838618014125
600,0.165073060895378
800,0.291952172809617
1000,0.428086027784983
1500,0.510956053807882
2000,0.472317903448885
2500,0.509949912660949
