timepoint,Bac_Obs
0,-0.00653119998697109
150,0.0707642334927081
350,0.0734159467367951
550,0.0822241661970652
700,0.117620217198797
950,0.170484688810998
1000,0.159647573356781
1500,0.321070897342006
2000,0.451035631025818
2500,0.496571936409315
3000,0.498946877645577
3500,0.521516421243071
