timepoint,Bac_Obs
0,0.0192208622370812
250,-0.0242944824729395
450,0.0748005061682592
700,0.102256003759468
1000,0.177749509777448
1500,0.353470228026948
2000,0.607551533986011
2500,0.604394173619737
3000,0.6737138441421
3500,0.754181770645474
