timepoint,Bac_Obs
0,-0.0806283412704166
200,0.0207147938451082
350,0.0428209921035549
550,-0.0322142842119128
750,0.227539565957251
950,0.178382078667558
1000,0.276910896676523
1500,0.694007952102757
2000,1.34690610223078
2500,1.46296354394592
3000,1.59928188088377
