t,ppS2_ppS2_ppS3_Obs,ppS2_S4_S4_Obs
0,7.9008564007133e-18,1.23786302909516e-17
10,8.20490047096944e-18,1.32299675941773e-17
20,9.65486349712264e-18,1.12490572841098e-17
35,8.91293613686178e-18,7.50565519488479e-18
45,1.14611183378349e-17,NaN
50,NaN,1.13410260103271e-17
60,9.86675005030718e-18,NaN
65,NaN,8.67846176589666e-18
80,1.03371421866264e-17,9.29425596570426e-18
