t,ppS2_ppS2_ppS3_Obs,ppS2_S4_S4_Obs
0,1.3434554524177e-17,9.11295546597444e-18
10,NaN,1.07641368242418e-17
15,1.19029621077391e-17,NaN
20,NaN,6.98946109385375e-18
30,9.18673957627457e-18,NaN
35,NaN,9.41431108002325e-18
45,9.82268078961301e-18,NaN
50,NaN,7.72046966805112e-18
60,1.17223550883186e-17,NaN
65,NaN,8.842776607421e-18
80,1.09269268088475e-17,NaN
85,NaN,8.82823924353233e-18
100,1.02150559150934e-17,NaN
