t,init_TGFb,S4_Obs,geneB_Obs
40,0,33.4645742670686,1.05578441221914
40,0,39.8851888417794,0.869684803969158
40,0.1,24.2708891890024,3.02661385734326
40,0.1,38.2303088873938,2.97153183587273
40,1,28.0361545160091,6.12132137779352
40,1,30.8882369116322,7.08305961001896
