t,Rp_cAMPS_pAB_level,Csub_Obs,RIIp_C_2_Obs,RIIp_cAMP_C_2_Obs,RIIp_cAMP_2_Obs,Rp_cAMPS_Obs,RIIp_Rp_cAMPS_C_2_Obs,RII_C_2_Obs
22,0,0.116939353719294,0.451851488163531,0.00489739060958447,0.00032503111809778,0.0511326924026058,-0.00893630100571631,0.429651531557818
22,0.016,0.118119973374679,0.431540286058676,0.004884810790495,0.000317429184715227,0.0218222751038167,-0.0077394830193296,0.463666582621884
22,0.08,0.139114114968269,0.465352636456983,0.00480887312544136,0.000314813611583621,-0.148791377708739,0.028432927274117,0.421242089518198
22,0.4,0.123781068454676,0.375830748411651,0.00423999952057234,0.000287339338158003,-0.108822867139369,0.0877878224684899,0.452022172655818
22,2,0.098834714002489,0.0858965050262377,0.000613209709317044,7.5820944598148e-05,1.92733190108847,0.542657923925849,0.272945827184737
22,10,0.10359265890944,0.223535788522071,0.00263155794122278,0.000175558846310418,0.359296559569629,0.280136670707055,0.351487686581652
22,50,0.0792765921320566,0.0536686474079863,0.000258599740448891,1.69736081831994e-05,9.99791153781175,0.65267692759316,0.274609282716764
