t,fourABnOH_level,pAC_Obs,Csub_Obs,RIIp_C_2_Obs,RIIp_cAMP_C_2_Obs,RIIp_cAMP_2_Obs,Rp_cAMPS_Obs,RIIp_Rp_cAMPS_C_2_Obs
70,0,-0.038864131193039,0.366380873539233,0.105227243647852,0.109227537166376,0.00758837634255431,-0.092356470552216,-0.0667299678375517
70,0.016,-0.118708591273639,0.369139061426451,0.106022140902899,0.109764587932378,0.00653867074452833,-0.0239971275513045,0.0638454583339103
70,0.08,-0.0424965439075488,0.345348248973916,0.109169987623627,0.098860352878253,0.0071025231082011,0.0199322777880612,-0.0382040858030837
70,0.4,0.0142192275821347,0.350870865005518,0.10260190803594,0.100893399246537,0.00726868429211497,-0.0214417873788601,0.0510032375980679
70,2,-0.019494531352045,0.306390402876991,0.0854790376664974,0.114668038104013,0.00725542685752589,-0.0192017409362209,0.0381337729099866
70,10,0.0164216399964824,0.339834772261963,0.105017609954012,0.117315749154452,0.00646074690267738,0.0644844950799914,0.0921994385641212
70,50,-0.00643486426953729,0.304811851437755,0.0942273308167654,0.114751921937474,0.00707199374540714,-0.0521034143440288,-0.100478004130822
