t,epo_level,Compound_5_Obs
75,2.5e-09,32.7476482073251
75,2.5e-09,32.6280607605149
75,2.5e-09,14.7882544856894
75,2.5e-08,16.1294698901728
75,2.5e-08,13.2652822249462
75,2.5e-08,41.4417156444053
75,1.25e-07,40.216565092116
75,1.25e-07,44.5667420719556
75,1.25e-07,28.439347362533
75,2.5e-07,43.6618252785468
75,2.5e-07,57.026382183452
75,2.5e-07,40.1434433335772
75,2.5e-06,71.5657702739692
75,2.5e-06,49.7795048803431
75,2.5e-06,64.3089363523962
