t,Compound_1_Obs,Compound_3_Obs
0,0,1022.29950753276
5,NaN,724.319888479249
7,0,NaN
10,NaN,609.687001756273
15,0,1353.96080832336
25,0,518.704870820046
30,NaN,1574.41321745107
35,0,NaN
