t,Rp8_Br_cAMPS_pAB_level,Rp8_Br_cAMPS_Obs
41,0,-0.197418095526841
41,0.016,0.0920695747329072
41,0.08,0.209242127194143
41,0.4,0.301827535335841
41,2,9.8611251077012
41,10,2.18203384377372
41,50,50.0586534739117
