t,Rp_cAMPS_pAB_level,RIIp_cAMP_2_Obs
36,0,0.000183137488473254
36,0.016,0.00018366472955436
36,0.08,0.000182494377353955
36,0.4,0.000162577686850204
36,2,3.84870252143227e-05
36,10,0.000105460133064372
36,50,5.91826424410492e-06
