t,Rp8_Br_cAMPS_pAB_time,Rp8_Br_cAMPS_Obs
34,0,10.084131667251
34,30,9.88256313628451
34,45,0.0238759187407453
34,55,-0.0226408149099875
34,59,0.00827838971362612
34,60,0.0107146307480009
