t,Rp8_Br_cAMPS_pAB_time,AC_Fsk_Obs
110,0,0.0137402240756936
110,30,-0.0216769489649618
110,45,0.0213009317539478
110,55,-0.0119089205641019
110,59,0.0230427897761159
110,60,0.0479139120160244
