t,Rp_cAMPS_pAB_time,RIIp_cAMP_2_Obs
100,0,0.00403638409908333
100,30,0.00433169712936217
100,45,0.00458515575781198
100,55,0.00491183936095205
100,59,0.00477352713126549
100,60,0.0047451709932789
