t,Compound_1_Obs,Compound_2_Obs
0,-0.0797391062361048,0.0311187772342938
0.095,NaN,0.80537093075183
0.1,0.957730669372315,NaN
0.2,NaN,1.00873961101431
0.25,0.853776108987035,NaN
0.3,NaN,0.985281334286878
0.4,0.927562330539151,NaN
0.45,NaN,0.910442192336984
0.55,1.15833643154879,NaN
0.6,NaN,0.957993765381589
0.75,0.969694217453081,1.08537180928456
0.95,0.992900541264031,1.18450839368329
1,0.96366637154509,NaN
