t,PI4K3Ba_Obs,Compound_1_Obs
0,705406.446629923,127396787.406816
3,805652.237737129,184493076.227567
6,1395888.89953446,NaN
6.5,NaN,254919221.158896
9,1383305.16349298,NaN
10,NaN,373687735.986386
15,2580442.6050523,368526015.922458
20,3151422.80645948,481074643.824891
25,3414854.60092196,481677673.103535
30,3264242.97691899,528941534.085074
40,3507046.37035825,577421219.331851
45,2959112.10115965,522287926.6656
55,3548878.17841396,564668201.015221
65,3707868.2460207,598036202.104928
