t,Rp_cAMPS_pAB_time,RIIp_2_Obs
110,0,0.0402512247871906
110,30,0.0536450117735863
110,45,0.0827565747157091
110,55,0.0808276877158876
110,59,0.0855585499137756
110,60,0.0833222825808888
