t,init_TGFb,TGFb_Obs,ppS2_ppS3_S4_Obs
34,0,0,0.024676081258743
34,0,0,0.4234811745456
34,0.1,0.0997109951682238,0.463395128084013
34,0.1,0.183688838663721,0.812329004322182
34,1,0.250165966707954,1.24480614990135
34,1,0.289211875664511,1.67271176980775
