t,ApoER2_Dab1_Obs,Compound_1_Obs
0,0.999976072692344,1.16157815257103
20,0.00799874951507081,NaN
30,NaN,0.883494343307116
40,0.0177074722118136,NaN
60,-0.00563063643020218,0.704553540072752
90,0.00890692668684905,0.470938440669744
100,0.0134183361984043,0.4923640486679
150,0.00100091055731723,0.325744943983102
200,NaN,0.183702903657241
250,NaN,0.174085542931954
300,NaN,0.191981679514849
350,NaN,0.160569746104665
450,NaN,0.155286286766247
550,NaN,0.15886842416811
