t,Reelin_input,Compound_1_Obs
25,0,1.03976748423735
25,0.00012207,1.33100563208237
25,0.00024414,1.1644839427937
25,0.00048828,1.34538032858075
25,0.00097656,1.2394855401609
25,0.0019531,0.807041175077292
25,0.0039062,0.876594207850743
25,0.0078125,1.16120450135032
25,0.015625,1.1170080613851
25,0.03125,1.01097120493786
25,0.125,0.714543460971277
25,0.25,0.712724232938541
25,0.5,0.958198821688481
25,1,0.825776355040523
