t,Compound_2_Obs,Compound_3_Obs
0,2.74566381438156,0.00876607478233704
9,40.0645626642133,NaN
10,NaN,0.141464445445016
20,34.9281131388169,NaN
25,NaN,0.416460691383516
30,27.122400909314,NaN
35,NaN,0.212372791209324
40,7.55176431028036,NaN
50,NaN,0.0428158182679412
55,1.90642675862053,NaN
65,NaN,0.00427182896338959
70,0.531516448444479,NaN
85,NaN,0.000672304031735831
90,0.981796899952356,NaN
100,0.584051228927702,0.000561857002412212
150,NaN,0.00149581808266141
