t,Compound_2_Obs,Compound_3_Obs
0,3.4951006091617,0.00504749563129852
9,39.6720982717524,NaN
10,NaN,0.350157891651401
20,36.1726709664856,0.557091345949263
30,16.1750240028809,NaN
35,NaN,0.188544724962205
40,4.94514179696188,NaN
45,NaN,0.0533390752884051
50,1.89635862589669,NaN
60,NaN,0.00824431578674952
65,0.533839278692442,NaN
80,NaN,0.00177348070002324
85,0.47886727545899,NaN
100,0.499271219548902,0.0014044428096785
150,0.888330536553239,NaN
