t,Compound_2_Obs,Compound_3_Obs
0,3.1414822609308,0.00598833859649902
7,10.712549885033,NaN
8.5,NaN,0.0377167607990012
15,34.6993756559295,0.172089500522362
20,48.3518952455296,NaN
25,NaN,0.265608030486151
30,26.5353937449246,NaN
40,8.87799939874559,0.236874714676046
50,6.99640096950614,0.0792228018689741
65,8.01385921797514,0.0290973718703671
80,12.0979151931269,0.0578674843671315
95,10.1369643750872,NaN
100,21.1995255813671,NaN
