t,input_il6,Compound_3_Obs
19,0,0.00779628710841897
19,0,0.00885921040324265
19,0,0.0118283106156759
19,15,0.178087801213071
19,15,0.198522523003592
19,15,0.299290526549834
19,30,0.32216852312987
19,30,0.342436768655535
19,30,0.347659420193709
19,60,0.238361657709172
19,60,0.418192741940655
19,60,0.479230549395903
19,120,0.435465521224468
19,120,0.505711405506044
19,120,0.521867241376471
