t,input_ruxolitinib,Compound_3_Obs
22,0,0.00590736297952211
22,10,0.00937862946823033
22,50,0.00428749493013342
22,50,0.00580214274629076
22,100,0.0048213123020181
22,200,0.00496960682398995
22,400,0.00314696190395545
22,500,0.00445484789649386
22,600,0.00536181904655518
22,800,0.00625383600387492
22,1000,0.00226681994702337
22,2000,0.00281670806359157
22,5000,0.00327408587514554
22,5000,0.00380183360157506
22,5000,0.00417730162447005
22,5000,0.00284475370544364
