t,Compound_2_Obs,Compound_3_Obs
0,2.68869796799265,0.00574486831041533
9,43.416671187614,NaN
10,NaN,0.201819332414872
20,56.0968374580238,NaN
25,NaN,0.304540610855429
30,27.1331906527484,NaN
35,NaN,0.18696941391277
40,8.39686696240318,NaN
50,NaN,0.0345455488691393
55,1.42489476264732,NaN
65,NaN,0.0052607182092181
70,1.58808737169299,NaN
85,NaN,0.000572614016998451
90,0.837699737086252,NaN
100,0.833186290068149,0.000446916192349223
150,NaN,0.0018085276152926
