t,Compound_2_Obs,Compound_3_Obs
0,3.05392314613873,0.0109311842241027
10,NaN,0.213240479929115
15,36.7450480786208,NaN
25,NaN,0.368708151364159
30,20.1602357796976,NaN
35,NaN,0.229294929625072
50,4.07786899057259,0.0291463199889844
65,1.08892092708787,0.00569671549004522
85,0.272138139693389,0.00141335751692764
100,0.894161388690092,0.00173212263996163
150,1.58973912429102,0.000896388142933001
200,2.23119423694536,NaN
250,3.50033432729588,NaN
300,2.5207359185613,NaN
