t,Compound_2_Obs,Compound_3_Obs
0,4.20436516618599,0.00550774607199115
10,26.5643003957557,0.244654685921933
20,19.4872587723144,0.21917026562823
30,12.0245121970407,0.166181020110983
45,1.65885840547062,0.0208889831360397
60,1.20898953209327,0.00483287926017687
75,NaN,0.00127826712730934
80,0.728803356117982,NaN
95,NaN,0.00102186938278486
100,0.973773707281702,0.0017368198982228
150,1.34642955820173,NaN
