t,MEK_Obs,ERK_Obs
0,1.05986146388322,0.882912507377232
0.2,NaN,0.834657667387803
0.3,0.970533519320106,NaN
0.35,NaN,1.01547028594841
0.6,0.99408727169451,1.03543160583359
0.8,NaN,0.944224401113551
0.9,0.937128465265077,NaN
1,NaN,1.12573599207388
1.5,0.973987330242589,0.984391877211149
2,1.02531474181218,NaN
