t,MEK_Obs,ERK_Obs
0,1.08970780327842,1.00888223434515
0.35,0.94891848729417,0.853670354823777
0.7,1.03227463635726,NaN
0.75,NaN,0.975372346114388
1,0.907209225227818,0.76830917039569
1.5,0.878966396439667,0.874077015713128
2,1.04733157556384,0.924831389834863
2.5,0.934711629386464,0.948420944291067
3,1.03537418785113,0.843314798712646
4,0.954484505186426,0.979932058157752
4.5,NaN,1.1284092188697
5,1.06274764952931,NaN
5.5,NaN,0.990124580463056
6,0.88823092554699,NaN
6.5,NaN,0.89321100212683
