t,nSOCS3RNA5_Obs,SOCS3_Obs
0,0.000745716195938759,0.00180362135029474
15,NaN,0.00240368569199057
20,0.00321697698914573,NaN
30,NaN,0.0159148525742805
45,0.00864771969764075,0.0292683425474189
65,0.0119156750446789,0.0275304581852575
90,NaN,0.02693868412093
95,0.0107488088592498,NaN
100,0.0139930418018211,0.0264081867717236
150,0.012498037419639,0.0216917469825427
200,0.010828375906518,NaN
250,0.0116532118008148,NaN
300,0.00933838061453304,NaN
