t,nSOCS3RNA5_Obs,SOCS3_Obs
0,0.000732545548234336,0.00173245858472224
15,0.000848001907526546,0.00201540068170133
25,0.00144722988936052,NaN
30,NaN,0.00342669199260387
45,0.00276272280068987,0.00524159592037516
60,0.00375694950855328,0.00694795038230402
80,0.00347031885828106,0.00893792593612851
100,0.00376573143876694,0.0083475809724882
150,0.00390331969906414,0.00746063312454729
