t,nSOCS3RNA2_Obs,nSOCS3RNA4_Obs
0,0.00233105041356842,0.0024569429066927
10,0.00206894064182106,0.00243075503440645
25,0.00254348688747465,0.00234549429692109
35,0.00221872272250947,0.00189846165102817
50,0.00256255168283137,0.00234897520989375
65,0.00248816521855001,0.00250765513068873
80,0.0027442106779649,NaN
85,NaN,0.00218327228720465
100,0.00231734188045492,0.00205291383131612
150,0.00223615244352908,0.0020164278827291
200,0.00244420745374478,NaN
