t,input_ruxolitinib,STAT3_Obs
11,0,21.2332280752057
11,10,19.0428946776702
11,50,21.3738298458557
11,100,24.6619180930222
11,100,27.2379774010857
11,200,31.0939635273609
11,400,31.8570116267519
11,500,29.4301396465111
11,500,35.8616232167463
11,600,38.8259448797933
11,600,45.0960795453308
11,800,37.099322504119
11,1000,42.5019842812686
11,2000,37.6486919996321
11,5000,40.7864181386013
