t,input_ruxolitinib,STAT3_Obs
34,0,33.5022308942299
34,10,36.0852420007257
34,50,44.6458117783456
34,100,44.0296347813756
34,200,38.3152842871837
34,400,43.0756899519479
34,500,33.8738046869596
34,600,38.0966318732502
34,800,45.4598297517446
34,1000,44.1316634204693
34,1000,40.6771743320893
34,2000,48.9097009335632
34,5000,46.4366908949771
