t,input_il6,STAT3_Obs
27,0.1,51.533918120491
27,0.1,41.0475742691662
27,1,48.5061840017199
27,1,47.0143037306639
27,5,38.3498059154685
27,5,39.8619597164919
27,10,27.1588893707219
27,10,27.5418821082626
27,50,34.8941517240385
27,50,43.54039411385
27,100,31.2999242248921
27,100,32.860239642839
27,500,20.8977351697175
27,500,22.1429054264655
