t,input_il6,STAT3_Obs
24,0.1,40.1412923693036
24,1,40.020068585841
24,5,43.4603549691457
24,10,35.7731529752852
24,50,29.9887448427507
24,100,25.6860735282678
24,500,35.0817129361397
