t,input_stattic,STAT3_Obs
15,20,29.7791138612362
15,25,30.8710233553197
15,30,32.8556794659442
15,40,30.9121951703317
15,50,33.3619131996062
15,60,30.814563728137
