t,input_il6,STAT3_Obs
9,0,38.1834291017389
9,0,41.3699013985208
9,0,45.9559068042249
9,15,8.84660020300993
9,15,11.4531951300755
9,15,12.095475667856
9,30,31.9119801476475
9,30,40.09133102636
9,30,32.8513991822644
9,60,26.2422363195227
9,60,23.3906998584673
9,60,26.260417066469
9,120,17.8277949208833
9,120,16.52859358456
9,120,14.8819850615317
