t,pMEK_Obs,ERK_Obs
0,0.00116925528382211,0.690402862250936
0.4,0.0294102325243852,0.630897580320286
0.85,0.0220465002932769,0.779147395771693
1.5,0.0104609543595421,0.755837892633156
2,0.00593794315161451,0.663101165423413
2.5,0.004545753158712,0.886150224998716
3,0.00236859259231043,0.824308973176916
3.5,0.00176084955125955,0.69390082861336
4.5,0.00108029168451283,1.03716639783532
5.5,0.000890124291910034,0.538160509640147
6.5,0.00107723714997945,1.09157665784375
7.5,NaN,0.993277752521534
