t,pMEK_Obs,ERK_Obs
0,0.00141302592045291,0.800100338731969
0.3,0.0573642245852523,1.29182265343597
0.6,0.0386295745492358,NaN
0.65,NaN,0.935277853788452
0.95,0.0462776880882371,NaN
1,NaN,1.22831473019955
1.5,0.0380029386685571,1.17876010372558
2,0.013871371459698,0.606562393542304
2.5,0.0145553243544075,1.20315727208315
3.5,0.00855964740112704,1.24903600654591
4,0.00747546352394828,0.502567104630664
5,0.00616439137841928,0.997249548334925
6,NaN,1.41588747537592
