t,Compound_1_Obs,Compound_2_Obs
0,0.702421007772399,-0.469540554397754
0.1,NaN,0.857159159089983
0.2,NaN,1.25249995436267
0.35,NaN,1.27721777036228
0.45,NaN,1.29883138171344
0.6,NaN,0.817816073477485
0.8,NaN,1.41787214962994
1,0.700259484921449,1.08639305731977
2,1.19230821360054,NaN
3.5,1.3426272823286,NaN
4.5,1.17005712238782,NaN
6.5,1.33503791815717,NaN
8.5,0.758341724848934,NaN
10,0.731232510424552,NaN
15,0.975473911379799,NaN
