t,Compound_1_Obs,Compound_2_Obs
0,0.652422913409855,0.391929916270937
0.095,NaN,0.688310288049575
0.2,NaN,0.873114795705922
0.3,NaN,0.971277271796056
0.4,NaN,1.38593436271802
0.55,NaN,1.07097292461713
0.7,NaN,0.858933093261837
0.85,NaN,0.919568465243645
0.9,1.18250916503858,NaN
1,NaN,1.06162542887155
2,1.44097895950779,NaN
3,1.46900338906492,NaN
4,0.955514652529952,NaN
5.5,1.14573009076792,NaN
7,0.815624539539132,NaN
8.5,0.862119775669627,NaN
10,1.18098294449907,NaN
15,1.27193679167677,NaN
