t,IPR_R_Obs,IPR_I2_Obs
0,1.01323720886112,0.00110463280575868
0.095,-0.00560307050914919,NaN
0.2,-0.000606326577636875,NaN
0.3,-0.0261863432332743,NaN
0.4,0.00826434050312738,0.0715460205532466
0.55,-0.0281839075970404,NaN
0.7,-0.0114858038052649,NaN
0.85,-0.00604598233080541,0.0876430316761751
1,-0.00201934127742513,NaN
1.5,NaN,0.124068223506354
2,NaN,0.114527609780787
2.5,NaN,0.138366721578025
3.5,NaN,0.122545243169398
