t,Compound_1_Obs,Compound_2_Obs
0,0.963925483943289,0.00283563519887738
10,0.0458549136084032,NaN
20,NaN,0.00237882645694571
25,0.0272512510906585,NaN
35,-0.0106157186701306,NaN
45,NaN,0.0018231758612834
55,0.0209859599899001,NaN
70,-0.0249823270172205,0.00191288800493789
95,-0.0121072755284348,0.00263330517783339
150,NaN,0.00266459626321408
200,NaN,0.00207250266330056
250,NaN,0.00222006650805173
300,NaN,0.00245726009137214
350,NaN,0.0016457963965852
