t,epo_level,PTP_Obs,nSTAT5_Obs,npSTAT5_Obs
7,0,38.1411853244899,-0.0368836629336849,-0.00584057518874753
7,0,40.7918622996268,-0.00774955244789648,-0.00783656723311817
7,0.00014286,42.5378115657693,0.804269803476926,0.335066713363502
7,0.00014286,47.1237737122277,0.861469865843416,0.284331729942679
