t,epo_level,SOCS3nRNA5_Obs
82,2.5e-09,0.0292000568095929
82,2.5e-09,0.0236390154181854
82,2.5e-09,0.0242313011247524
82,2.5e-08,0.0312130695070907
82,2.5e-08,0.0284247931092409
82,2.5e-08,0.0350578815225136
82,1.25e-07,0.0216156506443408
82,1.25e-07,0.0205763651333162
82,1.25e-07,0.0273087558863652
82,2.5e-07,0.0193756894684456
82,2.5e-07,0.0205484008703136
82,2.5e-07,0.0242008026889405
82,2.5e-06,0.0115801368285866
82,2.5e-06,0.00512699676809115
82,2.5e-06,0.0050737974233892
