t,CISHnRNA3_Obs,CISHRNA_Obs
0,0.000142983645414244,0.000619785607974251
50,NaN,0.00176319767710302
55,0.000695024620528861,NaN
100,0.00164364710417193,0.00202590227094697
150,0.00227914864060824,0.00317137312431422
200,NaN,0.00351730368211011
250,0.00191106616141287,NaN
300,NaN,0.0040200325410766
350,0.00189507660888247,0.00426216064669568
450,NaN,0.0042543666994895
550,NaN,0.0034951305534386
650,NaN,0.00444261900574786
