t,insulin_dose_1,IRiP_Obs
9,0,1.34809435578148e-05
9,0.01,5.23406847741415e-05
9,0.1,0.000169940490884734
9,0.3,0.000411080119078803
9,1,0.000277631950254847
9,10,0.000428888360282269
9,100,0.000253049059823286
