t,input_ruxolitinib,pJAK1_pgp130_Obs
11,0,0.00065521667364979
11,10,0.000594697460489751
11,50,0.000533433820083899
11,100,0.000183895423540824
11,200,0.000375421992857145
11,400,0.000173831617636615
11,400,0.000172901084351722
11,500,0.000307016708762671
11,600,0.000308371211320057
11,800,0.000537484917467806
11,1000,0.000291840249510735
11,2000,0.000159401926168049
11,2000,0.000230989296019341
11,5000,0.000194588069086774
