t,input_il6,pJAK1_pgp130_Obs
32,0.1,-0.00018989221010918
32,1,0.00178371935515379
32,5,0.0136229946838777
32,10,0.00148174009633136
32,50,0.00688125371909169
32,100,0.0240141902066557
32,500,0.000401866818327349
