t,Y_state_Obs,A_state_Obs
0,0.339036834917926,0.671814378230575
0.07,0.204712829838993,NaN
0.1,NaN,0.556390601750158
0.15,0.134075540373552,NaN
0.2,NaN,0.285984199921254
0.25,0.172234769694674,NaN
0.3,0.339727025809736,NaN
0.35,NaN,0.398608503296582
0.4,0.172958525478114,NaN
0.45,NaN,0.575878373865027
0.55,0.281114228950025,NaN
0.6,NaN,0.495781500802495
0.65,0.138309704207913,NaN
0.8,NaN,0.409632528211984
0.85,0.227964204391646,NaN
1,NaN,0.212312805488793
