t,input_stattic,nSTAT3_Obs
10,0,99.3726980064503
10,20,51.5985473865355
10,40,58.8518391110777
10,50,70.8875146506505
10,60,23.8530768685936
