t,input_il6,nSTAT3_Obs
18,0,24.5087980521712
18,0,30.8033310485469
18,0,36.0403262288623
18,15,93.6341493013773
18,15,98.2410385548078
18,15,146.842294686191
18,30,68.5877908611127
18,30,133.857456391299
18,30,192.963444230877
18,60,57.4650373427588
18,60,113.226682101776
18,60,121.571635073502
18,120,184.810407462964
18,120,198.491134969223
18,120,292.904023433704
