t,STAT3_Obs,nSTAT3_Obs
0,49.1711303036896,48.9989040883003
8.5,36.2097009829035,39.8486356813955
15,33.5411291854337,75.0772748909008
25,48.5538650955022,77.2609344575045
35,79.9094831125902,57.8149837490683
50,50.0640960613544,55.9947324080081
60,57.7038596926964,39.8632005833386
75,80.6418179364833,47.1256756644814
95,51.9958322612395,41.5589579711991
100,91.5190212446814,49.8509038949626
