t,STAT3_Obs,nSTAT3_Obs
0,45.9640115940306,28.5019888685492
8,NaN,94.9207047484623
10,57.0191276442654,NaN
15,NaN,70.2985640623664
20,44.3232995048519,NaN
25,NaN,57.3626866146223
30,104.18137343129,NaN
35,NaN,106.598717213593
45,46.6488686482572,40.8170097794318
55,64.684518678567,NaN
60,NaN,58.7961120695586
70,43.8422948920641,NaN
75,NaN,58.8557457478303
90,30.0550290264606,NaN
95,NaN,22.9539110073945
100,58.0776234428109,38.3405980289083
150,64.3794888516746,NaN
