t,input_il6,nSTAT3_Obs
14,0.1,34.2048907422078
14,1,34.49053508878
14,5,51.1699593367916
14,10,61.1958413783548
14,50,61.4390546074263
14,100,81.7922699305173
14,500,74.7956628194318
