t,input_il6,nSTAT3_Obs
15,0.1,44.8126032030643
15,0.1,44.8699036775123
15,1,28.8866603325794
15,1,39.6555840075668
15,5,46.1459692229875
15,5,54.1205325760089
15,10,36.3024116768274
15,10,68.3111746181114
15,50,59.3145520689796
15,50,117.381033633422
15,100,51.1539019738429
15,100,84.554239287645
15,500,123.128388544788
15,500,262.378056333943
