t,input_ruxolitinib,nSTAT3_Obs
27,0,34.4596849585695
27,0,38.0631049438026
27,10,63.5811785526066
27,10,25.3784097440383
27,10,17.2148581070883
27,10,55.1714425179024
27,50,66.5897506997116
27,100,44.1397846568004
27,200,53.0622494716312
27,400,44.5577667457227
27,500,36.9458287290849
27,600,39.4820329120668
27,800,41.675480731754
27,1000,23.591382717757
27,2000,27.5216156159496
27,5000,45.9632663899265
27,5000,42.5479345405752
