t,STAT3_Obs,nSTAT3_Obs
0,58.2705340572563,23.8490295354382
8,NaN,76.2363544990018
10,23.1411585980873,NaN
15,NaN,98.4177171389774
20,102.533667088077,NaN
25,NaN,29.548043960976
35,39.2323594934084,39.1379252849513
45,144.761173612887,NaN
50,NaN,28.4923580020331
60,35.9443381411541,22.3721486154458
80,63.2400888050997,77.0792133848851
100,62.3484882411087,21.1674720100705
