t,input_il6,nSTAT3_Obs
14,0,30.0709120380384
14,0,45.4300660252926
14,5,55.3541705270602
14,5,57.8737158358163
14,10,50.508449549396
14,10,85.9583027213634
14,20,90.8329340267815
14,20,106.272371441589
14,40,79.9117623819219
14,40,139.840266806865
14,80,119.072961759082
14,80,246.94148149424
14,120,138.840317357871
14,120,208.563706616464
