t,STAT3_Obs,nSTAT3_Obs
0,35.9617962751711,23.1004540528607
8,40.7943526550069,NaN
9,NaN,78.0226640912084
15,45.2007920497929,NaN
20,NaN,121.460162434117
25,26.0652310305097,NaN
30,NaN,77.8531328335409
35,39.7213768946247,NaN
40,NaN,33.8960517963755
45,60.3860217593356,NaN
50,NaN,27.4974295767125
55,50.181092977403,NaN
65,NaN,39.9626946622153
70,66.8164557370433,NaN
80,NaN,47.8823841489976
85,80.1593737295946,NaN
100,29.7690403697975,25.4243869283272
150,36.0374496454328,56.7795159064737
