t,input_il6,Compound_1_Obs
32,0.1,30.3549339466935
32,0.1,36.3932693909058
32,0.5,28.5075297233017
32,0.5,58.327035207627
32,1,25.9535825342343
32,1,69.1350042893254
32,2.5,23.8156302153485
32,2.5,72.7493441467019
32,5,56.2179399523842
32,5,102.883578588549
32,10,25.913660697215
32,10,73.3572375854353
32,25,87.9928034755252
32,25,129.122204916191
32,50,104.496566000288
32,50,108.21330288803
32,100,81.7806852379843
32,100,91.727275183827
32,500,118.916437087476
32,500,201.223001682627
