t,epo_level,EpoRJAK2_Obs,CISHnRNA1_Obs
18,0,2.08622074982818,0.000103104773165775
18,1.4286e-07,-0.0476276862122034,0.00129027517304435
18,1.4286e-06,0.761465775864445,0.00122750208633403
18,0.00014286,1.49886548440975,0.000826588070434968
