t,epo_level,EpoRJAK2_Obs,CISHnRNA1_Obs
17,0,0.127220433994949,8.34886397255348e-06
17,0,0.155357212457895,-8.4899678921863e-06
17,0.00014286,0.0151921059999915,0.000150617599289376
17,0.00014286,0.016298815241209,0.000259237499387736
