t,epo_level,EpoRJAK2_Obs,CISHnRNA1_Obs
12,0,0.125277420963264,3.02950859825724e-05
12,0,0.123490177821515,3.54728786182078e-05
12,0.00014286,0.00194775073903444,0.000154717221120172
12,0.00014286,-0.00490658258135825,0.000149233825255429
