t,epo_level,EpoRJAK2_Obs,CISHnRNA1_Obs
15,0,2.41925808421408,-0.000460992351001174
15,1.3333e-08,2.1880132103925,0.000526062410141185
15,4e-08,1.61836546259337,0.00078153245116756
15,1.3333e-07,1.63011555367863,0.000445509613841741
15,4e-07,0.848439955607798,0.00140853085860381
15,1.3333e-06,-0.221821731243998,0.00147747307621983
15,1.3333e-05,0.222447143198974,0.00129567820614607
15,0.00013333,0.161926440848347,0.00106804442131178
15,0.00066667,0.160683285389009,0.00169462457569917
