t,pSTAT5_Obs,CISHnRNA4_Obs
0,-0.0110272390912225,0.000105493698825738
45,1.29282732762089,NaN
80,NaN,0.00117703432924337
95,1.08961713064077,NaN
150,1.31664184436237,0.00106463990737836
200,1.19712378470664,NaN
250,1.24710691124143,0.000929098401839826
350,1.1959928667952,0.00083677809677069
400,1.14309896897571,NaN
500,1.03735168688935,0.000811242338788118
600,1.27158560392839,NaN
700,1.24153388174304,NaN
850,0.977431625362877,NaN
