t,pSTAT5_Obs,CISHnRNA4_Obs
0,-0.229995350118035,0.000157336080123216
30,1.26910836747324,NaN
50,NaN,0.00109476761862695
60,1.23930366208038,NaN
90,1.25062166725147,NaN
100,1.07361643679141,0.000960256723896036
150,1.1599224115568,0.000953229185119855
200,0.901794108273342,NaN
250,0.904759589479296,0.000812290485521757
300,1.15030361331209,0.00090725326937662
350,1.04420631009541,NaN
400,NaN,0.000950684211946349
450,0.995490188996945,NaN
500,0.983360450627184,NaN
