t,CISHnRNA4_Obs,SOCS3nRNA2_Obs
0,-0.169020321708109,0.0974601384108386
3,-0.13979479048258,NaN
4,NaN,0.0123856839565093
6,0.065802717057233,NaN
8.5,NaN,-0.0123701169644881
9.5,0.0765629747583881,NaN
15,-0.102356262943623,0.127995590481894
20,0.037778586517085,-0.158904874990621
25,0.101848445467738,0.0371523354502242
30,-0.113863648149233,-0.215833423954274
40,6.13087934404097e-05,NaN
45,-0.0385281092454047,NaN
55,0.0623073572536615,NaN
