t,epo_level,EpoRJAK2_Obs,CISHnRNA1_Obs
10,0,1.20341248733145,0.000574779238968604
10,1.4286e-07,1.59741887055659,-0.000261217778615687
10,1.4286e-06,0.489756041581025,0.00138559495856962
10,0.00014286,-0.591297697654672,0.00191559498961843
