timepoint,Bac_Obs
0,0.0307075348474445
150,0.061930561942578
300,0.0511542578216577
450,0.33854315089044
650,0.229842932749793
850,0.516038946605835
1000,0.871318185430128
1500,0.353579884725779
2000,0.391058246150843
2500,0.3171095741576
