timepoint,Bac_Obs
0,0.0155303820267513
200,0.0357502392839434
400,0.137251186159766
600,0.171027222749909
850,0.323118081034555
1000,0.381814172693292
1500,0.575469823674841
2000,0.644566694336568
2500,0.472717024227401
3000,0.317011591361015
3500,0.596700189642383
