timepoint,Bac_Obs
0,0.00673629980961899
150,0.0126105000757717
350,0.0320591680042521
550,0.080139811601133
800,0.160034817643838
1000,0.311855954836663
1500,0.645055122519149
