timepoint,Bac_Obs
0,0.0351789932218198
250,0.0217096876089714
500,0.0821108823362771
800,0.0623974526974766
1000,0.151882309444389
1500,0.440201294257148
2000,0.496489531729915
2500,0.186081665762987
3500,0.651227678471684
4000,0.380500299670497
