t,pMEK_Obs,Compound_1_Obs
0,0.000788105128898839,4.29730086038272
0.25,NaN,3.29993742293688
0.45,NaN,6.21930942262744
0.7,NaN,6.03644371943888
0.95,NaN,8.44498290996632
1.5,NaN,2.81301469504378
2,NaN,1.53183352742726
2.5,0.000537417543017352,1.78989435896653
3,NaN,3.69176293589133
3.5,NaN,3.5827506391802
4,NaN,2.10885472545802
5,0.000134421400703572,NaN
8,0.000277443924187826,NaN
10,0.000131829424169338,NaN
15,0.000184616536875651,NaN
20,0.000267010822755107,NaN
25,0.000196953135726957,NaN
