t,input_ruxolitinib,nSTAT3_Obs
22,0,57.0590035516497
22,0,54.1773696630727
22,10,56.0422266343495
22,50,47.217978487944
22,100,44.2352996176746
22,200,65.9060556920311
22,200,76.6941907062833
22,400,43.7597998872854
22,500,67.6221677130918
22,600,57.6475433253977
22,800,56.6853105232342
22,1000,42.7568550093102
22,2000,47.5000875196993
22,5000,49.064314227992
