t,input_il6,nSTAT3_Obs
12,5,37.3316885408853
12,5,45.3123811285931
12,5,46.3724675893814
12,5,48.4517140557547
12,20,52.5913404418574
12,20,65.0566314475346
12,20,70.9455598495882
12,20,71.0742333019585
12,40,76.3382599462912
12,40,77.4803340665795
12,40,88.0088020503699
12,40,96.6788612380819
12,90,105.227120543091
12,90,107.333085820606
12,90,108.691449585131
12,90,109.391606065165
