t,input_il6,nSTAT3_Obs
30,0.1,37.2079813315903
30,0.1,44.2653539459649
30,1,39.9186472565511
30,1,33.4090974666429
30,5,40.7683416607036
30,5,46.0472830188319
30,10,35.1347499359885
30,10,51.7006313812515
30,50,39.4359849332572
30,50,43.3915038673219
30,100,55.6482451834299
30,100,48.6675969806267
30,500,31.3602685748545
30,500,23.044748234245
