t,input_stattic,nSTAT3_Obs
12,0,94.2822849504503
12,20,74.7241367107287
12,40,56.4028292035395
12,50,55.0291110370222
12,60,68.8328767845636
