t,epo_level,SOCS3RNA_Obs
150,2.5e-09,0.0444126858444857
150,2.5e-09,0.0577348711174544
150,2.5e-09,0.0651486036520858
150,2.5e-08,0.0732809863272869
150,2.5e-08,0.0827959456067892
150,2.5e-08,0.0844281144094671
150,1.25e-07,0.0952698751520647
150,1.25e-07,0.0995592106052858
150,1.25e-07,0.10457165936883
150,2.5e-07,0.103390840402631
150,2.5e-07,0.10621014689854
150,2.5e-07,0.108005585592157
150,2.5e-06,0.133411385892458
150,2.5e-06,0.133638730231753
150,2.5e-06,0.136639416264379
