t,epo_level,SOCS3RNA_Obs
10,2.5e-09,0.0253960681215616
10,2.5e-09,0.0287867768345589
10,2.5e-09,0.0297185274685449
10,2.5e-08,0.0288435764266189
10,2.5e-08,0.0283334216672836
10,2.5e-08,0.0286470424811356
10,2.5e-07,0.0297091367944723
10,2.5e-07,0.0262331583283556
10,2.5e-07,0.0268615432812357
10,2.5e-06,0.0270417643079036
10,2.5e-06,0.0263268446604932
10,2.5e-06,0.023473246655649
10,2.5e-05,0.0247632299569083
10,2.5e-05,0.0278426225521185
10,2.5e-05,0.0266456159064498
