t,epo_level,SOCS3RNA_Obs
4,2.5e-09,0.0251702002864755
4,2.5e-09,0.0253476057846803
4,2.5e-09,0.0296051379622782
4,2.5e-08,0.0252652130174788
4,2.5e-08,0.0267416490932655
4,2.5e-08,0.0278871375531973
4,2.5e-07,0.0250192689196131
4,2.5e-07,0.0256167003844771
4,2.5e-07,0.0273995697212595
4,2.5e-06,0.0249871029157385
4,2.5e-06,0.0276381852970891
4,2.5e-06,0.0282802998358393
4,2.5e-05,0.0238404662559793
4,2.5e-05,0.0247007072554224
4,2.5e-05,0.0254186870240088
