t,Reelin_input,SFK_Obs
10,0,0.00139558201729738
10,0.00012207,0.00124229356218015
10,0.00024414,0.00105735484043857
10,0.00048828,0.00158829157628782
10,0.00097656,0.00124178610443344
10,0.0019531,0.00142234449886427
10,0.0039062,0.00106660602983473
10,0.0078125,0.000967796755179668
10,0.015625,0.000576749747030329
10,0.03125,0.000523497017866008
10,0.125,0.000232133500661706
10,0.25,0.000159730639867159
10,0.5,6.95772623424618e-05
10,1,3.7961373543521e-05
