t,input_il6,Compound_10_Obs
20,0.1,-0.000743064437291531
20,1,0.000768554095775287
20,5,-0.000538743985221203
20,10,0.000543308659892791
20,50,0.0122423953286082
20,100,0.0212101061121597
20,500,0.0338393521146735
