t,Compound_3_Obs,Compound_6_Obs
0,23.4262950107361,-0.00342036545621615
10,42.0943242882771,0.119181989991095
20,52.2216279938107,0.206785654058131
35,38.6286854209167,0.202194600533278
45,29.9495243123888,NaN
50,NaN,0.0743431299208717
60,24.9382950320236,NaN
65,NaN,0.0125932022679136
80,19.9371840884862,0.00883660427693883
95,16.2909567280513,NaN
100,17.0631940463699,0.00572053538161934
150,19.3866991200556,0.00443200915799667
