t,input_stattic,Compound_8_Obs
13,0,18.5140933926881
13,20,20.120680938419
13,40,19.0459180156523
13,50,22.0310713229858
13,60,16.2941164296779
