t,Compound_3_Obs,Compound_6_Obs
0,20.9743824801252,0.000459190298354741
9.5,44.1528650179991,NaN
15,NaN,0.0946772115627665
20,30.8605318152733,NaN
25,NaN,0.0621103677294739
30,21.5620474030721,NaN
40,16.6128769627046,0.0193662474094263
55,19.0827031367837,0.00319718034333496
70,18.3934307125416,NaN
75,NaN,-0.0005628096891028
85,16.4295740180934,NaN
95,NaN,-0.000515062874800451
100,15.3892423558671,0.00244003755482753
150,16.0204457684217,0.00341133269049677
