t,input_il6,Compound_2_Obs
13,0.1,21.2040313362429
13,0.1,22.727761912513
13,1,15.9516100126704
13,1,17.5883751743325
13,5,18.6980195608354
13,5,19.7981374778044
13,10,23.1302565049418
13,10,24.9527200206539
13,50,32.7895037178309
13,50,37.0118090454587
13,100,41.2640699608218
13,100,43.0237300158066
13,500,51.3240763665735
13,500,54.9795194164505
