t,Compound_3_Obs,Compound_6_Obs
0,19.7845294345035,-0.00874371074272107
10,NaN,0.207723481776559
15,58.8021202305544,NaN
25,50.8965291992004,0.35675690890156
35,NaN,0.260888681904848
40,34.2888808048353,NaN
50,NaN,0.111503115180154
55,19.1855698484536,NaN
65,NaN,0.0277067676634512
75,29.6042937899327,NaN
85,NaN,0.00433585144714847
95,28.1113803334002,NaN
100,23.9062326512775,0.00578768470882745
150,14.6823899176045,0.00546932064420799
200,14.0095850309541,NaN
