t,Compound_3_Obs,Compound_6_Obs
0,22.7115618490294,-0.00248822283027123
10,64.0575437148555,NaN
15,NaN,0.290893235156487
20,56.1583674520497,NaN
30,NaN,0.262206136663127
35,27.4010179965875,NaN
45,NaN,0.0665850527081374
50,16.8446992030108,NaN
60,NaN,0.00626979442773661
65,17.7662442326631,NaN
80,NaN,0.00405170073438694
85,16.1422856449747,NaN
100,16.875049181751,-0.00357308328273608
150,20.6438138214156,0.0118503019716025
