t,input_ruxolitinib,Compound_5_Obs
20,0,5.80299340815935
20,10,5.76594105286591
20,50,5.20238527088078
20,50,5.44159433082076
20,50,5.71634518247827
20,50,6.22967974705523
20,100,4.83991951363745
20,200,3.98076245707605
20,400,2.79541525522264
20,500,2.73567276861672
20,600,1.89873169561765
20,800,2.18875032283611
20,1000,2.05853155132905
20,2000,-0.118455760306452
20,2000,0.795282627949853
20,5000,-0.500396318934156
