t,input_il6,nSOCS3RNA5_Obs,Compound_6_Obs,Compound_7_Obs
12,0.1,0.00163632659116186,45.3716428484809,56.3663187211017
12,1,0.000996510920024324,46.9196858813484,55.7412741959976
12,5,0.00319639607430377,82.428217942612,63.1731200132467
12,10,0.892734140616672,111.614420098348,86.4855391547507
12,50,0.00235082264091601,44.4080005936864,59.6203998018001
12,100,0.216161539114311,61.09720791343,42.8993099360214
12,500,12.0784332919112,243.580821289848,192.680004945841
