t,input_stattic,nSOCS3RNA5_Obs,Compound_6_Obs,Compound_7_Obs
25,20,25.7624331456091,667.177999648027,496.661747875647
25,25,47.3893527668571,218.093941000051,349.101606232323
25,30,21.3462816933369,241.847536576231,659.580497291413
25,40,17.3291195188229,333.235766683859,216.177892406339
25,50,9.62282812196391,169.328109203912,147.722178801388
25,60,5.89261199252721,108.69631867078,93.0396593591814
