t,npSTAT_npSTAT_Obs,Compound_1_Obs
0,0,0.000929421129662731
4,0.0774777024094908,NaN
4.5,NaN,0.0165909747023887
8.5,0.222068353624473,NaN
9,NaN,0.202506678238293
15,0.12930057440965,0.367338484264139
20,0.176730455406903,0.310936923268511
25,0.148001853662865,0.322513491588114
30,NaN,0.299384347644105
35,0.0713903853733795,NaN
40,NaN,0.198911325604509
50,NaN,0.0684359830264216
60,NaN,0.0209671341016109
70,NaN,0.00719980523772199
