t,Rp_cAMPS_pAB_time,RII_C_2_Obs,RIIp_C_2_Obs,Rp_cAMPS_Obs,RII_2_Obs
120,0,0.323743382318999,0.0246312905669065,10.4220045873269,0.0571773514052401
120,30,0.465063446775565,0.0239791284911919,5.32418101683163,0.0959189992685868
120,45,0.532455410291307,0.020449647903185,7.5024537495375,0.0683971061209744
120,55,0.446283435881355,0.0295552383012681,6.87335606601233,0.076884587876698
120,59,0.492415680398891,0.0135300041148711,8.59888568956406,0.0943694979030475
120,60,0.368419190089192,0.0205096074499221,6.34665465205917,0.0745161797379193
