t,fourABnOH_time,RIIp_C_2_Obs,Rp_cAMPS_Obs,RII_2_Obs,AC_Fsk_Obs
93,0,0.238130216414996,-0.254633178531666,0.152745405352538,-0.132599031344519
93,30,0.229068399499395,0.0807023950930103,0.109707134810719,0.295932195654875
93,45,0.221295864609948,0.156617974460828,0.113996732282257,0.0953473920032767
93,55,0.283249082054183,-0.165266333500874,0.109475238150031,-0.0837613669047016
93,59,0.207939938262348,0.497639240099205,0.166077481937148,-0.0154351019303343
93,60,0.208432622367008,0.388960420849254,0.124269702271705,-0.159094827446993
