t,Rp_cAMPS_pAB_level,RII_C_2_Obs,RIIp_C_2_Obs,Rp_cAMPS_Obs,RII_2_Obs
58,0,0.647240968418171,0.0394521263206145,0.474991252031702,0.0802049603157574
58,0.016,0.510428702851312,0.0495108004527173,-0.170323513962833,0.0463206354893742
58,0.08,0.617995440657825,0.0445825840063344,-2.45297760464512,0.0869837882046699
58,0.4,0.546540137236589,0.0463074120370798,-0.702351235811848,0.0601693659711938
58,2,0.485812788340437,0.0257615495905284,9.48945372259962,0.0803952467848812
58,10,0.334440844507449,0.0353732924384002,-0.187878311976386,0.114428861357856
58,50,0.269850220492726,0.0019786451381273,35.8157730795834,0.0800639535003515
