t,insulin_dose_1,XX_Obs,XXp_Obs
18,0,9.97962015279402,0.000124237840146811
18,0.01,10.5870292667318,0.000200714369013359
18,0.1,10.2241359362804,0.000691904625632159
18,0.3,10.3745469148567,0.00120686464499811
18,1,9.78860389829622,0.00179613604896223
18,10,9.29527973086048,0.00207705623104871
18,100,10.6944392580157,0.00199011497860753
