t,init_TGFb,Compound_2_Obs,Compound_5_Obs
67,0,87.3765656492135,1.29511149615158
67,0,110.126969173137,1.1020760714588
67,0.1,99.5181688655353,11.7814475301657
67,0.1,107.402557720049,11.5239645092148
67,1,59.7842908872445,19.2739083642742
67,1,77.7664524026868,30.0259037571636
