t,Compound_2_Obs,Compound_5_Obs
0,128.144118786932,0.941727743487523
25,NaN,18.3500110486374
40,46.06292077866,NaN
50,NaN,24.3506365397097
75,NaN,21.7022712449464
85,61.3285321236786,NaN
100,NaN,26.4761735313635
150,84.4720683074879,16.3161513719227
200,160.680964609066,9.52741302404404
250,132.441358010405,3.44583667550012
300,119.993575097106,1.83979973679099
350,NaN,1.50073221053678
400,91.995517329621,NaN
450,NaN,1.05949429212292
500,110.32382506472,NaN
600,131.960471575816,NaN
