t,epo_level,CISnRNA1_Obs
130,2.5e-09,33.9700981913753
130,2.5e-09,44.2991759539665
130,2.5e-09,50.8843012211614
130,2.5e-08,141.976849751454
130,2.5e-08,162.148224524849
130,2.5e-08,165.014694030347
130,1.25e-07,226.486595609141
130,1.25e-07,252.316268892485
130,1.25e-07,303.074585517917
130,2.5e-07,313.466643896886
130,2.5e-07,351.364722206466
130,2.5e-07,396.955322127678
130,2.5e-06,328.42133856479
130,2.5e-06,548.880146464434
130,2.5e-06,625.314236961213
