t,Compound_1_Obs,Compound_2_Obs
0,1.10767662193038,1.51853116296914
1,1.89177299455833,NaN
1.5,NaN,3.1163047850631
2.5,3.33935113693552,NaN
3,NaN,5.56329874371432
3.5,2.83234012573393,NaN
5,8.48993806235556,6.72180560763049
6.5,8.80353827425656,8.32813456692199
8,11.1072922009349,NaN
9,NaN,8.6679115856328
10,9.47449776632396,8.17778692397529
15,4.83759306876937,3.85429395996418
20,10.2821228743883,7.03548666870315
