timepoint,Glu_Obs
0,16.6062247474257
150,10.8357169244642
300,13.5605423591736
450,10.0335922774547
650,4.62996020969179
800,6.19276118615115
1000,4.34504582537135
1500,0.493005263277846
2000,0.0673830405179356
2500,0.0221736565767394
3000,0.00762339657577184
