timepoint,Glu_Obs
0,6.99448103203387
95,5.42894641469006
200,7.04478546913086
300,10.4705915652464
400,9.15391653542588
550,7.18833660369267
650,3.95496391305572
850,3.93588949509286
1000,2.49234583281858
1500,0.105585965357617
2000,0.0210998941298277
