timepoint,Glu_Obs
0,8.88920953214096
300,11.4773593388087
600,6.83169036479525
950,12.1565282348946
1500,8.71914093580623
2000,8.7830528211533
2500,6.79147929154817
3500,3.92586246314344
4000,1.10859741113879
5000,0.359478904079154
6000,0.0973431334569818
