timepoint,Glu_Obs
0,11.1282784400652
400,12.1563912791001
800,10.0490582808785
1000,12.9697111634144
1500,3.93357764759131
2000,3.52224388918879
2500,6.55297915289785
3500,2.13528326801679
4000,1.67145493816207
5000,0.434940879118816
6000,0.406685652668583
7500,0.10905414502533
