timepoint,Glu_Obs
0,18.4486782116436
45,0.00947324347855647
95,0.0120395822754611
150,0.0153668839584367
200,0.0164026201558242
250,0.00801781445619267
350,0.0176173610819394
400,0.0090172267265695
550,0.0112093789075924
