timepoint,Ind_Obs
0,0.000990260467879345
450,0.00161090558163606
900,0.0133152077227549
1500,0.111052010516835
2000,0.592795982522921
2500,0.775798973131041
3000,0.605789457258852
4000,0.627047724943263
5000,0.508434544933293
6000,0.291725472421917
7000,0.233201586175996
8500,0.141798199063854
