timepoint,Ind_Obs
0,9.79003611754665e-06
400,0.0032608923025001
850,0.00230911170363551
1500,0.00242413611697963
2000,0.00243804563633279
2500,0.00163401442415728
3000,0.00282141568642584
3500,0.0029945935751306
4500,0.00176178974233928
5000,0.00198008099830511
6000,0.00220319906577499
7500,0.0020302160149355
8500,0.000825175161127893
