timepoint,Ind_Obs
0,0.000987520482905709
450,0.0017094266841917
850,0.00474821795839199
1500,0.0431042409620446
2000,0.277963985711074
2500,0.878579893393307
3000,0.678762268154897
4000,0.238467432169449
4500,0.176781670685927
6000,0.0795740281355178
7000,0.0549886835782144
