timepoint,Ind_Obs
0,0.00106479409691193
450,0.00110515907219954
950,0.00618832616893879
1500,0.0576913664753859
2000,0.169075523817307
2500,0.460158561503364
3500,0.698740541615127
4500,0.56721247048393
5500,0.473579984817203
7000,0.245713296312334
8500,0.152361993061119
