timepoint,Ind_Obs
0,6.96912078954098e-06
350,0.00368229039679811
750,0.00250803057584907
1000,0.00285205803966076
1500,0.00233769275203169
2000,0.00219886920309757
2500,0.0025348791749458
3000,0.00212772093577676
4000,0.00193569381429119
4500,0.00199435308194069
5500,0.00131535885089648
6500,0.00189455520650446
7500,0.00140853924948183
