timepoint,Ind_Obs
0,0.00079905438427889
350,0.0014198194386715
700,0.00153531346989051
1000,0.00336005434929663
1500,0.0155104088559041
2000,0.0459850316755553
2500,0.140812396207103
3000,0.319612441496525
3500,0.590167813079941
4000,0.765305535984089
5000,0.998623261165214
6000,0.380416321342761
7000,0.34521777584726
