timepoint,Ind_Obs
0,0.00119631244398856
450,0.00121784029557034
900,0.00756192847502975
1500,0.124234123365627
2000,0.397100898833929
2500,0.537903518712678
3000,0.433347157231089
4000,0.566906965406512
5000,0.413784596624236
6000,0.22520279312754
7000,0.310284917327653
8500,0.170588087255463
