t,input_il6,Compound_4_Obs,Compound_10_Obs
14,0.1,30.0500350668915,32.2821433139688
14,1,27.8782078843199,26.4207453374097
14,5,28.4707621495215,23.207970410878
14,10,45.470010061778,43.9266145939333
14,50,29.3679042723162,28.6594339988781
14,100,31.3615784266317,31.6104927977657
14,500,62.7555501543351,49.0193988999248
