t,Compound_4_Obs,Compound_10_Obs
0,29.0973863838335,27.4299630339079
8.5,47.0412427763509,NaN
15,61.5054883280475,56.3574909952353
25,31.9174200156564,NaN
30,NaN,23.0380261809468
35,32.0472985457591,NaN
45,NaN,30.7213524399126
50,26.5397115110089,NaN
60,29.2328734833603,29.9362130661914
75,34.0337975698684,NaN
80,NaN,29.1985322803882
95,26.0539600938826,NaN
100,28.9451792375831,29.2562526825288
150,NaN,34.63013527351
200,NaN,26.9413555721245
250,NaN,29.4116313329113
