t,input_stattic,Compound_4_Obs,Compound_10_Obs
10,0,46.1820700898193,44.9738560095836
10,20,41.0331407711951,41.7808332003645
10,40,39.7427024659426,38.9242160722462
10,50,29.4469899427914,32.6234368573616
10,60,32.5035434186079,35.8300304474706
