t,Compound_4_Obs,Compound_10_Obs
0,27.8203954109141,29.7310156568554
10,46.290468265146,41.7858634317037
20,27.2024640980423,NaN
25,NaN,24.0991383304709
35,28.58284692592,32.5762854531187
50,34.266802852791,29.2083677854655
65,30.9509997194187,35.1416526268779
85,NaN,26.7352675494612
90,33.6284299112799,NaN
100,26.0403798157756,31.7315576579211
150,NaN,27.0737670345849
