t,Compound_4_Obs,Compound_10_Obs
0,32.8740397216104,28.8852334916091
9.5,NaN,45.1137455399024
10,47.4352405893459,NaN
20,44.6881657664787,47.1648288571023
30,37.7800082043408,31.0767297010314
40,NaN,35.1836610715196
45,29.4936127673024,NaN
55,30.5907815575446,27.3609936375749
70,31.1071325809295,30.3765590404941
85,NaN,29.359628308201
90,25.311713858003,NaN
100,31.3941022064148,30.6100781671874
150,31.4514360580815,36.2152620685276
