t,Compound_4_Obs,Compound_10_Obs
0,28.8049788020425,28.8629584877161
8,NaN,57.1181683874402
9.5,41.3473749827287,NaN
15,NaN,62.1372681537643
20,46.556717269454,NaN
25,NaN,27.0846730260402
30,29.1585756786239,NaN
35,NaN,29.8549895239423
45,23.9053463090911,31.5335405977761
55,30.5180119523145,NaN
60,NaN,23.1173559115165
75,30.6017562046964,28.9546757728587
95,26.4213368419561,33.1818489892156
100,30.4259007573245,28.5536973896752
