t,nSTAT5_Obs,SOCS3nRNA3_Obs
0,0,0.0292005065835294
10,1.28689811345919,NaN
20,NaN,0.0288439178352533
25,4.57821861042971,NaN
40,5.71964111137101,NaN
45,NaN,0.0671019673197009
55,5.00476922247169,NaN
65,NaN,0.0769979798315839
70,4.20972675877057,NaN
90,3.84092152463562,0.0559957743778025
100,3.82378991280543,0.067864174166281
150,2.34424831751889,0.0405791790015466
200,1.92884556397333,0.0377989315792236
250,NaN,0.0368878372406846
300,NaN,0.028638816350106
