t,epo_level,SOCS3_Obs
7,0,0.827695647950952
7,1.4286e-07,0.967184118242004
7,1.4286e-06,0.645370990620044
7,0.00014286,0.687425061330338
