t,input_stattic,nSOCS3RNA2_Obs
0,0,0.00197008548790893
0,0,0.00210112452556309
0,1,0.00193082187278103
0,1,0.00193716415186644
0,5,0.00193189211303231
0,5,0.00201781445049331
0,10,0.00202790089811164
0,10,0.0020751790948401
0,20,0.00194202569915574
0,20,0.00197239373782589
0,50,0.00193957430284834
0,50,0.00200805562516737
