t,nSTAT3_Obs,nSOCS3RNA2_Obs
0,16.1801376017333,-0.0161016326388268
8.5,33.726633966606,NaN
9,NaN,1.07903386240956
20,29.7188175700111,2.12510348265636
25,22.3382147413495,NaN
30,NaN,0.0981741916484597
40,15.8639629169258,0.0187435344542129
50,15.0330358500815,0.00957717165483658
65,18.2650593036183,0.0100156765589977
80,21.6419755502292,NaN
85,NaN,0.123388356166788
100,21.7465500956894,0.083327473747573
150,NaN,0.0891650874527291
