t,nSOCS3RNA2_Obs,SOCS3RNA_Obs
0,0.00202783699483189,0.000150762867207125
10,0.00209768580153724,NaN
15,NaN,0.000153482876761604
25,0.00196645928343153,0.000162487020231226
35,0.00197729696195449,NaN
40,NaN,0.000155457278081306
50,0.00212913977542825,NaN
60,NaN,0.000156869861844823
70,0.00193882181161464,NaN
75,NaN,0.000153360465394737
90,0.00203762558680462,NaN
100,0.00197251310529611,0.000147848790964871
150,0.00203219841231113,0.000149670920365194
