t,Reelin_input,ApoER2_Dab1SFK_Obs
10,0,0.000163513200836817
10,0.00012207,0.000125586760479535
10,0.00024414,0.000151914847350317
10,0.00048828,0.000128675448491428
10,0.00097656,0.000153757866659233
10,0.0019531,0.000151388632788033
10,0.0039062,9.73633095521162e-05
10,0.0078125,4.83849479368404e-05
10,0.015625,3.97482936356207e-05
10,0.03125,2.03627860517031e-05
10,0.125,4.77923199173445e-06
10,0.25,3.0966243302193e-06
10,0.5,2.09211961712512e-06
10,1,7.20714111595406e-07
