t,Compound_1_Obs,Compound_2_Obs
0,16.3472157186162,10.5017608939799
1,NaN,16.3249714594648
1.5,16.9747046914333,NaN
2.5,11.7945605808122,6.70252252502565
3.5,NaN,10.86709806895
4,8.83795605923865,NaN
5,NaN,5.76866026738384
5.5,14.3376767153518,NaN
6.5,NaN,8.87268028918806
7.5,8.68635512170207,NaN
8,NaN,3.07687830270541
9.5,21.2728882123747,NaN
10,13.9498304741018,6.10549191498567
15,15.0183139500188,7.14021852707515
20,8.29560069830223,11.1204024496437
