t,epo_level,CISHnRNA4_Obs
7,2.5e-09,0.000158360823733692
7,2.5e-09,0.000159691671770655
7,2.5e-09,0.000165863574887942
7,2.5e-08,0.000150846371606596
7,2.5e-08,0.000180719325898284
7,2.5e-08,0.000183954603672826
7,2.5e-07,0.000339272483886908
7,2.5e-07,0.000361272872821536
7,2.5e-07,0.000388453885412691
7,2.5e-06,0.000828262207877625
7,2.5e-06,0.000924086021972123
7,2.5e-06,0.00104733444725843
7,2.5e-05,0.000982833712961919
7,2.5e-05,0.00102350775415032
7,2.5e-05,0.00107485740603501
