t,CISHnRNA4_Obs,CISHnRNA5_Obs
0,0.000129923579181086,0.000159966195857652
20,0.000705588756879096,NaN
25,NaN,0.000608312661049708
45,0.00137640124443736,NaN
50,NaN,0.00141360768418744
70,0.000827100578430847,NaN
75,NaN,0.00095727540040138
100,0.000822476461833476,0.000806733180506687
150,0.000754492133979353,0.000858124968494116
200,0.000675553796680531,0.000582421789269652
250,0.00082192963836384,NaN
300,0.000679148828528376,0.000683528365036077
350,NaN,0.000493683879911299
