t,epo_level,CISHnRNA4_Obs
9,2.5e-09,0.00289999844437025
9,2.5e-09,0.00295699839711223
9,2.5e-09,0.00307350201534169
9,2.5e-08,0.00244617838709631
9,2.5e-08,0.00252010300472239
9,2.5e-08,0.00309975822355001
9,2.5e-07,0.00127227422073678
9,2.5e-07,0.00130883074033642
9,2.5e-07,0.000977603871301928
9,2.5e-06,0.0002315478225042
9,2.5e-06,0.000483489233164875
9,2.5e-06,0.000144925268776462
9,2.5e-05,-0.000198404425998275
9,2.5e-05,0.000270733612675172
9,2.5e-05,0.0003398064206158
