t,epo_level,CISHnRNA4_Obs
18,0,0.000186659376227304
18,1.4286e-07,0.000619001796988812
18,1.4286e-06,0.000252894320938244
18,0.00014286,0.000172702352267234
