t,Compound_1_Obs,Compound_2_Obs
0,0.000391256065232026,0.963360126532515
0.15,NaN,0.29072892733497
0.25,NaN,0.413589337115982
0.3,0.00566793715010485,NaN
0.4,NaN,0.468272543031487
0.55,NaN,0.551444948564354
0.6,0.00730298814978453,NaN
0.7,NaN,0.610110951726681
0.9,0.00762496093212977,0.587944193007346
1,NaN,0.588166037472281
1.5,0.00793902630769396,0.637787634903592
2,NaN,0.558474338564471
2.5,0.00834789732988364,0.671125706103953
