t,Rp8_Br_cAMPS_pAB_time,RIIp_2_Obs,Csub_Obs
36,0,0.113128281255211,0.2301150977142
36,30,0.138513062779972,0.222654927588404
36,45,0.238378245073105,0.256288333989309
36,55,0.191648141291262,0.330196688828169
36,59,0.15348716384613,0.189475016233915
36,60,0.223589764247137,0.303609248023786
