t,Rp8_Br_cAMPS_pAB_level,RIIp_2_Obs,Csub_Obs
30,0,0.20706049989025,0.1952379458199
30,0.016,0.142990943410757,0.19019639272397
30,0.08,0.193946675864621,0.219306133587746
30,0.4,0.185842730749741,0.202228701726419
30,2,0.184333121701263,0.316030471702173
30,10,0.143307923013232,0.209986812352725
30,50,0.212355298928644,0.246883310461211
