t,Rp8_Br_cAMPS_pAB_level,pAC_Fsk_Obs,RIIp_2_Obs
58,0,0.527779001194903,0.150262338573405
58,0.016,0.029546867020902,0.229358591560822
58,0.08,-0.202186493511219,0.258117067464966
58,0.4,-0.60532607259943,0.240825507025628
58,2,0.204031430881381,0.0562469134670359
58,10,-0.882687246848699,0.158010978932055
58,50,0.232073520320544,0.00641006180896839
