t,pAC_Fsk_Obs,Csub_Obs
0,0.106909468981005,0.120517548908084
3.5,-0.332793865160815,NaN
6.5,NaN,0.198179764867374
7,0.0248717956422682,NaN
10,0.449086191795848,NaN
15,-0.172836344360737,0.145381033700275
20,0.147574711648802,0.295253567891032
25,-0.0868325472360655,NaN
30,0.376528041561991,0.373081704773054
40,NaN,0.170061264143853
50,NaN,0.57499044314073
65,NaN,0.328283605506031
