t,Rp_cAMPS_pAB_time,Csub_Obs,RII_C_2_Obs,RIIp_cAMP_C_2_Obs,pAC_Obs
120,0,0.100988498455597,0.308109021654105,0.021257868703708,0.00774290407856632
120,30,0.139982460329092,0.305837894248892,0.01877054766767,-0.0740119679413444
120,45,0.135097350026173,0.263476818492285,0.0213637879211802,0.0228253291990322
120,55,0.17548601939722,0.44955877723279,0.0196311009868227,0.148396150313448
120,59,0.142198546501857,0.437835092989727,0.0220284998232733,0.0567493548355878
120,60,0.12875168879318,0.442629398856299,0.0246648798959063,-0.169536264308286
