t,Rp8_pCPT_cAMPS_pAB_level,Csub_Obs,RII_C_2_Obs,RIIp_cAMP_C_2_Obs,Rp8_pCPT_cAMPS_Obs
35,0,0.194585275406972,0.556444369603681,0.00170205022131182,-1.37844449845597
35,0.016,0.180477148183588,0.725343047166587,0.00200354961945407,-0.865616402183781
35,0.08,0.221861455248189,0.786310644776467,0.00196585741610898,-1.18770524275277
35,0.4,0.212943003454017,0.676493251583407,0.00158140745678875,1.63108836033245
35,2,0.204294197974175,0.710009046316614,0.0013800591540827,1.95858339013836
35,10,0.157938602005685,0.439693682370234,0.000888483009798243,10.7892034361743
35,50,0.152970472621986,0.599684370137779,0.000198936188812141,51.334056494864
