t,Rp8_Br_cAMPS_pAB_level,Csub_Obs,RII_C_2_Obs,RIIp_cAMP_C_2_Obs,pAC_Obs
30,0,0.228470735431537,0.502431042932554,0.00237032837656071,0.114807396913302
30,0.016,0.174410617423359,0.669158932621792,0.00184102585633382,-0.0843923462388753
30,0.08,0.184156519032294,0.778718688577573,0.00203422773895625,0.0627785973983397
30,0.4,0.18014629680257,0.705412754442752,0.00190537925418417,0.0615220767412622
30,2,0.162491367629065,0.573271077878846,0.000837501910856117,0.097123872246546
30,10,0.148952143297746,0.746983893045887,0.00120089964204247,-0.0164366038290788
30,50,0.121821936034904,0.426299401734984,0.000204567862786862,-0.0269328363425455
