t,Rp_cAMPS_pAB_level,Csub_Obs,RII_C_2_Obs,RIIp_cAMP_C_2_Obs,pAC_Fsk_Obs
27,0,0.198121876910847,0.728539715710227,0.00199056857334514,0.100214705371447
27,0.016,0.205487051414357,0.764841212185949,0.00219841206075141,-0.274074026384418
27,0.08,0.185206143067976,0.651866093541383,0.00190136361685066,-0.12438734406521
27,0.4,0.192941693678912,0.81933244058826,0.00156441277936194,0.188327369381499
27,2,0.174426576317902,0.399680138758581,0.000257803187372275,-0.26627497451322
27,10,0.147487752553115,0.627262113830079,0.000922081682738969,0.0721121550662054
27,50,0.135129709628541,0.404419586109244,-0.000366382827717764,-0.0321699953100595
