t,fourABnOH_level,pAC_Fsk_Obs,AC_Fsk_Obs
48,0,0.0165715508139995,0.127306128752815
48,0.016,-0.153226092055347,-0.284405356323049
48,0.08,-0.0550806582820577,-0.0729874303114902
48,0.4,-0.378977122340403,-0.0972353489623564
48,2,-0.193704074949057,0.0543380414468991
48,10,-0.200304915104357,0.328328868881323
48,50,0.0180814996208537,0.084472911455259
