t,Compound_1_Obs,Compound_4_Obs
0,0.807845970515631,0.213050584675839
5,1.01494186779655,NaN
7.5,NaN,0.248572848060485
10,1.23859342518464,NaN
15,0.87457151433722,0.232307665678276
25,1.13087554524087,0.237499382271595
30,1.0945900341994,NaN
35,NaN,0.206914356615981
40,0.999229333284111,NaN
45,NaN,0.231833004300824
55,NaN,0.438687576021646
70,NaN,0.34063607676728
