t,Compound_1_Obs,Compound_4_Obs
0,1.04779895794828,0.228514691116004
20,NaN,0.19061023575353
25,1.21574962167782,NaN
45,1.19918765389697,0.245211816445385
70,0.919094285155916,0.207388306256485
95,NaN,0.199437610235979
100,0.893946440882326,0.161558230360026
150,0.860352363840468,0.224109010225036
200,0.685548095250008,0.146542792729603
250,0.759434834416813,0.123004049189366
300,0.769366755030529,0.0920644134335986
350,1.000530405038,0.11671302044846
450,1.13427354207436,0.170152302618326
