t,fourABnOH_time,pAC_Fsk_Obs,AC_Fsk_Obs
67,0,0.000476750044834495,-0.157933136343064
67,30,0.0547968876005067,0.180094661187269
67,45,0.127112308718135,0.185610013559343
67,55,-0.214928324268525,0.162666682142042
67,59,-0.0206979798128702,0.0357589794997814
67,60,0.0614638639557738,0.218723117329684
