t,fourABnOH_time,Compound_1_Obs,Compound_4_Obs
44,0,0.992400622965182,0.218478155923524
44,30,0.726739350035438,0.241429275118531
44,45,0.978084485473919,0.154621324899762
44,55,0.604555926924995,0.186524046339144
44,59,1.02241211192049,0.237029129989482
44,60,0.906480787442674,0.2665831420811
