t,Rp8_Br_cAMPS_pAB_level,Compound_1_Obs,Compound_4_Obs
30,0,0.695364792115971,-0.0245384677425391
30,0.016,1.1479288611797,0.793574477581536
30,0.08,0.880602093576158,2.01459046802902
30,0.4,1.05939583779863,3.54438052101543
30,2,0.945163596463534,10.7348334599519
30,10,0.959172108903895,1.55869996478151
30,50,0.984988515567915,49.3081942657767
