t,Rp8_Br_cAMPS_pAB_time,Compound_1_Obs,Compound_4_Obs
38,0,0.853105865289304,9.10366635208685
38,30,0.975507948133085,10.3380154599582
38,45,0.72884286743599,-0.238125898704388
38,55,0.985214063157439,0.0366510593351095
38,59,0.955752661908707,0.691714469313319
38,60,0.937509388553511,0.640126381765379
