t,input_stattic,STAT3_Obs
18,0,20.3847485519072
18,0,20.5512660601608
18,0,20.3046925942438
18,0,21.7657376571647
18,20,27.5821701911399
18,40,27.5593376531655
18,50,29.063696367972
18,60,27.955737488201
18,60,29.2563348073246
18,60,27.8519832317147
18,60,27.0939681106969
