t,input_il6,STAT3_Obs
18,0,28.1528566261571
18,0,28.1457263979773
18,0,28.1626018627703
18,15,20.2186816367047
18,15,18.1188193543647
18,15,18.7400853189503
18,30,22.1728879923151
18,30,24.1532501559014
18,30,26.3542410281323
18,60,23.5524789936095
18,60,21.4045664864259
18,60,21.3791932185535
18,120,19.8348746898683
18,120,17.5809173225168
18,120,20.3167084059184
