t,IR2_Obs,Uptake1_Obs
0,0.0052811560391441,0.0166989126702398
6,8.26813334224013,NaN
10,6.7974304919067,4.62926194396935
20,9.71832762048487,4.90433416548588
25,12.6357312270249,NaN
30,9.5218548012019,7.51286553344628
40,15.9920685337703,7.6087304975328
50,15.1987651836021,NaN
55,NaN,5.82407723117131
60,9.65555822049597,NaN
70,4.32133345951619,11.8656467926357
85,3.44375171210071,6.93607493215053
100,6.2180532275091,14.5707853170846
150,NaN,13.3786199081851
200,NaN,15.8974806386217
