t,epo_level,SOCS3RNA_Obs
49,2.5e-09,0.0403916525908681
49,2.5e-09,0.0483465735994448
49,2.5e-09,0.0525820035110102
49,2.5e-08,0.0731385376597274
49,2.5e-08,0.0497762543964217
49,2.5e-08,0.0871274116211951
49,1.25e-07,0.0698576936603691
49,1.25e-07,0.0587308596557681
49,1.25e-07,0.0438587661693478
49,2.5e-07,0.0193289263841743
49,2.5e-07,0.0209101722263417
49,2.5e-07,0.0133232272708917
49,2.5e-06,0.00141695088690751
49,2.5e-06,0.00157121285655825
49,2.5e-06,0.00169929416520249
