t,input_il6,pJAK1_pgp130_Obs
16,5,0.0175011246718566
16,5,0.0221665486251987
16,5,0.0220206213981085
16,5,0.0190586640769796
16,20,0.0429222816365221
16,20,0.0395016582434964
16,20,0.0322745510563799
16,20,0.0387810296623255
16,40,0.00709271274870168
16,40,0.00697786885254612
16,40,0.00591969461080588
16,40,0.0064157037121217
16,90,0.065470491008857
16,90,0.0766705579372988
16,90,0.0798730250109265
16,90,0.0815640165316848
