t,input_ruxolitinib,pJAK1_pgp130_Obs
16,0,0.00182783013027042
16,0,0.00181237276560144
16,0,0.00185779015564623
16,0,0.00157780068037378
16,10,0.00183842193710452
16,50,0.00165088568257284
16,100,0.000803783193178683
16,200,0.00127925322905445
16,200,0.000984019391418186
16,400,0.000766752898159927
16,500,0.00110590104805719
16,600,0.00163694142332573
16,600,0.000992794927725367
16,800,0.000569216100333651
16,1000,0.00109796531079515
16,2000,0.00114109986649096
16,5000,0.000940326561286141
