t,input_il6,pJAK1_pgp130_Obs
17,0.1,0.00197658144067836
17,1,0.00306376247841149
17,5,0.00663636273825118
17,10,0.0105744257124951
17,50,0.0485531912814209
17,100,0.0675820272870256
17,500,0.16808911564576
