t,SFK_Obs,Compound_1_Obs
0,0.00285544937150054,1.8667820009461
25,0.00166759906160865,0.718845292967132
50,0.00113214116664585,0.542839319454061
75,NaN,0.661617498255102
80,0.00379320719065748,NaN
100,0.000680127115614022,0.99670375447592
150,0.0016418415335928,0.96331736357865
200,0.00384594238879746,0.6605436560465
250,0.00205331400476229,0.333449804654894
300,0.00353212036325057,0.501402063591871
400,0.00125350237960441,0.397408711986856
450,NaN,0.810421723902325
600,NaN,0.349671348255942
