t,epo_level,EpoRJAK2_Obs,SOCS3nRNA3_Obs
12,0,1.60088562016406,0.000394060056792227
12,1.3333e-08,-0.0109263442246439,0.000374604495992058
12,4e-08,0.0633696327430545,0.000370092540427439
12,1.3333e-07,0.0912873714294112,0.000388419420623732
12,4e-07,0.68185474582727,0.000360775253506632
12,1.3333e-06,1.35807804792644,0.000361323458087786
12,1.3333e-05,1.48010653837591,0.000380285403623682
12,0.00013333,1.25216357911507,0.00036996249797819
12,0.00066667,1.37884338364866,0.000393817929818965
