t,epo_level,STAT5_Obs
12,6.6667e-07,3.07363221596116
12,6.6667e-07,2.93825374132102
12,1.3333e-06,2.93469294826409
12,1.3333e-06,3.14923385836138
12,2.6667e-06,3.06165302942461
12,2.6667e-06,3.02957190336141
12,5.3333e-06,2.87205020489654
12,5.3333e-06,3.31464638698911
12,1.0667e-05,2.83186550963792
12,1.0667e-05,2.87334950598191
12,2.1333e-05,2.88052182244448
12,2.1333e-05,2.99284013518263
12,4.2667e-05,2.88712979767647
12,4.2667e-05,3.00253368532597
