t,CIS_Obs,SOCS3nRNA1_Obs
0,0.0179625139040343,0.000353003419937359
4,NaN,3.27288486003128e-05
8.5,NaN,5.05494532692836e-05
15,NaN,4.65318363063341e-05
20,0.0204832111171994,4.86413515586799e-05
25,NaN,3.55292447153801e-05
30,NaN,3.71383931241054e-05
40,0.0217825394840148,NaN
60,0.0153337411938138,NaN
85,0.0171390081073015,NaN
100,0.0151094401950193,NaN
150,0.0115187539778106,NaN
200,0.0100149839347973,NaN
250,0.00848751449909644,NaN
300,0.00562207628198434,NaN
