t,STAT5_Obs,SOCS3nRNA1_Obs
0,2.35518381672382,0.000486932736024233
20,NaN,0.000381942716600533
35,1.24892843152141,NaN
45,NaN,0.000337193961266821
65,NaN,0.000387604484569775
70,1.83239655755291,NaN
95,NaN,0.000333973799976559
100,1.93158173480211,0.000315194775835124
150,2.12095710181716,0.000383760190452577
200,2.03964322825138,0.000346108778173862
250,2.26752016806058,NaN
300,2.43960141789079,NaN
400,3.24204136216482,NaN
450,2.52697977087528,NaN
550,2.66806838244394,NaN
