t,STAT5_Obs,SOCS3nRNA1_Obs
0,2.75098005753051,0.000356136826390051
15,2.99524670931813,0.000369219545329063
25,2.74573396860971,NaN
30,NaN,0.000316350684899196
40,2.82926814883686,NaN
45,NaN,0.000484896416117781
60,2.59851735663179,0.000391816501650283
75,2.72553836993015,NaN
80,NaN,0.000341145105340339
100,4.13671731064273,0.000326766908253003
