t,epo_level,EpoRJAK2_Obs,SOCS3nRNA3_Obs
37,0,1.57294205030456,0.000343134851474731
37,1.3333e-08,1.38343286018224,0.000350371986701932
37,4e-08,1.34203957740512,0.000361636704032771
37,1.3333e-07,1.16948776396001,0.000355515886386847
37,4e-07,1.16298602772665,0.000299428590544702
37,1.3333e-06,0.830142780323892,0.000328052280063746
37,1.3333e-05,0.279964007805295,0.00043839131617336
37,0.00013333,0.00465571868930403,0.000392275938430498
37,0.00066667,0.0664599715888857,0.00036971223504295
