t,pRAF_Obs,MEK_Obs
0,3.63523595927945e-06,1.15857085865676
0.5,9.59502347406427e-05,NaN
0.55,NaN,1.032730772231
1,5.68292621011961e-05,1.07121240205717
1.5,3.76613531274893e-05,NaN
2,NaN,1.06175822852517
2.5,2.92938275801748e-05,1.33848387606342
3,2.52023692100138e-05,0.935266621669473
4,7.09412070089822e-06,1.02678143007868
5,NaN,1.01771697272862
6.5,NaN,1.14308672984458
8,NaN,1.03522053960131
