t,Compound_1_Obs,Compound_6_Obs
0,0.688849512431885,2.10386826732529
10,1.00272403056155,NaN
15,NaN,2.15079778238655
25,0.814573369949659,NaN
30,NaN,2.52857269406016
40,1.0738440952575,NaN
45,NaN,2.64517643471097
55,0.904025716301838,NaN
65,NaN,2.54348622899719
70,1.07441020304463,NaN
85,NaN,2.00444428761857
90,0.92342475523368,NaN
100,NaN,2.35731526061951
