t,epo_level,Compound_5_Obs
11,0,1.74488178678029
11,1.3333e-08,2.90185466323371
11,4e-08,2.46337941382038
11,1.3333e-07,1.33297384441701
11,4e-07,4.2769083850027
11,1.3333e-06,5.31779378977607
11,1.3333e-05,7.89753878801417
11,0.00013333,9.51086665257094
11,0.00066667,7.16643461378992
