t,Compound_1_Obs,Compound_6_Obs
0,0.852982654742083,2.91928566721736
15,0.166675015439405,2.147162082861
30,NaN,2.5804077422638
35,0.190389957363892,NaN
45,NaN,2.34824197228727
50,0.33543680080347,NaN
60,NaN,1.93683008832395
70,0.30415724437817,NaN
80,NaN,2.56488113051409
95,0.401842916692103,NaN
100,0.40136315933898,2.48651066053599
150,0.370332825631018,2.35366400393164
200,0.349594486372656,2.1443031471049
250,0.333758859636279,2.08456343947655
