t,epo_level,Compound_4_Obs
21,6.6667e-07,0.0513366612446789
21,6.6667e-07,0.0676974044322177
21,1.3333e-06,0.0156349337273811
21,1.3333e-06,0.0254550438662963
21,2.6667e-06,0.0633859635200192
21,2.6667e-06,0.0517670578599406
21,5.3333e-06,0.04228373061685
21,5.3333e-06,0.0469379479037743
21,1.0667e-05,0.0671857828919713
21,1.0667e-05,0.0839100946974241
21,2.1333e-05,0.0435788630502412
21,2.1333e-05,0.0450439032521573
21,4.2667e-05,0.00632922172197164
21,4.2667e-05,0.00695282571382493
