t,S4_S4_S4_Obs,geneJ_Obs
0,-0.0719474004428015,1.16622867605737
9.5,NaN,0.906521402419527
10,-0.127696935684585,NaN
20,0.487270260416641,1.04504870560667
30,NaN,1.11066488288115
35,-0.0841872332976026,NaN
40,NaN,1.08692763190251
50,-0.324352900323584,NaN
55,NaN,0.857703420447847
65,0.0627909342951835,NaN
70,NaN,1.08365336358928
85,0.0128852769653382,1.11424188187146
