t,S4_S4_S4_Obs,geneJ_Obs
0,-0.244845014289595,1.05923977221173
9.5,0.075227818756355,NaN
10,NaN,1.12180962407327
20,0.343263988425234,1.07112190697495
30,-0.14581511487285,NaN
35,NaN,1.05115212144856
45,0.0205947676852449,1.17853856057738
60,-0.114336021815462,1.06871910050999
75,-0.0554884621216512,1.2698356359231
95,NaN,1.14617904527201
