timepoint,Ind_Obs
0,0.000802971644287108
350,0.0185560159956114
700,0.308318413526532
1000,0.748045886475326
1500,1.22944210895701
2000,1.0622327168477
2500,0.979015361523826
3000,0.803298489435585
3500,0.593375279962913
4500,0.355827895848241
5500,0.256778654461226
6500,0.201493601836303
