timepoint,Ind_Obs
0,0.000949619304504125
350,0.00329527372931078
700,0.035110253671152
1000,0.12901477516915
1500,0.616312601533459
2000,1.16255915857246
2500,1.36108729130592
3000,1.05770920103121
3500,0.822323531715835
4500,0.542301666245242
5500,0.305345553227863
6500,0.142310415331107
