timepoint,Ind_Obs
0,0.000992610256512956
450,0.0762343210200063
850,0.933206768219676
1500,1.49706620556333
2000,1.09871988523985
2500,0.857022541031899
3000,0.685818205667127
3500,0.55795828029894
4500,0.339431041922698
5500,0.232353253695347
6500,0.178531238881628
8000,0.115047957391863
