timepoint,Ind_Obs
0,0.0010162351585537
450,0.00651317489105366
900,0.0987186273160126
1500,0.426340898247218
2000,0.971590690626489
2500,1.47860526310227
3000,1.35706882288525
4000,0.68877911863391
4500,0.520120429872843
5500,0.276818235954123
7000,0.0933412991056465
