timepoint,Ind_Obs
0,9.55867625004103e-06
350,0.0118105505233873
750,0.0105051583405978
1000,0.0111187647239328
1500,0.00808639543483232
2000,0.00783245157015693
2500,0.00606714006824747
3000,0.00562986621923984
4000,0.00435457700432201
4500,0.00388952728382121
5500,0.00310562609849966
6500,0.0027263899094167
