timepoint,Ind_Obs
0,0.00112187685379934
400,0.0124801100478403
850,0.160596287718166
1500,0.888819948960939
2000,1.25182272699928
2500,1.10603994380344
3000,0.995104861696389
3500,0.592743364327543
4000,0.509364990217566
5000,0.376662578473829
6000,0.259143442535013
7500,0.160097294660102
8500,0.101870320412068
