timepoint,Ind_Obs
0,0.00115400522802119
400,0.0393197217025006
850,0.619328156343248
1500,1.32007290425331
2500,0.945580360990119
3000,0.758735116222648
3500,0.566481101494798
4000,0.423132748513743
5000,0.283935073688866
6000,0.218883569525429
7000,0.127223310309034
8500,0.0953269569928983
