t,input_stattic,pJAK1_pgp130_Obs
0,0,0.0155934237874661
0,0,0.0251440202975774
0,1,0.0147854816322103
0,1,0.02993578414078
0,5,0.0114944105031896
0,5,0.0335090312953023
0,5,0.0107873212853788
0,5,0.00129169304482268
0,10,-0.0348129350092441
0,10,0.0276053657058562
0,20,0.00678583747815891
0,20,0.0131271462977297
0,20,0.088193366983357
0,20,0.0391602040907729
0,50,0.0643199307674058
0,50,0.017289552838123
