t,input_ruxolitinib,pJAK1_pgp130_Obs
14,0,0.0011344878277165
14,0,0.0127797397097928
14,10,-0.000755552300840828
14,50,-0.00133131682411358
14,100,0.0065892000438342
14,100,0.00701619762957062
14,200,0.0217183862471321
14,200,-0.0125369471431216
14,400,0.015333894122884
14,500,-0.0167806931935197
14,600,0.00952330992880081
14,800,0.0146651411999007
14,1000,0.000978476173402725
14,1000,-0.0186522457606021
14,2000,0.0178854677164247
14,5000,-0.0113707473911812
