t,ppS2_ppS3_ppS3_Obs,geneJ_Obs,Compound_1_Obs,Compound_2_Obs
0,0,1.14093665694492,1.83885433456529,71.7116291834136
10,0,1.10973937059508,1.7960490380816,68.8928503907016
20,0,1.00824203540082,NaN,73.8275092987769
25,NaN,NaN,2.12884798614893,NaN
35,0,0.969274574557961,1.64895879336542,52.2560064345205
50,0,1.01489558171206,2.34456359153781,67.8891927398622
65,0,1.23004836383919,2.07929363460969,76.5356703995912
80,0,0.860179617149443,NaN,51.6843807069603
85,NaN,NaN,1.78843949672613,NaN
