t,Rec_Obs,STAT5_Obs,Rec_i_Obs
0,1.12446237859421,154.821336210119,156.062982026859
3.5,1.39430497827899,NaN,NaN
4,NaN,NaN,133.995834432346
7,NaN,197.545181811061,NaN
7.5,1.27976437412091,NaN,NaN
8,NaN,NaN,106.984162237267
10,1.05865844742993,NaN,113.670830936849
15,0.892564803786545,179.694669512709,NaN
20,1.17384565933731,NaN,154.220427641306
25,NaN,154.329129553853,102.968765608611
30,1.23130974100369,182.320963164427,117.129301313888
45,NaN,218.12769619086,NaN
