t,Rp8_pCPT_cAMPS_pAB_time,RII_C_2_Obs,RIIp_C_2_Obs,RII_2_Obs,pAC_Fsk_Obs
75,0,0.346205432853593,0.0743658653849002,0.121114129286711,-0.0611566780556075
75,30,0.464666487562928,0.0759570871728359,0.135280582827342,-0.223981658994334
75,45,0.423865847131904,0.0757030679098731,0.160606574672986,0.191051292120178
75,55,0.535860994379618,0.109169304787125,0.156217420987962,-0.208818022094359
75,59,0.652272803334769,0.0974022681733517,0.0921578148766815,0.300120883036908
75,60,0.608714873826255,0.101235335851397,0.114011893209178,-0.245847574798149
