t,Rp_cAMPS_pAB_time,RIIp_C_2_Obs,RII_2_Obs,pAC_Fsk_Obs,pAC_Obs
100,0,0.00846058911452646,0.0651735636667225,-0.190332863830914,0.111433967637573
100,30,0.00858704500398369,0.0747311417005197,0.0613252470893672,-0.0692037851476976
100,45,0.00834909689626834,0.0890763639700493,0.314323504382764,-0.204277289831108
100,55,0.00733775455618561,0.055439885927943,0.133683906842048,-0.207240812128165
100,59,0.00636264758422281,0.0859743490663885,-0.0364100019457605,-0.140537865835213
100,60,0.0075445994870571,0.103626257524706,0.1307412723073,0.024332849271358
