t,Rp_cAMPS_pAB_level,RII_C_2_Obs,RIIp_C_2_Obs,RII_2_Obs,AC_Fsk_Obs
61,0,0.712788385850319,0.180983086872507,0.107628783077132,0.155276182451832
61,0.016,0.435853951508219,0.180440310016511,0.113350718527252,-0.191593948221993
61,0.08,0.646365990085439,0.159155994089316,0.096834560305099,-0.0658142030408349
61,0.4,0.502953165469276,0.20319819995621,0.0990246181809413,-0.0386226922891529
61,2,0.436368427179349,0.0761683154105934,0.113898013488028,0.00333701011877822
61,10,0.29608613838698,0.030462432495111,0.0799459556538848,-0.501034404444331
61,50,0.285623425442598,0.0369925922599142,0.0519609582584267,0.261341898825632
