t,Rp8_pCPT_cAMPS_pAB_level,RII_C_2_Obs,RIIp_C_2_Obs,RII_2_Obs,AC_Fsk_Obs
59,0,0.547473410708214,0.161839993621872,0.109812482150236,-0.0603124244166576
59,0.016,0.594400653541925,0.21594419358022,0.137230306578655,-0.171238964797731
59,0.08,0.58933920265719,0.211452019466563,0.1357988478574,0.359976087796092
59,0.4,0.60916016401059,0.18221551019914,0.119768251550544,0.0560112273279495
59,2,0.537887765072607,0.0689447953418958,0.0969726665842779,0.0970042805693584
59,10,0.65487733241919,0.20632960787259,0.11559968199603,-0.0769975536210113
59,50,0.395784215279226,0.0272803315334086,0.097576102119487,0.0591105294173294
