t,Rp8_Br_cAMPS_pAB_level,RIIp_C_2_Obs,RII_2_Obs,AC_Fsk_Obs,pAC_Fsk_Obs
66,0,0.167702426813025,0.112383941744278,-0.0787537101288094,-0.0318478509458632
66,0.016,0.163848148037851,0.163698457316545,0.142078464521793,0.255275749297175
66,0.08,0.188048189873814,0.111632907939671,-0.0961375892088703,-0.15550295869327
66,0.4,0.200876367605343,0.131695936409401,0.134516116266321,0.443887463327005
66,2,0.106097725797575,0.0815437123805935,0.27165344764064,-0.00823311287599728
66,10,0.11410980293619,0.0935564846746558,-0.0951994486599185,0.0975771099201491
66,50,0.0359071972757482,0.130438067411141,-0.143001065821961,0.325137835290634
