t,Rp_cAMPS_pAB_time,RII_C_2_Obs,RIIp_C_2_Obs,RII_2_Obs,pAC_Fsk_Obs
100,0,0.279228521552685,0.0297632566536294,0.091617638037175,0.127619581983887
100,30,0.347307815273744,0.0218214141520506,0.0835376613920236,-0.0341247165941578
100,45,0.253496253474534,0.0253956619512582,0.091839303547165,-0.149147448122765
100,55,0.436622194861883,0.029983015216139,0.139638439309169,-0.0254190787902338
100,59,0.436993113809569,0.0353368186537021,0.0841279838978435,0.0543721100057195
100,60,0.482874934987393,0.0282116290604267,0.104296513140754,-0.00250417727766225
