t,IPR_O_Obs,IPR_S_Obs
0,-7.27311097112843e-06,7.7565170820337e-06
0.2,0.000139687846745843,NaN
0.4,9.85557785413525e-05,NaN
0.45,NaN,0.00081012614292754
0.65,7.42622681288809e-05,NaN
0.85,6.63840183600566e-05,NaN
0.95,NaN,0.000926870341959977
1,5.7442985190748e-05,NaN
1.5,5.48280794951033e-05,0.000949804638875491
2,6.13487288492567e-05,0.000864467275127384
2.5,5.43979850645133e-05,NaN
3,5.10311871275245e-05,0.000826346008518979
3.5,NaN,0.00085891736840894
