t,Compound_3_Obs,Compound_6_Obs
0,0,0.00104169781378813
10,0.0349195189980233,0.179589145636178
25,0.04644996141825,0.244568551039209
35,0.0354966217032328,NaN
40,NaN,0.513667517422887
50,0.0634545160195654,NaN
55,NaN,0.673056006973365
65,0.045181047296579,NaN
70,NaN,0.645062423636634
80,0.0484132837343956,NaN
90,NaN,0.524732024141793
100,0.0608429580825797,0.715709899871005
150,0.0500416356793014,0.932614244823716
200,0.0580644076905768,0.559406231609862
