t,insulin_dose_1,IRSiP_Obs
17,0,0.344154240273801
17,0.01,0.576305088607223
17,0.1,1.50616658193835
17,0.3,2.16958688119318
17,1,2.95172860554026
17,10,3.53758113160535
17,100,3.41643932907689
