t,Rp8_Br_cAMPS_pAB_level,AC_Fsk_Obs,RIIp_2_Obs
69,0,-0.0221385504271063,0.13222429708614
69,0.016,0.00574893055517762,0.135306575353169
69,0.08,-0.00503567435555367,0.13646602330562
69,0.4,-0.0156585533433868,0.127931331163432
69,2,0.0475765831399454,0.100969982431518
69,10,-0.020924763155596,0.0412578351495756
69,50,-0.000856516970250316,0.00887121431862216
