t,Rp8_pCPT_cAMPS_pAB_time,RIIp_cAMP_2_Obs,Csub_Obs
110,0,7.49572942759388e-05,0.102260879407611
110,30,7.98107201149785e-05,0.100857968382632
110,45,9.01888261185206e-05,0.124326197942788
110,55,0.000100146239453096,0.127356108763096
110,59,9.96925864097985e-05,0.127419275989621
110,60,0.000104521363227121,0.131064665835126
