t,Rp8_pCPT_cAMPS_pAB_level,RIIp_cAMP_2_Obs,Csub_Obs
66,0,0.000256459306553231,0.190156455603394
66,0.016,0.000250749867509221,0.196671279810897
66,0.08,0.000249790295151611,0.182672768459948
66,0.4,0.000241175273214971,0.187667495070669
66,2,9.47794717738882e-05,0.123290869759966
66,10,0.000195990296326374,0.166017225705341
66,50,2.24292193324353e-05,0.0822918703129346
