t,Rp8_pCPT_cAMPS_pAB_time,pAC_Obs,Csub_Obs
54,0,0.043533520382995,0.127321211645325
54,30,0.038151526755081,0.153107468037587
54,45,-0.0439788658133725,0.185846960723095
54,55,-0.0183547884531083,0.181425036125524
54,59,0.00642906277173809,0.186155681258641
54,60,0.0121133207766215,0.183696020372764
