t,Rp8_Br_cAMPS_pAB_time,RIIp_2_Obs,Csub_Obs
100,0,0.0918263618432472,0.137393572030392
100,30,0.114370439574861,0.157282891100683
100,45,0.138823735262039,0.197245573381637
100,55,0.154957728042362,0.205776381438128
100,59,0.18234306917881,0.233130454505357
100,60,0.172265334540708,0.232003593002888
