t,Rp_cAMPS_pAB_level,RIIp_Rp_cAMPS_C_2_Obs,RII_2_Obs
65,0,-0.00732434355705075,0.0599557855232135
65,0.016,0.00357869142912613,0.0509284722010387
65,0.08,0.0364848817295003,0.0553384992829701
65,0.4,0.117915252095012,0.0550601032673968
65,2,0.366372785485812,0.0572543598133832
65,10,0.617624709475935,0.0507762443143031
65,50,0.720380993480415,0.0490719338166333
