t,Rp_cAMPS_pAB_level,pAC_Obs,RIIp_Rp_cAMPS_C_2_Obs
19,0,-0.00836828169201332,4.29898008896953e-05
19,0.016,-0.0147137347144253,-0.00506111403504054
19,0.08,0.0297390862078811,0.00811474925617232
19,0.4,0.0272926557195375,0.0471879333345918
19,2,0.0167206209303483,0.147670127412291
19,10,0.0118357655784902,0.323372032913661
19,50,0.0387405191119808,0.43268906096863
