t,init_TGFb,Compound_4_Obs
58,0,85.3454732654892
58,0,87.194616116901
58,0.1,59.2092386555858
58,0.1,60.1253338412943
58,1,40.3092288578762
58,1,53.3845175839807
