t,insulin_dose_1,IRins_Obs,IRp_Obs,IRiP_Obs,XX_Obs,XXp_Obs
8,0,0.0253216981801987,3.77227822501256e-09,1.49733277371387e-05,9.62094950311086,0.000297210376552073
8,0.01,0.0673135548152667,9.98725738230456e-09,2.85471653188732e-05,10.0452533908177,0.00045294449874975
8,0.1,0.393506154281855,6.48031121699679e-08,5.4225065884245e-05,8.33936736031732,0.0010833600571953
8,0.3,0.985676314581019,1.20725576678593e-07,0.000115945785375277,11.360641632758,0.00167934144362742
8,1,2.69744641710407,5.34362788369e-07,0.000172329945028178,8.52516397980823,0.00320769722273496
8,10,6.63850261871603,1.04036141837613e-06,0.00028288927367119,9.13676496368319,0.00384898110205652
8,100,6.67910698150566,1.63537136301491e-06,0.000352545922641111,9.19048258215882,0.0047135644830924
