t,insulin_dose_1,IR_Obs,IRp_Obs,IRiP_Obs,IRSiP_Obs,XX_Obs
11,0,10.4810188497891,-2.50585961467509e-08,7.14433868556896e-06,0.129585410438019,9.48165982481162
11,0.01,10.2658273722277,1.20218250260027e-08,1.49133904989384e-05,0.236047128366235,10.5881089917838
11,0.1,9.20808775568642,9.21858286690592e-08,5.16587186768081e-05,0.819032648585812,11.3103390183763
11,0.3,8.98524669286212,2.09954960294324e-07,7.91073365386886e-05,1.03026660347915,9.75327548093194
11,1,5.90814983730334,4.87418859710674e-07,0.000149033591126204,1.65629210944892,10.0696631855743
11,10,1.10521624391205,9.33337454482119e-07,0.00018745518189444,2.08703962015751,10.2746106010775
11,100,-0.588155093765484,1.01668830281691e-06,0.000204733722556597,2.18767652481409,10.1706672465912
