t,epo_level,SOCS3nRNA1_Obs,Compound_1_Obs,Compound_2_Obs
34,0,0.000196935881589059,8.76607165124265,1.36786275226677
34,1.3333e-08,0.0010725753634885,8.72607381078214,3.10704239179109
34,4e-08,0.000152866857027217,9.56448594514434,1.28761099481593
34,1.3333e-07,0.000184672138943696,9.96227134395376,0.985126393131451
34,4e-07,0.000203201054265067,7.718763289485,3.28919096443517
34,1.3333e-06,0.000179745613024592,7.37421226287223,8.07202697932781
34,1.3333e-05,0.000192147361760347,9.32402528976668,16.2082400048002
34,0.00013333,0.000190407696318993,7.06301131188245,17.2364016299647
34,0.00066667,0.000198268746959418,6.1290212869412,14.1638721931647
