t,Compound_3_Obs,Compound_6_Obs
0,42.5678712865377,39.1136616571174
15,2172.85987003951,2003.07906374947
30,895.519876807496,868.638750624334
45,397.658301961152,NaN
50,NaN,278.572051636945
65,131.872406802927,210.42960032459
85,31.6728572927748,NaN
90,NaN,2.08470562715226
100,55.2302004997042,61.3457404890346
150,7.34894634016812,140.279313593428
200,NaN,-16.4143535903777
