t,epo_level,Compound_5_Obs
28,0,-24.7044113088036
28,1.3333e-08,-8.96340019091551
28,4e-08,-73.0211433467879
28,1.3333e-07,34.0102907856217
28,4e-07,150.573150187522
28,1.3333e-06,412.913678956652
28,1.3333e-05,1070.0664270913
28,0.00013333,982.773404221236
28,0.00066667,1006.64251813204
