t,epo_level,Compound_5_Obs
29,6.6667e-07,1.79521541163756
29,6.6667e-07,2.08048980719085
29,1.3333e-06,1.79238558992768
29,1.3333e-06,2.61078997852516
29,2.6667e-06,1.80781544131949
29,2.6667e-06,2.36332385068122
29,5.3333e-06,2.52123716922116
29,5.3333e-06,3.75322017137049
29,1.0667e-05,2.5245431176992
29,1.0667e-05,2.72025813787673
29,2.1333e-05,3.37532390679427
29,2.1333e-05,3.51355561877128
29,4.2667e-05,2.7491594360059
29,4.2667e-05,4.59465473942044
