t,Rp8_pCPT_cAMPS_pAB_level,RIIp_cAMP_2_Obs
33,0,0.000550871325437997
33,0.016,0.0040195150103222
33,0.08,0.00822574275372385
33,0.4,0.00804164414371431
33,2,0.00660504743909144
33,10,-0.00319282549631022
33,50,-0.00256954648143828
