t,Rp8_Br_cAMPS_pAB_level,RIIp_cAMP_2_Obs
28,0,0.000145438807562691
28,0.016,0.000259022874887088
28,0.08,0.00017187416326949
28,0.4,0.000132783461408357
28,2,3.39982960174548e-05
28,10,8.70555686839102e-05
28,50,4.98786946181318e-05
