t,Rp8_Br_cAMPS_pAB_time,AC_Fsk_Obs
120,0,0.349687558523911
120,30,-0.676808275056892
120,45,0.0967550005787366
120,55,-0.465980820039003
120,59,-0.327815678360789
120,60,0.409490045269427
