t,Rp8_Br_cAMPS_pAB_time,RIIp_2_Obs
35,0,0.0218872493734749
35,30,0.0577902598877228
35,45,0.0988663498651044
35,55,0.0426816888567783
35,59,0.041560738582732
35,60,0.0182647220603883
