t,input_stattic,pJAK1_gp130_Obs
29,20,0.00728473771753194
29,25,0.00618623622913841
29,30,0.0108330596774295
29,40,0.0188561432818931
29,50,0.0217678518405718
29,60,0.00923235244026852
