t,input_il6,nSTAT3_Obs
15,0.1,15.2422178992074
15,1,31.0174616494406
15,5,18.9865280226559
15,10,71.674033032481
15,50,56.2071326650748
15,100,61.9802570624633
15,500,96.9082637515909
