t,input_il6,pJAK1_gp130_Obs
39,0,0.00018562565615124
39,0,0.000433962578276724
39,5,0.00201275593256324
39,5,0.00248313294661366
39,10,0.00198178767305305
39,10,0.00254542788136216
39,20,0.00462040089988298
39,20,0.00742472731344491
39,40,0.00874453948927402
39,40,0.00896678306490949
39,80,0.0091521557660297
39,80,0.0162795131680205
39,120,0.0237286892271139
39,120,0.0270583156799908
