t,RAF_Obs,pERK_Obs
0,0.980019506261564,0.0602130625650356
0.25,1.05106955312999,NaN
0.5,0.576806948947071,NaN
0.8,1.08601989250922,NaN
1,1.24769137353768,NaN
1.5,1.17255802150819,NaN
2,0.973281387613062,0.13281179573757
2.5,1.15114454179418,NaN
3,0.923855789529276,NaN
4.5,NaN,0.0830098261780062
6.5,NaN,0.0605048884097892
9,NaN,0.055513420572079
10,NaN,0.0752427079985715
15,NaN,0.0594898920113591
20,NaN,0.0561772833981529
25,NaN,0.0608373961817887
