t,RAF_Obs,pERK_Obs
0,1.15061110780522,0.0570632460253699
0.2,0.868013678258625,NaN
0.45,0.985866468171283,NaN
0.7,1.07016165207939,NaN
1,0.786902774396998,NaN
1.5,0.98897818498206,NaN
2,0.715720038182285,NaN
2.5,0.955460864220344,NaN
3,1.09285239869924,NaN
3.5,0.948552375017135,0.0438011072738472
7,NaN,0.0320239263949409
10,NaN,0.045312928219887
15,NaN,0.0326834108333213
