t,Rp8_Br_cAMPS_pAB_level,Csub_Obs,RII_C_2_Obs,RIIp_C_2_Obs
27,0,0.142611118011247,0.481361918382702,0.294047032962914
27,0.016,0.159182191072034,0.474834752718562,0.305340378679863
27,0.08,0.158666210183208,0.518832850090661,0.30043185815356
27,0.4,0.133731680059336,0.486875731811462,0.240752688073554
27,2,0.0818014453150436,0.341122848460583,0.0286422983754603
27,10,0.103541954131721,0.399156195342059,0.0956532521124074
27,50,0.0848790538395837,0.308100372968307,0.00245187842401091
