t,Rp_cAMPS_pAB_time,Csub_Obs,RII_C_2_Obs,RIIp_cAMP_2_Obs
64,0,0.155637124887728,0.233881876308087,0.00999327386258254
64,30,0.171366844340055,0.291573914366913,0.00929508154757036
64,45,0.217026468258868,0.450265196788611,0.00782447516717382
64,55,0.241641309593755,0.459237525094396,0.00901007942222215
64,59,0.239268204174092,0.500965978385626,0.00787013777749524
64,60,0.241182673820488,0.483124063305217,0.00936054708530419
