t,fourABnOH_time,Csub_Obs,RII_C_2_Obs,RIIp_C_2_Obs
61,0,0.209299833240684,0.487231418679036,0.0160882145717598
61,30,0.200715443133817,0.522197414342091,0.017048541814877
61,45,0.170980870431579,0.531693631557564,0.0177946607630257
61,55,0.182144785682596,0.424821080844862,0.0164029549207526
61,59,0.192562362034404,0.523164699998053,0.0180203355144837
61,60,0.191291630174613,0.597869702025564,0.015536737648937
