t,AC_Fsk_Obs,Compound_1_Obs
0,0.0127281739963963,0.271189370686587
3.5,0.417419595979414,NaN
5.5,NaN,0.631810249709756
7.5,0.403762616285593,NaN
10,0.438092244294703,0.735649219668481
15,0.443742392359113,0.723534683426605
20,0.391202437514563,NaN
25,0.409954148373654,0.720795917589907
30,NaN,0.7205803766759
35,0.427602391603002,NaN
40,NaN,0.717912519039275
50,NaN,0.624810728579648
