t,fourABnOH_time,AC_Fsk_Obs
41,0,0.141258407486544
41,30,0.0814714701994417
41,45,-0.0341283306030663
41,55,0.011129605647971
41,59,-0.00643778475706759
41,60,0.0385426300045284
