t,PDE_Obs,AC_Fsk_Obs
0,0.993191648891331,-0.076740079400295
7.5,1.00259045783494,NaN
8.5,NaN,0.0315558600492212
15,1.12175555118306,-0.0242201604153184
25,1.10999027338178,0.0391773038864072
35,1.04666442710764,0.00558400935493173
45,0.999455895588726,NaN
50,NaN,0.032793786632159
60,NaN,-0.0216780956750936
75,NaN,-0.0428200763998147
95,NaN,-0.0518780215909445
100,NaN,-0.0234423114159349
