t,Rp8_Br_cAMPS_pAB_time,RII_2_Obs
40,0,0.05479407502083
40,30,0.0631894139488477
40,45,0.0659802871771137
40,55,0.0591278544264131
40,59,0.0571882418878904
40,60,0.0563614403844013
