t,Rp8_pCPT_cAMPS_pAB_level,Compound_1_Obs
62,0,0.237877904995406
62,0.016,0.2411812810338
62,0.08,0.253206425923788
62,0.4,0.234710537641342
62,2,0.135676787985477
62,10,0.172182426590548
62,50,0.097124179549685
