t,input_stattic,nSOCS3RNA2_Obs
20,0,80.7544906576923
20,20,5.81441936078941
20,40,1.38168690534574
20,50,0.825142436879603
20,60,0.560856628585528
