t,input_il6,nSOCS3RNA4_Obs
21,0.1,0.000748958761377573
21,0.1,0.0007879794167418
21,1,0.00146024820695585
21,1,0.00154260256072274
21,5,0.106100680507728
21,5,0.157512533726697
21,10,30.2087182196879
21,10,36.1108291499431
21,50,0.022947168599079
21,50,0.021980182282725
21,100,8.61910199906724
21,100,7.58968385490188
21,500,273.373366466293
21,500,311.178825702919
