t,input_stattic,nSOCS3RNA1_Obs
36,20,0.444569156492727
36,25,0.499749136029565
36,30,0.470860892346524
36,40,0.433371352183756
36,50,0.417658954331925
36,60,0.518441279288779
