t,input_il6,nSOCS3RNA2_Obs
15,0,0.884667326317273
15,0,1.10019371630858
15,0,0.96859762881194
15,15,434.698459297326
15,15,438.784401221944
15,15,546.400988212377
15,30,20.3460568380761
15,30,17.6809788244138
15,30,16.5641281692481
15,60,76.4044919382569
15,60,86.126075245756
15,60,84.4838629986093
15,120,199.751065003886
15,120,226.537642956471
15,120,222.621646129041
