t,input_ruxolitinib,pJAK1_pgp130_Obs
13,0,0.0804105863365004
13,10,0.0807064301502667
13,50,0.0592093844254604
13,100,0.056513258638608
13,200,0.0417156703037787
13,400,0.0286729286232543
13,400,0.0308951663580356
13,500,0.0227257331797106
13,500,0.0230259721340464
13,600,0.0264710410381177
13,800,0.0191361881858827
13,1000,0.0129118650251467
13,2000,0.00458994556481651
13,2000,0.00593755418932323
13,5000,0.00149331166477974
