timepoint,Glu_Obs
0,14.1839412467127
50,0.00894379332102025
100,0.0101185449342303
150,0.00766158448310168
200,0.00903139773353489
300,0.00683360469226761
400,0.00654411575010773
500,0.0127394135550675
