timepoint,Glu_Obs
0,8.20243347473956
40,0.0083326351705356
80,0.00526518692011678
150,0.00963885649447778
200,0.00762919667115196
250,0.0113232859033477
300,0.00906611786134174
400,0.0104495621608747
