timepoint,Glu_Obs
0,5.23375872085899
250,10.2364111887346
450,5.71578389424143
700,7.97376987707842
950,12.6465665150761
1500,6.61526234199653
2000,2.09955389751632
2500,0.942713619576555
3000,0.239936285929834
3500,0.141545210207475
4000,0.0560977364480471
