timepoint,Glu_Obs
0,11.2918126690105
150,14.4881898255238
300,10.3021174677821
500,10.2529195784464
650,4.23466781507277
850,9.27345253550847
1000,6.47994684634832
1500,3.47011775161709
2000,0.562649447508143
2500,0.0523146156743151
3000,0.0137472250899332
3500,0.0104513894898408
