timepoint,Glu_Obs
0,7.59052127150969
500,8.26434321554147
1000,10.000457640615
1500,6.07722718151421
2000,3.10836038545994
3000,2.94476554976854
3500,1.44158815838272
4500,1.21501063835486
5500,0.313895019246626
7000,0.214500944001268
8500,0.083819655853325
