timepoint,Glu_Obs
0,15.5940155232395
400,11.4290233821347
800,12.8080860543134
1000,9.44814458097977
1500,6.35012909139631
2000,11.0449682362126
3000,5.10425917482671
3500,3.61903686752274
4000,1.76331663584797
5000,1.3026277063376
6000,0.266708298943224
7500,0.0573474124540918
