t,input_il6,Compound_1_Obs
17,0.1,0.00214544208432122
17,1,-0.00848412011044041
17,5,0.0225385442914517
17,10,0.13561522242004
17,50,0.0130305850498466
17,100,0.0932100352186121
17,500,0.174778431263051
