t,input_ruxolitinib,Compound_2_Obs
21,0,27.9031969630105
21,10,30.3540114457843
21,50,23.2392525452014
21,100,26.4934069529103
21,100,27.3853766265147
21,200,28.4246004457526
21,400,21.0960721302562
21,500,30.0699359061488
21,600,25.1493287686344
21,800,25.7531482334538
21,800,32.0485725551426
21,800,26.9488164866817
21,800,23.1135450137607
21,1000,30.1383131195975
21,2000,28.5890381312177
21,2000,26.4718147563764
21,5000,28.988688215863
