t,input_il6,Compound_2_Obs
10,0,28.4035778237289
10,0,26.6687282593165
10,0,27.7150778496104
10,15,24.055162011804
10,15,26.7177366931591
10,15,20.0486562621992
10,30,26.6348578085693
10,30,26.0946079183939
10,30,26.7988475581595
10,60,21.8979056897708
10,60,31.1266108633288
10,60,21.2919733764247
10,120,18.2857667298712
10,120,20.388275866749
10,120,25.5509674642927
