t,input_il6,Compound_1_Obs
12,0,0.0154575109674016
12,0,0.0200998230660852
12,5,0.013002238585446
12,5,0.019636287372809
12,10,0.019782392788695
12,10,0.0406489204773159
12,20,0.0473618086851676
12,20,0.0481187134608896
12,40,0.0646103041348324
12,40,0.0897860329021149
12,80,0.126169309578043
12,80,0.139151035204944
12,120,0.151306835176744
12,120,0.153757097288223
