t,input_stattic,Compound_1_Obs
35,0,0.134744015149601
35,20,0.112932867092495
35,40,0.0835319722132618
35,50,0.0805667242842316
35,60,0.0738330935829196
35,60,0.080979524642773
35,60,0.0868010209681402
35,60,0.0950180387687518
