t,ohb10_Obs,ohbio_Obs
0,0.000927036267736233,0.0101317025201811
20,0.258709298856676,0.311272397222049
45,0.659888842186145,0.737776323063543
65,0.47910610200001,0.902954856827364
90,1.49654939324358,1.70912777866687
100,0.666634457906885,1.04365357887969
150,0.6956005919629,3.0177474487479
200,1.39179773930295,4.73635004751159
250,1.2092626672207,3.73882919398081
300,0.679000224369616,3.0426905224048
350,0.894499822552709,3.24478908900571
450,0.583629034610156,4.2553164557949
