t,input_il6,Compound_1_Obs
39,0,17.8647650283341
39,0.0005,14.8764978974146
39,0.005,15.3062646582936
39,0.05,19.3159647766398
39,0.5,17.5372797979287
39,5,13.7153264175448
39,50,12.5859411514509
39,100,14.9327836888797
39,200,14.6158116857993
39,500,13.0027415304541
