t,input_il6,nSOCS3RNA2_Obs
27,0,-0.00913934677783255
27,0,-0.00133459381271185
27,5,0.00312422762584125
27,5,0.00576413794177911
27,10,0.0109452570023081
27,10,0.0138895381288796
27,20,0.0248329710448753
27,20,0.0275784583773915
27,40,0.0486452340355068
27,40,0.051661226666649
27,80,0.0747419108753353
27,80,0.0762715789564669
27,120,0.0834662289130189
27,120,0.0866588191675343
