t,Reelin_input,ApoER2_re_Dab1_Obs
11,0,4.09244502697603e-09
11,0.00012207,1.24377203761144e-06
11,0.00024414,2.23421191699388e-06
11,0.00048828,8.9227113442785e-06
11,0.00097656,4.62878178248975e-06
11,0.0019531,6.15903690154917e-06
11,0.0039062,5.62759215104934e-06
11,0.0078125,4.8718421899839e-06
11,0.015625,6.8323778947808e-06
11,0.03125,6.60870341255802e-06
11,0.125,8.31230995238365e-06
11,0.25,7.48147377473052e-06
11,0.5,1.40951186679064e-05
11,1,1.31235632661988e-05
