t,PI4K3B_Obs,CERTTGNa_Obs
0,2520305.81765741,4020878.52539223
2.5,5712107.10810155,NaN
3.5,NaN,9948255.14786948
5.5,2607246.10750649,NaN
7,NaN,27001120.3360247
8.5,2546245.3555601,NaN
10,864440.077014037,14395429.7868347
15,2106906.80199613,35408681.6534635
20,1521315.77300352,12256556.05258
25,5059913.58743012,90694893.7099081
30,2426254.28599202,32845199.473833
35,NaN,25156477.7081602
45,NaN,13583012.6361972
55,NaN,46214012.3589455
65,NaN,10713646.7006638
