t,Rp8_Br_cAMPS_pAB_time,RIIp_2_Obs
55,0,0.0539956560927475
55,30,0.0687944929352405
55,45,0.062868319221505
55,55,0.237073919845472
55,59,0.260901662392816
55,60,0.0686457158809969
