t,Rp_cAMPS_pAB_time,Csub_Obs
91,0,0.588105063100065
91,30,0.377732123755326
91,45,0.540240509382696
91,55,0.804660411013611
91,59,0.571652315539904
91,60,0.308778441224798
