t,fourABnOH_level,RIIp_Sp8_Br_cAMPS_2_Obs
22,0,0.0648486802506184
22,0.016,-0.42394210736026
22,0.08,0.219859987579375
22,0.4,-0.4409930903
22,2,0.143752551398054
22,10,0.0885762804714034
22,50,0.304217029176985
