t,Rp8_pCPT_cAMPS_pAB_time,RIIp_cAMP_C_2_Obs
72,0,0.0687851041259605
72,30,0.0685539569311436
72,45,0.0332882749494275
72,55,0.180362412676655
72,59,0.1384857626886
72,60,0.224815195933947
