t,fourABnOH_level,RIIp_Sp8_Br_cAMPS_2_Obs
23,0,-0.32341488943634
23,0.016,0.332590181852102
23,0.08,0.24352949630725
23,0.4,-0.0550701318580524
23,2,-0.785913272878273
23,10,-0.523417702056537
23,50,-0.00114201798742398
