t,Compound_1_Obs,Compound_2_Obs
0,3.11382693177832,1.60285814608139
0.25,NaN,2.2713152943664
0.35,2.8051307132519,NaN
0.5,NaN,1.70035375426768
0.7,3.30598393288068,NaN
0.8,NaN,1.84370634860416
1,2.8624119739549,2.38108267947508
1.5,3.61812942220489,1.58505074386301
2,3.36276432858091,1.34459990988159
2.5,2.97240253616121,1.8631493678226
3,3.41323352320286,1.84627080749416
3.5,NaN,1.75607611825995
4,2.87856794086263,NaN
4.5,3.17941772098003,NaN
5.5,2.49261935583121,NaN
