t,Compound_1_Obs,Compound_2_Obs
0,3.04244049854645,2.10870782920529
0.25,NaN,1.87794286506432
0.5,NaN,1.69391496729103
0.55,3.27852473384289,NaN
0.75,NaN,1.80410649992557
1,2.75099709316042,2.00379245412492
1.5,2.64597911617322,2.08180578006916
2,NaN,1.8672465295436
2.5,3.68405459613511,1.76880670414005
3,3.11654380805308,1.9413833070412
4,2.82236730192358,2.08649046253572
5,3.17936405823262,NaN
6,3.23531726326991,NaN
7.5,2.48360220362472,NaN
9,3.06435163422965,NaN
