timepoint,Bac_Obs
0,0.0323074103967536
200,0.0444785083348713
450,0.0731316747317979
650,0.13995841374556
900,0.134998439812978
1000,0.127591829029699
1500,0.362964847707391
2000,0.591266989767164
2500,0.665019480451094
3000,0.422068166942432
4000,0.794382564684749
