timepoint,Bac_Obs
0,0.0196069145244882
400,0.0260617258817798
800,0.0209633071744939
1500,0.0338801886528386
2000,0.158262854729429
2500,0.296985942645416
3000,0.386417612785889
3500,0.290940794648352
4500,0.554111428615768
5500,0.406999338775054
7000,0.420257094242324
8500,0.497795493965381
