timepoint,Bac_Obs
0,0.033730467224845
250,0.0433347056806857
450,0.0962727045273561
700,0.194622301021274
950,0.363926068500186
1500,0.894227639705249
2000,0.508029946856621
2500,1.2910001034182
3000,1.04735560143657
3500,0.810302679618309
