timepoint,Bac_Obs
0,0.0348579294666994
400,0.287065836927012
750,0.836114943036012
1000,1.62868908843981
1500,0.901914603717946
2000,1.33069788066072
2500,1.35202063122691
3000,1.63264969596373
4000,1.54552567100409
5000,1.88828914252593
6000,1.2957762662538
7000,1.26001175805868
8500,1.13210898082069
