timepoint,Bac_Obs
0,0.0301154310487132
95,0.0330591254858955
200,0.0687243325954243
300,0.160815710226611
400,0.258960818461071
500,0.608650227123811
650,1.19408281588064
800,1.04378062948765
1000,0.764381315264164
1500,1.50231095193955
2000,1.16565597952977
