timepoint,Bac_Obs
0,0.0221402106223739
150,0.0518232053313995
350,0.0651350387073933
500,0.123917282852712
700,0.151953187308856
950,0.298043048955224
1000,0.306478904074512
1500,0.797823918488792
