timepoint,Bac_Obs
0,0.0274390781731404
350,0.0699105289748062
700,0.0407622314959931
1000,0.0728276905661691
1500,0.0997531297534256
2000,0.303373855958759
2500,0.235949447268164
3000,0.503002224304067
3500,0.494007490298533
4500,0.399806596764909
5500,1.13575362876857
6500,0.738502457638518
