timepoint,Bac_Obs
0,0.0203441391235639
150,0.0379968502620697
300,0.101920536808647
450,0.147503342293112
600,0.239502182187041
800,0.379749536771125
1000,1.05982459668926
1500,1.50251029448075
2000,1.4026473717395
2500,1.20276531432993
