timepoint,Bac_Obs
0,0.028548913081698
300,0.0629268371475471
650,0.0841742980383961
950,0.140693944605155
1500,0.354794994043151
2000,0.626775342789732
2500,0.694426965840669
3000,0.576370964160225
4000,0.658130733713655
4500,0.661768218080107
5500,0.709003989375516
