timepoint,Bac_Obs
0,0.028993079323662
400,0.033789123161736
850,0.083980087537815
1500,0.0605478534818579
2000,0.133187332956184
2500,0.233186971845141
3000,0.43411367775252
3500,0.652116637019103
4500,0.620512470533861
5500,0.737867599588643
6500,1.39425842288545
