timepoint,Bac_Obs
0,0.0451390677656831
350,0.15568232961502
750,0.405442638948251
1000,0.485900601882406
1500,0.887338020718463
2000,0.7580103236861
2500,0.480056469382522
3000,0.606594100490278
4000,0.811970902953034
5000,0.720645415266466
6000,0.591132036838194
7000,0.665641635600855
8500,0.648142032413222
