t,Rp8_Br_cAMPS_pAB_time,pAC_Obs
34,0,0.049822201786268
34,30,0.014717140670436
34,45,-0.0857614561374189
34,55,0.0803600519448323
34,59,-0.0292479986996742
34,60,0.0182602211890721
