t,Rp8_pCPT_cAMPS_pAB_time,AC_Fsk_Obs
69,0,-0.00898843634276532
69,30,-0.0052935433091798
69,45,-0.0819015189107162
69,55,1.4021595056887e-05
69,59,-0.0452200831406992
69,60,-0.034975895923777
