t,epo_level,CISHnRNA3_Obs,Compound_4_Obs,Compound_9_Obs
17,0,0.000174482807630458,0.00476158800650309,5.21200200761943
17,1.3333e-08,0.000233412144741021,0.0139788077608493,5.28187637069548
17,4e-08,0.000160480274121859,0.032779825661159,5.19520152034031
17,1.3333e-07,0.00024958121172978,0.079447431862238,5.25920065677009
17,4e-07,0.000430297644011863,0.135788274665406,5.35025329900821
17,1.3333e-06,0.000636547091481568,0.276646609884208,5.15567217921006
17,1.3333e-05,0.000795060477372248,0.69618836066933,4.88949717310782
17,0.00013333,0.000827962727195288,0.836719117278162,5.24799187212194
17,0.00066667,0.000839287842056123,0.836754168981092,5.43779223507671
