t,epo_level,CISHnRNA5_Obs,Compound_3_Obs,Compound_7_Obs,Compound_13_Obs
34,0,0.000329244781615729,1.07384044340515,5.2285102119976,0.0859651687533844
34,1.3333e-08,0.0010014475752545,3.48964344944417,4.62822214839759,0.111865673625154
34,4e-08,0.00104524912393044,3.61669962196926,5.54417146440784,0.114159522693813
34,1.3333e-07,0.00103397933644867,3.28416716869695,4.8421128044308,0.104456539932186
34,4e-07,0.000806115803245545,1.83461065656441,6.18542812870557,0.0882420149580352
34,1.3333e-06,0.00042660826834635,1.50405904856194,4.6587540405098,0.0958637787265789
34,1.3333e-05,0.000218451589221675,1.31589885429897,6.05406203896701,0.0983262210946193
34,0.00013333,0.000602324002633689,1.53518701243742,5.32055511187746,0.0925001714112886
34,0.00066667,0.000261996274691912,1.4027857371779,4.56340580889285,0.0968751282634154
