t,epo_level,CISHnRNA3_Obs,Compound_4_Obs,Compound_9_Obs
28,0,0.000243675884571044,-0.0279133838527585,5.89622876369516
28,1.3333e-08,0.00168462818142168,1.07389333394552,5.6122928321981
28,4e-08,0.00162002350498961,1.05590653315002,4.6686515450627
28,1.3333e-07,0.00152751518985899,0.84121650753427,5.44772855175923
28,4e-07,0.00144254277635097,0.325902090682209,4.72182448363478
28,1.3333e-06,0.000867018678481127,0.0646926201146395,6.05846780091732
28,1.3333e-05,0.000179072918490901,-0.0577180031599254,4.72975134612897
28,0.00013333,0.00122222561162164,0.150818505640669,5.10192078174681
28,0.00066667,0.000451647158533207,-0.0383651112837391,5.49372506519751
