t,epo_level,Compound_6_Obs
13,0,-0.118004160640774
13,1.3333e-08,2.28540802207303
13,4e-08,2.39947641623503
13,1.3333e-07,2.44420596021567
13,4e-07,2.43957603933425
13,1.3333e-06,1.01254476855123
13,1.3333e-05,0.0539823595687117
13,0.00013333,2.30304235412024
13,0.00066667,0.0461022250932439
