t,epo_level,SOCS3nRNA4_Obs,Compound_12_Obs
24,0,0.00196043671383129,1.0369794860073
24,1.3333e-08,0.00186438364719104,1.28055142451187
24,4e-08,0.00178218554444872,1.62816101929217
24,1.3333e-07,0.00211445178826401,3.59069551378502
24,4e-07,0.00207898259012546,4.13659512797782
24,1.3333e-06,0.00220021669596574,4.2865482245758
24,1.3333e-05,0.00213365931797986,4.54640878320058
24,0.00013333,0.00222073337024199,4.35643301535516
24,0.00066667,0.00223514873060401,4.46979269057405
