t,PTP_Obs,SOCS3nRNA2_Obs
0,34.9569546793432,0.0137667491469973
5.5,31.7798846207474,NaN
9,NaN,0.0101667564391956
10,33.2024461994109,NaN
20,37.4097492117409,0.0702446932329588
25,30.8510620530593,NaN
30,NaN,0.112536703511393
35,37.2072839988092,NaN
40,NaN,0.107399100419876
45,36.4081955084826,NaN
55,32.5329610531226,0.0860040498935913
70,35.5664797968271,0.0568939523484998
90,NaN,0.0457324355038923
100,NaN,0.0319002358781017
