t,epo_level,PTP_Obs,pSTAT5_Obs
15,0,32.2368795266011,-0.000409944818684103
15,0,36.8537174463334,-0.00226113530373228
15,0.00014286,35.496053241703,0.111071431816705
15,0.00014286,36.9574616605004,0.106358540787768
