t,epo_level,SOCS3nRNA2_Obs
30,0,0.00104521485857134
30,1.3333e-08,0.000983555330851474
30,4e-08,0.0010013691168308
30,1.3333e-07,0.000986751324531715
30,4e-07,0.00112470150560572
30,1.3333e-06,0.00111598297173865
30,1.3333e-05,0.00108658338908121
30,0.00013333,0.00110790153131626
30,0.00066667,0.00102045482134787
