t,Rp8_pCPT_cAMPS_pAB_time,RIIp_cAMP_C_2_Obs,RII_2_Obs,pAC_Obs
91,0,0.0535762222772313,0.0165370230238374,0.688216726366537
91,30,0.0759026525131912,0.0339946712235449,0.629018415837165
91,45,0.131126684267074,0.0383334309171315,0.740655254259502
91,55,0.103829333327449,0.0282498298694837,0.15457970360127
91,59,0.0461778004810616,0.0256012091373315,-0.793179389908353
91,60,0.124275549760047,0.00318890218775164,-0.129666629908795
