t,Rp_cAMPS_pAB_time,RIIp_C_2_Obs,RIIp_cAMP_C_2_Obs,RII_2_Obs
110,0,0.014901464775383,0.000856900274267005,0.0571155515036044
110,30,0.0235733690251589,0.000929155750509715,0.0123535510961087
110,45,0.0380293887334297,7.86539860212351e-05,0.0439491624749329
110,55,0.021685012230968,0.00115261058665813,0.0220098311398427
110,59,0.0227256705748658,0.000699035090091279,0.0324955269302986
110,60,0.0131585065937585,0.000511247689328935,0.0402892086689328
