t,Rp8_Br_cAMPS_pAB_time,RIIp_cAMP_C_2_Obs,RII_2_Obs,pAC_Fsk_Obs
53,0,0.000208313820647111,0.0568993603896486,-0.120294621353148
53,30,0.00698027125696918,0.0837751498026933,-0.38869824455206
53,45,0.0128042631478608,0.0352639359227473,-0.015032987064113
53,55,0.00503280577320034,0.0457983683329423,0.527412216158636
53,59,0.00883412733532636,0.0670440911577765,-0.47920316402214
53,60,0.0168891847832084,-0.00429279395189382,-0.207680825985808
