t,Rp8_pCPT_cAMPS_pAB_level,RII_2_Obs,AC_Fsk_Obs,RIIp_cAMP_2_Obs
61,0,0.0518330535503205,-0.601253157171238,0.00396013392500507
61,0.016,0.0405630020087222,-0.632601129691423,0.00270073790141248
61,0.08,0.0571550603181562,-0.675012091681702,0.000750050360922631
61,0.4,0.0633761483935342,-1.3036672725462,0.00228937241791456
61,2,0.0128277274430478,1.08652624534012,-0.000286802162729902
61,10,0.0797965780990534,-0.102974768866074,0.00147833840331668
61,50,0.0437558973734595,-0.0829113866452299,-0.000662278318811517
