t,fourABnOH_time,RII_2_Obs,PDE_Obs,AC_Fsk_Obs
54,0,-0.00954217469970596,1.41759147470627,-0.262672657300885
54,30,0.0334375747579779,0.325193368227326,-0.224030951069857
54,45,0.0376107173506633,1.5568123204447,-0.247520381261048
54,55,0.0709325469333499,1.96754673101325,0.0481693513263309
54,59,0.0344280819421563,0.940120242541451,-0.49721846211626
54,60,0.0420494454175732,0.778863306740535,-0.783572760344425
