t,Rp_cAMPS_pAB_time,AC_Fsk_Obs,RIIp_C_2_Obs,RIIp_cAMP_2_Obs,Rp_cAMPS_Obs,RII_2_Obs,RIIp_2_Obs,RII_C_2_Obs,Csub_Obs
48,0,-0.111497473466977,0.0202731807170643,0.000158901053420403,6.77510618579618,0.0466113272478566,0.0286644541180233,0.444611562295887,0.0780189285764855
48,30,0.137517553896608,0.0174595425942905,6.64292940292153e-05,3.72857783656758,0.0662923588906899,0.0497928782451037,0.500584470554716,0.106833959924085
48,45,0.0550090637190564,0.182641279785609,0.000469300450683334,0.563500670134666,0.0578184072536857,0.0730525696576988,0.578389830257029,0.14640680313291
48,55,-0.140262734351637,0.264826865457107,0.000400695154289311,0.195232168303353,0.0589729987481222,0.0617824858345597,0.603268975163981,0.117283893772283
48,59,-0.0596028182370812,0.279469097394048,0.000410477357245109,0.262080459408871,0.0518590442055117,0.0705318797796972,0.451906429982777,0.116044877761261
48,60,0.127863970304196,0.267020071975288,0.000444772514412522,-0.386606713339538,0.0551872466502083,0.0624632179953546,0.629664307421456,0.139598250627633
