t,Rp8_Br_cAMPS_pAB_level,RIIp_C_2_Obs,RIIp_cAMP_2_Obs,RIIp_Rp8_Br_cAMPS_C_2_Obs,RII_2_Obs,Csub_Obs,cAMP_Obs,pAC_Obs,pAC_Fsk_Obs
63,0,0.0151804832058713,0.00517802414495154,-0.00632680816739368,0.0442041061972168,0.284749284988343,14.6695250511147,0.116081338143115,-0.127493835161905
63,0.016,0.0159017335724278,0.00536744124276757,-0.034541883353856,0.0454601992019432,0.241749185848748,12.9032215688107,0.0334914021183482,0.0723177281534403
63,0.08,0.0158599517790049,0.00478396081321741,0.00940516222351438,0.0357813857619628,0.26832013531012,14.349881467715,-0.0756734498736099,0.0430588506322807
63,0.4,0.0151478895555644,0.00443298393499705,0.0959820631947453,0.0332987056691135,0.31331930289287,16.4577580444122,0.120770263289697,0.0682328538933692
63,2,0.00923265635929079,0.00201848345643738,0.43055332357158,0.0431240688859555,0.105058478461115,12.4825576916498,-0.0227863892646374,0.0796197262299448
63,10,0.0111798353670811,0.00393800423998412,0.212167856761366,0.0300242171714451,0.222917314693893,13.4623548431771,0.0185820215875142,-0.0473857523250807
63,50,0.00289620284744283,0.000558694754063191,0.575429591800767,0.0436214455325709,0.0859198092700592,13.0392605650176,-0.0491248656135353,-0.0491106563895775
