t,Rp8_pCPT_cAMPS_pAB_level,RIIp_C_2_Obs,RIIp_cAMP_2_Obs,RII_2_Obs,RIIp_2_Obs,RII_C_2_Obs,Csub_Obs,pAC_Obs,pAC_Fsk_Obs
39,0,0.0258284115894213,0.00837968482822293,0.0425876484721485,0.179794707241768,0.54777808352595,0.263503611054058,-0.219549676977263,-0.122858850364381
39,0.016,0.0251275901578919,0.00823948058354659,0.0496729269348622,0.189220170705913,0.587551223732399,0.247500838339824,-0.0541093852765044,-0.0747565892937782
39,0.08,0.0280032912725273,0.00840425618145187,0.0453936598701704,0.235114918409507,0.5025082026992,0.275161302551985,-0.12861583669652,-0.0773698824576707
39,0.4,0.0244909951858523,0.00796898293848958,0.0376964681522699,0.182381927142126,0.52788176723959,0.275985668713721,0.0354962388216615,0.0562600812248366
39,2,0.0198274819080203,0.00464021236473347,0.048712514783528,0.103658060927153,0.517038475722054,0.181837304586118,-0.0358950022391494,0.0204442045973686
39,10,0.00977626456846406,0.00290616166079921,0.0476444788187069,0.0143221197015109,0.424863390846354,0.109781799749264,-0.0694085838434192,0.06729725978763
39,50,0.00665404855183578,0.00149848732520973,0.0552446912962144,0.0524646835516537,0.273809395782071,0.0710985981008319,0.123641739287209,0.0830808085747103
