t,Rp8_Br_cAMPS_pAB_time,AC_Fsk_Obs,RIIp_C_2_Obs,RIIp_cAMP_2_Obs,RIIp_Rp8_Br_cAMPS_C_2_Obs,RIIp_cAMP_C_2_Obs,RII_2_Obs,RII_C_2_Obs,Csub_Obs
49,0,-0.0618126151352174,0.0285538746320635,2.0542734578186e-05,0.50669327678325,0.000386577404050207,0.0548895969432169,0.541602095499325,0.0679048851205758
49,30,0.0530193410827904,0.0273779894497802,2.70997945466658e-05,0.362810426980345,-0.000191936440796791,0.0487753192813297,0.514029451334758,0.11835795802837
49,45,-0.259808633864772,0.0934477505727871,0.000246597908061103,0.161208083394796,0.00231912759878781,0.067074780300683,0.47840848348005,0.154395582015682
49,55,0.10870790586181,0.271788612996978,0.000443125784960475,0.0138956696259745,0.00615423263868568,0.048609802050652,0.629829721946846,0.13148430680975
49,59,-0.174026079636374,0.280497773098013,0.000415231829439041,0.0129719874497282,0.00668461012491813,0.0487402084616028,0.578521927199207,0.11601684590806
49,60,-0.0350628121910108,0.259072120305872,0.000415842007268836,-0.0103154666404856,0.00644372970727752,0.0441393586464349,0.459093320878408,0.150005973306336
