t,TGFb_pRec_Obs,S4_Obs,geneB_Obs,geneD_Obs,geneJ_Obs
0,-0.0449043921576828,68.0702586677961,1.04992449534523,1.05976920676367,1.02524847180516
10,-0.0377135020139558,75.4045511678054,1.06539169057088,0.977828133764004,1.01072061505052
20,NaN,NaN,1.04762278943861,NaN,NaN
25,-0.0375786207356272,73.6145492832916,NaN,0.998520914814225,0.934302547352904
35,-0.0214618637123153,63.1080657445496,1.00795249999628,1.16516481241759,1.09449664407663
50,0.0670477516739265,71.8720175636612,1.02338166427244,1.03614162940772,1.01652945095039
65,-0.0277029893914785,78.2070212639643,0.989041150850463,1.03599452869964,1.11272526650961
85,-0.108797370891221,71.5593177735322,1.07013980272175,0.992031051648495,1.06455455787758
