t,Z_state_Obs,Compound_1_Obs
0,0.0769609856076143,2.24179791621275
1.5,NaN,2.86698610620028
2,0.235729108786544,NaN
3,NaN,1.01600847616158
4.5,0.082725179963257,1.65838085035033
6.5,0.265639155251724,2.01145742200228
9,NaN,1.71841924878536
9.5,0.122033503522464,NaN
10,NaN,3.98121950143626
15,0.301371090344592,2.68179777495825
