t,insulin_dose_1,IRp_Obs,IRiP_Obs,IRSiP_Obs,XX_Obs
10,0,1.82779712053642e-09,4.67791058413258e-05,0.708337527603219,7.67580572935453
10,0.01,8.66374734972645e-09,5.08324887973903e-05,1.20067004532979,6.41563957873404
10,0.1,2.50937711723398e-08,0.000236415846536351,1.56498761839157,17.4676346827935
10,0.3,6.12477023397996e-08,0.000204355087582353,1.97488321408086,9.23190538809992
10,1,2.30755155131143e-07,0.000316751698607298,3.23098730997598,11.342833302131
10,10,3.51285722780105e-07,0.000335901290288622,2.51858870297669,21.3112204339222
10,100,4.05033853792109e-07,0.000821404038114218,6.02304121162605,7.48126826421906
