t,fourABnOH_level,RII_2_Obs,AC_Fsk_Obs,pAC_Obs,Compound_1_Obs
20,0,0.0321391803851999,-0.0603176325643935,-0.042638853776158,0.984846519924811
20,0.016,0.0349093267493456,0.0459816951377691,0.0219214018990199,0.93307090446851
20,0.08,0.0378532323888178,-0.0278923803789272,-0.00934925494344406,1.1542083879477
20,0.4,0.0321212261846379,0.00384322810256073,-0.143117042943163,1.09955120846103
20,2,0.0374785346654469,-0.0484096054386333,0.0663917421832829,1.06054901623817
20,10,0.0352246162874651,-0.0496708205581386,0.0366860856803031,1.17341343477065
20,50,0.0353885592627527,0.000241392049869058,-0.0993793191930075,1.01412996494717
