t,Rp_cAMPS_pAB_time,Compound_2_Obs,Compound_3_Obs,Compound_5_Obs,Compound_7_Obs
55,0,0.148172247350023,1.11719715457715,5.93618715424018e-05,7.73532822112627
55,30,0.155633675638272,1.00366119443119,5.14931821042173e-05,5.21146523267401
55,45,0.189087232248394,0.954944921547387,6.93998930906096e-05,3.36518956256668
55,55,0.257866952209009,1.11780312240078,0.000231961572225342,0.627175630334545
55,59,0.230395367280483,1.1564698080949,0.000239604063246361,0.3012314133323
55,60,0.242346964774945,1.13493783298993,0.00022853199302302,-0.247950374070195
