t,Rp8_pCPT_cAMPS_pAB_time,Compound_2_Obs,Compound_3_Obs,Compound_5_Obs,Compound_7_Obs
50,0,10.6447426266872,1.18311655805424,0.541605633900922,0.769708118362322
50,30,10.2354890169182,0.982919046138071,0.323641027004504,0.695850053297889
50,45,10.937954751118,1.03446215988068,0.152620809216226,0.516504649981213
50,55,0.659012655866093,1.026239303903,-0.000628220197303415,0.364275904149109
50,59,-0.0667961214427514,1.10689560446673,0.00858435499725673,0.284341757556758
50,60,0.486452900083208,1.09482664362346,0.00473906719873265,0.377308120626918
