t,Rp_cAMPS_pAB_level,Compound_2_Obs,Compound_3_Obs,Compound_5_Obs,Compound_7_Obs
25,0,0.197993440302217,0.924949922505319,0.000229363676265658,0.588314416966137
25,0.016,0.233551226023346,0.802635827643363,0.00021626034077789,0.987734328730539
25,0.08,0.214146251814047,1.03695477491247,0.000227457523875566,0.837545968863963
25,0.4,0.238070699959274,1.01040528262511,0.000195228269679668,0.361278208439383
25,2,0.226305089353272,1.14007930437367,0.000146643450140615,1.20930166932625
25,10,0.203725579646315,0.888003110017221,4.81922307675266e-05,5.07835905632253
25,50,0.220256348684034,1.05058728828003,1.83089655288164e-05,25.5099632243268
