t,Rp8_Br_cAMPS_pAB_time,Compound_2_Obs,Compound_3_Obs,Compound_5_Obs,Compound_7_Obs
87,0,0.11615544093409,1.74125639905107,10.8605390224521,0.121315685872788
87,30,0.130373224171058,1.60471527699342,10.6308082918584,0.153731002186697
87,45,0.160944596815727,1.62850320786661,9.0242406137522,0.201447188752006
87,55,0.179864376671959,1.47101893591072,9.76177063717006,0.231698608900356
87,59,0.151088804824977,1.4766621288808,9.34284253707682,0.229330282353871
87,60,0.179339639120764,1.61322086767552,9.84646887435014,0.221060150229576
