t,RIIp_C_2_Obs,AC_Fsk_Obs
0,0.266380389178156,0.0627747944315839
15,NaN,-0.0839914507404267
25,0.268090510982567,NaN
30,NaN,-0.0661068710815268
45,NaN,0.268691645356641
50,0.281741625480768,NaN
65,NaN,-0.0661693575613611
75,0.247583727964203,NaN
85,NaN,0.00899192360707035
100,0.244873653837473,-0.0921847709299508
150,0.195786645937242,-0.161876018865974
200,0.188036854998587,0.0481211415620528
300,0.169706392705489,NaN
350,0.141619180999397,NaN
450,0.119199337718539,NaN
