t,Rp8_Br_cAMPS_pAB_time,RIIp_C_2_Obs,RIIp_Rp8_Br_cAMPS_C_2_Obs
36,0,0.0216651636518725,0.548042507865202
36,30,0.0785576093499511,0.234860264252122
36,45,0.289277920445912,0.0179368453938082
36,55,0.302513342646032,-0.0103140957159245
36,59,0.283712189822374,0.00498764668623856
36,60,0.301669159328232,-0.012228443640302
