t,RIIp_C_2_Obs,AC_Fsk_Obs
0,0.282535812689618,0.026221924750331
6,0.23069046082797,NaN
8,NaN,-0.0914571248312468
10,0.260086719988102,NaN
15,NaN,-0.0376682433144806
20,0.266702500766747,NaN
25,0.278204050212993,0.0561138648050679
35,0.260425559785183,-0.0853211043651091
45,0.222740843338357,-0.0397862948201022
60,NaN,-0.0489325136747079
70,NaN,-0.184122918982847
90,NaN,-0.079191444980037
100,NaN,-0.0116863423698158
