t,Rp8_pCPT_cAMPS_pAB_level,RIIp_C_2_Obs,pAC_Fsk_Obs
20,0,0.272438212101435,0.0503800485042151
20,0.016,0.291310281330294,-0.112594570882984
20,0.08,0.299616216502866,0.108560590587935
20,0.4,0.256788726246833,0.182854729061498
20,2,0.060864844513266,-0.115553476297084
20,10,0.197212039933097,0.160153259342749
20,50,0.00793226933837512,0.0894368353842975
