t,fourABnOH_time,RIIp_C_2_Obs,pAC_Fsk_Obs
75,0,0.0585647121486831,0.110743817231264
75,30,0.0617565116886684,0.0137833282664503
75,45,0.0593674388465051,-0.110757987748932
75,55,0.0644268283488919,-0.146335808137342
75,59,0.0515822933488794,0.0391518306226311
75,60,0.0682996995272683,-0.0718857403038765
