t,Rp8_pCPT_cAMPS_pAB_time,RIIp_C_2_Obs,AC_Fsk_Obs
40,0,0.0651885160734446,0.166464248007717
40,30,0.0482431364911498,-0.0116160122789051
40,45,0.279467070098638,0.0562618922448473
40,55,0.272643108495736,-0.0882233947293451
40,59,0.292038861382025,0.0205285747097387
40,60,0.299414793341094,0.08788115739356
