t,pJAK1_pgp130_Obs,nSOCS3RNA4_Obs
0,0.00160925202265366,0.0394232507048928
10,0.0492398648666268,NaN
15,NaN,0.121084371695159
25,0.0485013494476589,NaN
30,NaN,1.05509387180861
40,0.0195970024146948,NaN
45,NaN,0.563887149447919
55,0.00592674826580249,NaN
65,NaN,0.0415367720921998
70,0.00811919167689226,NaN
85,NaN,0.00622324503528221
90,0.0145902028073438,NaN
100,0.0197995063635103,0.0380493715229864
150,0.0247254887261901,0.139618809229862
