t,input_il6,pJAK1_pgp130_Obs,nSOCS3RNA4_Obs
28,0.1,0.00201283530133513,0.0149033309529587
28,1,0.00316089993599278,0.011927141031024
28,5,0.010011177243951,0.0175950021160033
28,10,0.0151839498298278,0.0259381433322845
28,50,0.0658801072110319,0.438980402329943
28,100,0.0724852194648183,1.47427205615519
28,500,0.00410390741565071,6.51426905345558
