t,input_stattic,STAT3_Obs,SOCS3RNA_Obs
23,20,20.9019395751028,0.000322970285404344
23,25,21.4419398261999,0.000257419446382369
23,30,21.404344542098,0.000199749914363134
23,40,23.981159804286,0.000142719970427577
23,50,23.910267587565,0.00010409227260789
23,60,25.5782292667482,7.33588331671192e-05
