t,input_il6,nSOCS3RNA5_Obs
41,0,-0.00130623542462161
41,0.0005,0.00101740530118162
41,0.005,0.000569176090703939
41,0.05,0.00283070451514668
41,0.5,-0.000252889890056843
41,5,0.00482278377271448
41,50,0.0646941344668908
41,100,0.110070047290471
41,200,0.153995838754767
41,500,0.186688640298778
