t,PTP_Obs,SOCS3nRNA1_Obs
0,1.21141161571348,0.000204994448453644
20,NaN,0.000837230599914557
30,1.1951830454778,NaN
45,NaN,0.000214400530609756
60,1.31021523395258,NaN
70,NaN,0.000228936977296724
90,1.26063029338442,NaN
95,NaN,0.00023250889572137
150,1.19578904961762,0.000212662222353251
200,1.23982116577876,0.000219911329661658
250,1.26775248322901,NaN
300,1.2500219144679,NaN
400,1.18543055058935,NaN
450,1.17015826736653,NaN
