t,epo_level,pEpoRpJAK2_Obs,SOCS3nRNA2_Obs
6,0,-0.00151702248469002,0.000208605991905912
6,0,-0.000215419137296896,0.000210502641099362
6,0.00014286,0.0652929309494504,0.000204636142737084
6,0.00014286,0.0653575447942159,0.000204703306580728
