t,epo_level,pEpoRpJAK2_Obs,STAT5_Obs,SOCS3nRNA2_Obs
33,0,-0.017584375359436,4.75878095178381,0.000217939231456645
33,1.3333e-08,0.209786897998525,2.96762591918479,0.000236777064381422
33,4e-08,0.185340601469747,3.61824467059215,0.00024334035113064
33,1.3333e-07,0.152975784643649,2.81527146326142,0.000209746514789866
33,4e-07,0.211064140560709,4.06232921786064,0.000265449423440036
33,1.3333e-06,0.147034741130548,3.85753294742181,0.000209221978506617
33,1.3333e-05,0.0577301118304036,5.76706730859121,0.000235721603196733
33,0.00013333,0.255675409440448,2.94780097285011,0.000744724986571928
33,0.00066667,0.0478175148149581,2.98608828298401,0.000230493653261935
