t,PTP_Obs,SOCS3nRNA1_Obs
0,1.23797145666089,0.000208463297614085
10,NaN,0.000210090070954981
20,1.08997086520784,NaN
25,NaN,0.000205080042582413
35,1.177744535281,0.000206879788638715
50,NaN,0.00020703640252737
60,1.26996744704107,NaN
65,NaN,0.000213107468431226
85,1.19632782960643,0.000203837178219079
100,1.20738512570249,0.000193051891407766
