t,epo_level,pEpoRpJAK2_Obs,SOCS3nRNA2_Obs
9,0,0.0297117030602847,0.000491024998858537
9,1.4286e-07,0.474189553455996,0.0086216872928113
9,1.4286e-06,0.257987433720794,-0.000282272137491292
9,0.00014286,0.0660100159586806,0.00137613656521705
