t,epo_level,SOCS3nRNA1_Obs
30,0,0.000193265126487187
30,1.3333e-08,0.000130009329957558
30,4e-08,0.000264285315685006
30,1.3333e-07,0.000244063470472096
30,4e-07,0.000463898909206771
30,1.3333e-06,0.000220966241188618
30,1.3333e-05,0.000192644885582712
30,0.00013333,0.000881250415201239
30,0.00066667,0.000239236031601787
