timepoint,Compound_1_Obs
0,9.37473570441975
450,10.2555370270851
900,11.3010011736867
1500,9.96688756727576
2000,8.62318223639915
2500,7.92791285356746
3000,7.64838635682893
4000,6.63314024782016
5000,4.17990666297295
6000,3.27015573159952
7000,1.87571844383327
8500,2.13671220054868
