timepoint,Compound_1_Obs
0,9.68791085313539
450,9.60688900828503
900,10.375184703401
1500,9.57660015372297
2000,9.5553418074205
2500,8.60529357348073
3000,9.19652662819816
4000,6.13443093570681
5000,4.64490743223673
6000,3.1038988662055
7000,2.5187607159828
8500,1.94381028244182
