timepoint,Compound_1_Obs
0,11.4468411192679
450,9.4470301547501
850,9.88748074466256
1500,9.8396261508159
2000,6.9248338052564
2500,8.1153297222325
3000,9.02733015684357
4000,8.56666852556492
4500,7.28830445043972
6000,4.04461381522345
7000,6.33880932170626
8500,4.79351999921051
