timepoint,Compound_1_Obs
0,10.9519817870694
400,10.7459586256047
800,9.7231346624992
1000,11.1641589895299
1500,9.52931720339228
2000,10.5508029510634
2500,9.61890892159487
3500,7.51097393399424
4000,6.97943229142896
5000,5.34556316382543
6000,5.54261442378211
7000,3.99388130200686
8500,2.28984460252423
