timepoint,Compound_1_Obs
0,10.1891083378418
400,10.5023541617477
850,8.87348368845286
1500,8.15426935286346
2000,6.78245439338204
2500,6.47866891469627
3000,5.80143259005514
4000,5.22358914581242
4500,3.62284330814206
5500,3.62298842626621
7000,3.01764141838201
8500,2.10821445947496
