timepoint,Compound_1_Obs
0,9.53566093892762
450,9.68130641342258
900,10.5678340944565
1500,10.6981935583076
2000,7.71974393522625
2500,6.43638663355102
3000,5.53694495107697
4000,5.32742712723552
4500,4.49989178666353
5500,2.75812179018164
7000,3.61026847253116
8500,2.73677669595756
