t,Rp8_Br_cAMPS_pAB_level,Csub_Obs
30,0,0.337574691394894
30,0.016,0.31758972397835
30,0.08,0.279978598154721
30,0.4,0.259878430809557
30,2,0.153230804891187
30,10,0.228140139854524
30,50,0.125355507380058
