t,b10_Obs,bio_Obs
0,0.00118136456423345,0
20,0.714871719035749,NaN
25,NaN,0.957638343180394
40,0.634722551399228,NaN
50,NaN,0.840958308451188
65,1.28148483316319,NaN
80,NaN,2.91802131815026
90,1.17132133241892,NaN
100,1.00682976779478,5.29422948231359
150,0.642772766391604,6.65599784033959
200,0.58291901566656,6.37131451515203
250,0.515772673347844,6.02088451588631
300,0.0952334020315434,4.47267257592854
350,0.153991669850602,5.22405227342724
450,0.0217219850913606,5.07631408679886
