t,init_TGFb,S4_Obs,geneD_Obs,geneH_Obs,geneL_Obs
36,0,79.7534787351291,1.012780752825,0.90412849756378,1.04004350468555
36,0,65.9390828261016,0.859871243143329,1.13944061617663,1.0098558037593
36,0.1,69.8689750908744,1.25544682015095,2.39420029394353,0.887686344429022
36,0.1,73.768436236823,0.938890153690304,2.33233779996942,0.913187559329655
36,1,54.1640561311724,1.32499999330626,2.74234935878586,0.75698427297013
36,1,56.4586567240237,1.25953536973468,2.58960047049568,0.694343123355732
