t,epo_level,p1EpoRpJAK2_Obs
12,2.5e-09,0.380139509019017
12,2.5e-09,0.375471877768131
12,2.5e-09,0.365693502027566
12,2.5e-08,0.246675059387445
12,2.5e-08,0.25895227793713
12,2.5e-08,0.240418841300091
12,2.5e-07,0.106807050993004
12,2.5e-07,0.111595007538523
12,2.5e-07,0.110684393258552
12,2.5e-06,0.0313773814800882
12,2.5e-06,0.0435302636697308
12,2.5e-06,0.0203719297219239
12,2.5e-05,0.00683815053320406
12,2.5e-05,-0.00028594922132323
12,2.5e-05,0.0234373571032602
