t,epo_level,SHP1Act_Obs
170,2.5e-09,0.13041966206934
170,2.5e-09,0.137226667856664
170,2.5e-09,0.162231834184137
170,2.5e-08,0.440651224335725
170,2.5e-08,0.498318648404842
170,2.5e-08,0.471361201692782
170,1.25e-07,0.241878907917422
170,1.25e-07,0.132167465431697
170,1.25e-07,0.152488200076816
170,2.5e-07,0.0823523371172803
170,2.5e-07,0.0949749759359483
170,2.5e-07,0.0105019549963646
170,2.5e-06,0.0583709186479624
170,2.5e-06,0.0297057152315325
170,2.5e-06,0.0500817688810101
