t,epo_level,CISHnRNA3_Obs,CIS_Obs,SOCS3nRNA2_Obs
35,0,0.00019839650276024,0.0775407424907325,0.00054637174788244
35,1.3333e-08,0.000207724705425648,0.0852102140280261,0.000600911412233068
35,4e-08,0.000306733976759209,0.0756872921372072,0.000603610974457214
35,1.3333e-07,0.000544490123319621,0.0675153956671798,0.000644088471103334
35,4e-07,0.000697256162551293,0.0865349017912115,0.000688968637107297
35,1.3333e-06,0.000738057906353464,0.0750774964136395,0.000575103284577044
35,1.3333e-05,0.000841657513516903,0.0864997914777559,0.000638468116317202
35,0.00013333,0.000981344804618616,0.0945169687208725,0.000760152508788129
35,0.00066667,0.000730210877098191,0.0951743669624465,0.000758663593941821
