t,epo_level,SOCS3RNA_Obs
20,6.6667e-07,0.0027422567728769
20,6.6667e-07,0.00292157330141731
20,1.3333e-06,0.00260241589828705
20,1.3333e-06,0.00272603488355984
20,2.6667e-06,0.00267066263183698
20,2.6667e-06,0.00270232598300718
20,5.3333e-06,0.0026989760256585
20,5.3333e-06,0.00264141282665231
20,1.0667e-05,0.00257385138137853
20,1.0667e-05,0.00269272034858096
20,2.1333e-05,0.00262148806900636
20,2.1333e-05,0.00273710769247188
20,4.2667e-05,0.00271935407678781
20,4.2667e-05,0.00258877610225795
