t,epo_level,CISHnRNA3_Obs
34,0,0.000195224832014214
34,1.3333e-08,0.00016410183789268
34,4e-08,0.000295772865885999
34,1.3333e-07,0.000515146696473035
34,4e-07,0.000622849051057372
34,1.3333e-06,0.000755065300918884
34,1.3333e-05,0.000800867313422437
34,0.00013333,0.000912839285182648
34,0.00066667,0.000901409641971148
