t,CIS_Obs,SOCS3nRNA2_Obs
0,0.045773818031983,0.00567787501556704
15,NaN,0.0225458558892984
20,0.041165452659908,NaN
30,NaN,0.0643033141613718
45,0.2221971750776,0.073495206827333
65,NaN,0.054382751242267
70,1.46400690660701,NaN
85,NaN,0.0421232343660168
95,2.99859911489344,NaN
100,3.01711230383142,0.0368373894726372
150,5.12076233604966,0.0276091972373468
200,5.20363277250198,0.038683160805797
250,6.0887179054873,NaN
300,5.56475180720306,NaN
350,6.23889101669374,NaN
450,7.41499209221651,NaN
