t,epo_level,SOCS3RNA_Obs
29,6.6667e-07,0.0025719543043464
29,6.6667e-07,0.00261313877685656
29,1.3333e-06,0.00243663915337139
29,1.3333e-06,0.00275356754520453
29,2.6667e-06,0.00266047240929647
29,2.6667e-06,0.00329937894791735
29,5.3333e-06,0.00211440724756282
29,5.3333e-06,0.00268288304183235
29,1.0667e-05,0.00226305951010698
29,1.0667e-05,0.00291079677389205
29,2.1333e-05,0.00264876993862619
29,2.1333e-05,0.00292117610502725
29,4.2667e-05,0.00248690512912277
29,4.2667e-05,0.0025635450914235
