t,epo_level,CISHnRNA3_Obs,CIS_Obs,SOCS3nRNA2_Obs
19,0,0.00019528482385345,0.0901531359183524,0.000674919009331972
19,1.3333e-08,0.000577900358445893,0.0830174466609636,0.000735413884562243
19,4e-08,0.000436158421381515,0.0763064008029279,0.000735136614651764
19,1.3333e-07,0.000690100197865079,0.088134069838075,0.000694607326028255
19,4e-07,0.000461103112456339,0.084010166375891,0.000722717464582743
19,1.3333e-06,0.000241363271837611,0.0719924330717657,0.000678886737646383
19,1.3333e-05,0.000181371292854513,0.0929270958581342,0.000818772833738332
19,0.00013333,0.000415266288934816,0.0856020308482555,0.00077327959814039
19,0.00066667,0.000211545172694353,0.0779968636795784,0.000622356670150481
