t,CIS_Obs,SOCS3nRNA2_Obs
0,0.0933582917391398,0.0132791848034571
15,NaN,0.05101069880061
20,0.083997893507105,NaN
30,NaN,0.148696243451142
45,0.496836551991202,0.169491794850537
60,NaN,0.13069669738999
65,2.61168414241495,NaN
80,NaN,0.0903333235567342
95,6.84623064188508,NaN
100,6.85719354842294,0.062338390707222
150,10.8623092596205,0.0454096318185001
200,10.1560717702276,NaN
250,11.7107529997687,NaN
300,10.5940057669969,NaN
350,11.6562113913854,NaN
450,13.7308378459494,NaN
