t,epo_level,SOCS3RNA_Obs
17,0,0.00267482339770065
17,1.3333e-08,0.0208342546164998
17,4e-08,0.0163802070276318
17,1.3333e-07,0.0209177542235588
17,4e-07,0.00992219505252876
17,1.3333e-06,0.0032964828146534
17,1.3333e-05,0.00243682075824536
17,0.00013333,0.00456618613102193
17,0.00066667,0.00272269166981182
