t,epo_level,SOCS3RNA_Obs
150,2.5e-09,0.0542547842510783
150,2.5e-09,0.0501468543354708
150,2.5e-09,0.0520974740435079
150,2.5e-08,0.0725541441673639
150,2.5e-08,0.0687622323056458
150,2.5e-08,0.075617848970612
150,1.25e-07,0.0598360985747457
150,1.25e-07,0.057269472052608
150,1.25e-07,0.0563707138830618
150,2.5e-07,0.0370182998892142
150,2.5e-07,0.0331275437660763
150,2.5e-07,0.0326056548897694
150,2.5e-06,0.00634724374809288
150,2.5e-06,0.00651970364888163
150,2.5e-06,0.0124752804098988
