t,epo_level,SOCS3RNA_Obs
59,2.5e-09,0.00391849188370555
59,2.5e-09,0.00435630571779496
59,2.5e-09,0.00450510110854486
59,2.5e-08,0.0199369159741103
59,2.5e-08,0.0210679325063825
59,2.5e-08,0.0232430029578919
59,1.25e-07,0.0411187937385557
59,1.25e-07,0.0425297905374545
59,1.25e-07,0.0444322187492474
59,2.5e-07,0.0437858259410557
59,2.5e-07,0.0453139961627841
59,2.5e-07,0.0453931926560443
59,2.5e-06,0.0483897573057302
59,2.5e-06,0.0488431653172384
59,2.5e-06,0.0501892773366545
