t,pRAF_Obs,ERK_Obs
0,1.75546194672191e-05,0.966937342730206
2,NaN,0.7800612088338
2.5,4.69208553816178e-05,NaN
4,NaN,0.914877434098363
5,2.06844911731756e-05,NaN
6.5,NaN,0.967734348261203
8,1.6552243180037e-05,NaN
9,NaN,0.983726132541077
10,1.6413279499581e-05,1.02842439480697
15,1.65635306502493e-05,0.905805108363018
20,1.58818122504394e-05,1.01714166415879
25,1.74572331461688e-05,0.922994583131594
