t,Rp_cAMPS_pAB_time,cAMP_Obs,RII_C_2_Obs,Rp_cAMPS_Obs,pAC_Obs,RIIp_cAMP_2_Obs
92,0,3.28292224755034,0.271225346962959,6.77637377555632,0.152569848402797,0.00204278744075524
92,30,3.36087651362686,0.304198428370323,4.95077782784951,-0.064385899867151,0.00211685643793587
92,45,3.43154946425459,0.43403609986604,4.51748380971315,-0.110584952622185,0.00204442233070547
92,55,3.36998728219739,0.490628590234857,3.7778174105917,0.0431866844174262,0.00265467384042933
92,59,3.88339874562228,0.464782765772579,1.97635295147914,0.202015482015495,0.0025878867330452
92,60,3.494542188165,0.621988583117783,3.30436254120067,0.0193375431146228,0.00224024257790041
