t,fourABnOH_time,cAMP_Obs,RII_C_2_Obs,Rp8_pCPT_cAMPS_Obs,Rp_cAMPS_Obs,AC_Fsk_Obs
72,0,0.0294286820528295,0.607122351891286,-0.0614233207598876,0.0981802126279469,0.163212136778815
72,30,0.0285632396653967,0.56409731599089,0.166262874476655,-0.103804304704169,0.0262310625848756
72,45,0.0304800438331825,0.558920427690608,-0.0255859652730887,0.0792817459511491,0.0604497465140321
72,55,0.0226692506487513,0.5026321254007,-0.0983660602109858,0.169293562987495,0.130451209001864
72,59,0.0314167131296748,0.587832897398621,-0.00834871088880016,0.0842261833638626,-0.0144314675868184
72,60,0.0299798722069036,0.462817686549549,-0.0269055345690028,0.100750551646277,0.0688817963084595
