t,Rp8_pCPT_cAMPS_pAB_level,cAMP_Obs,RII_C_2_Obs,Rp8_pCPT_cAMPS_Obs,Csub_Obs,pAC_Fsk_Obs
22,0,0.0343319930618848,0.56102405129979,-0.548171626438752,0.23163477082226,0.108036480585317
22,0.016,0.0304169280096324,0.619901006409624,0.241084126961526,0.205957258589044,-0.0225340696115609
22,0.08,0.0241396718874564,0.50423950620675,0.481455115214863,0.216269968075925,0.14321843038879
22,0.4,0.0284089258063015,0.593863800696074,0.390939491383855,0.177903588959525,0.0375792673699579
22,2,0.0247638364808659,0.519689845486516,2.6676314868409,0.16398992558466,-0.025496957934697
22,10,0.0218659289019898,0.540854493344138,10.2708445571478,0.168182197124295,0.216006196631849
22,50,0.0255288873998661,0.538770339183642,50.3801290550734,0.117274648289549,-0.0527690192178705
