t,Rp8_Br_cAMPS_pAB_time,cAMP_Obs,RII_C_2_Obs,pAC_Obs,RIIp_cAMP_2_Obs,pAC_Fsk_Obs
52,0,0.0280007251468692,0.325694391501864,0.108901180675316,3.49035329179064e-05,0.0757836146794086
52,30,0.0322529186096459,0.534062093460665,0.0808584683109345,7.46650401861994e-07,-0.193161085764956
52,45,0.0234480033254666,0.595892056865633,0.0637871646173538,1.18220892651459e-06,0.0850391933385916
52,55,0.0297648423968215,0.534945085984222,0.290266368361364,0.000138773150058561,0.169533857541749
52,59,0.0295203317966108,0.610157611142273,-0.0782258349557441,0.000170158566155472,0.038494768566067
52,60,0.0273034151114309,0.589118624743551,-0.185232026019492,0.00013718202670878,0.109336617900582
