t,fourABnOH_level,cAMP_Obs,RII_C_2_Obs,Sp8_Br_cAMPS_Obs,Rp8_pCPT_cAMPS_Obs,Rp_cAMPS_Obs
24,0,0.0288600133545579,0.497642565489374,0.0926670318404824,-0.0527568314284921,0.0768614036156029
24,0.016,0.026507755824783,0.570156462502535,-0.143005089392051,0.0560818197258947,-0.0577248777042084
24,0.08,0.0255568811527892,0.658692586164076,-0.0958124388911444,0.0750834390438251,0.0813697973829148
24,0.4,0.0256217281958948,0.635235335537141,-0.111658155638939,0.0682919122387718,-0.00336416647578429
24,2,0.0258108368354179,0.550184979380016,0.0483696253589422,0.0525965089939772,0.064227557936429
24,10,0.0359717973896006,0.546469248028726,-0.036070887226547,-0.0108297921008746,0.12423025667509
24,50,0.0269734569899528,0.500837468165919,0.217212397593653,0.0267307415968221,0.190775918897978
