t,fourABnOH_level,cAMP_Obs,RII_C_2_Obs,Sp8_Br_cAMPS_Obs,Rp8_pCPT_cAMPS_Obs,Rp_cAMPS_Obs
59,0,0.0232600146253538,0.672908896560203,-0.0566419881481457,0.0411828314914912,0.0558008249393568
59,0.016,0.0234074320613166,0.618231342603342,-0.0217411824319402,0.0913580372485181,-0.13293589323286
59,0.08,0.0297124302548805,0.609846933413322,-0.056798423911974,0.108042921105114,0.0930335357368792
59,0.4,0.0214692371749285,0.784884181643848,0.230634466404775,-0.197109260421883,0.173387602714721
59,2,0.0301210897497588,0.532831245221837,0.0554625585877216,-0.230687211994578,-0.192646208136607
59,10,0.0242639142509331,0.609242275766049,-0.00751466886562648,0.155450811829033,0.146084311734006
59,50,0.0258538030027305,0.641483752961451,0.042952121010863,0.0175487597146881,0.181332797176948
