timepoint,cGlu_Obs
0,0.0111125210390722
300,10.32708809028
650,5.86281779537191
950,5.95596126815604
1500,7.45710905888936
2000,5.42847518092764
2500,6.38333361869269
3000,4.01862280230672
4000,9.22068470337485
4500,9.04399111327367
5500,9.69617473905696
6500,3.23971721945156
7500,6.4836180723887
