timepoint,cGlu_Obs
0,0.00809592767645261
400,1.72557617063338
850,6.05481065279367
1500,6.68059083044438
2500,5.94066432835388
3000,6.27893313669954
3500,4.39781912885536
4500,1.96737053742694
5500,2.29326087794761
6500,1.62564305107665
8000,1.28857365057103
