timepoint,cGlu_Obs
0,0.00946029477429292
300,10.7567479644126
600,11.4931041672221
950,12.7967334683244
1500,7.21863570877995
2000,7.00565384509881
2500,10.477616829069
3000,6.7175791939984
3500,10.0736661446509
4500,4.87663332257673
5000,6.78668617135511
6000,6.51453331567653
7000,5.49534929471542
