timepoint,cGlu_Obs
0,0.0122796047463186
350,7.33502015998648
700,9.61750555527011
1000,11.1929240717379
1500,6.89896143091922
2000,14.3368221672683
2500,6.02922752675534
3000,5.77493622779373
3500,8.13755102496348
4500,8.35092413611702
5500,6.97667724988636
6500,6.90540417817595
7500,4.90486597139343
