t,init_TGFb,Rec_Obs,S4_Obs,geneC_Obs
51,0,1.31121930769683,149.381134573764,0.95195376918239
51,0,2.14242085226923,106.08410740871,0.418948462652465
51,0.1,1.59936343490126,125.610904725019,0.817322631362181
51,0.1,1.76325842021189,83.1965093011368,0.615345882480461
51,1,0.783452873866445,63.8772735224169,1.3267796478482
51,1,1.24175028971799,53.6912134341908,1.07433321168331
