timepoint,Glu_Obs
0,10.281547362564
40,-0.0928226076456623
85,0.264825410095068
150,0.803565846187204
200,-0.325513986650023
250,0.37401686840123
300,-0.136444587094319
400,-0.000161486383302982
450,0.779585802754305
