timepoint,Glu_Obs
0,10.0814260179709
45,-0.198657678659605
95,0.367471183667572
150,-0.373543315415219
200,-0.790004383053781
250,-0.00981354695986482
350,0.0479903843320283
450,-0.198349665289717
