timepoint,Glu_Obs
0,12.839395761393
300,12.3627902643482
650,9.4643176920721
1000,9.08319638359554
1500,4.47025852711176
2000,4.79120187211573
2500,-0.404384383328937
3000,-1.03502891645377
4000,-1.67590709066993
4500,1.92261912719542
5500,0.416332424672563
6000,-1.91655274117816
