timepoint,Glu_Obs
0,15.3840370528891
450,9.98172555702513
900,8.71134944843826
1500,7.68218434854673
2000,5.23115884427524
2500,5.14670833138716
3000,5.61671687766789
4000,2.70555728023087
5000,6.77278991745315
6000,-0.0979170869375999
7000,2.02859199959676
8500,2.38618901639014
