timepoint,Glu_Obs
0,8.92168714964648
150,10.7614658168206
350,9.23375549993406
500,8.77032911082357
700,9.69965449112448
900,7.29880054497807
1000,8.11766551647438
1500,4.07764707121028
2000,1.96897178076555
2500,2.14684601244972
3000,0.738810490208167
3500,0.493527824908566
