timepoint,Glu_Obs
0,8.70283206449364
450,11.1390998932934
900,12.3147792230745
1500,7.64598681121104
2000,3.59298879021078
2500,-0.349002940930947
3000,1.6608096452212
4000,0.964009721461083
5000,-1.53288335298161
6000,0.432387188420842
7000,2.34344691282664
8500,2.69148613411128
