timepoint,Compound_1_Obs,Compound_2_Obs
0,6.21948422321582,20.827660320283
65,NaN,0.0325601924216025
150,0.00797981570837544,0.0675000585485969
200,NaN,0.103512463645651
300,NaN,0.0599371384287313
350,0.00271360693251786,NaN
400,NaN,0.169293467271829
500,0.00553208956423646,0.258686715736075
650,NaN,0.340893986629649
700,0.00602354792326642,NaN
950,0.00700971041457618,NaN
1000,0.00548247256982617,NaN
1500,0.00265500299949171,NaN
2000,0.00591725020805424,NaN
2500,0.00273232350557133,NaN
