timepoint,Compound_1_Obs,Compound_2_Obs
0,4.89852599733424,13.7785742949485
200,NaN,20.5076186432519
400,9.15820357596019,7.27006189896513
600,NaN,9.41886293126458
800,19.3355504219177,NaN
850,NaN,13.248280707038
1000,NaN,4.85852339473419
1500,4.3364400154321,7.09504419654889
2000,NaN,3.50081959251034
2500,1.28342080198693,NaN
3000,0.372897746013918,NaN
3500,0.809972367733203,NaN
4500,0.518584535736956,NaN
5500,0.596748232531256,NaN
6500,0.24835456929428,NaN
8000,0.0724993458510519,NaN
