timepoint,Compound_1_Obs,Compound_2_Obs
0,17.134199415137,10.3546593652432
150,NaN,0.0192518136756089
200,0.00980031861984939,NaN
300,NaN,0.105984743719601
400,0.00498494222339941,NaN
450,NaN,0.144348312593674
600,0.00359963347737689,NaN
650,NaN,0.11177725141078
850,0.00392268380378238,NaN
900,NaN,0.496718590896429
1000,0.00716278913632396,0.437068716176872
1500,0.0110146591037225,NaN
2000,0.0112475640260214,NaN
3000,0.00353022175063308,NaN
