t,Reelin_input,pApoER2_re_Dab1_Obs
13,0,6.69382110505455e-06
13,0.00012207,3.50621035026749e-05
13,0.00024414,6.87407779468013e-05
13,0.00048828,4.46933274254222e-05
13,0.00097656,0.000160184543930252
13,0.0019531,0.00021889686777565
13,0.0039062,0.000413967528516195
13,0.0078125,0.000590711111113598
13,0.015625,0.000663182469718229
13,0.03125,0.000743084564965071
13,0.125,0.000819653078848785
13,0.25,0.00099104130574483
13,0.5,0.00115760722797636
13,1,0.00152436252620793
