t,Rec_Obs,Rec_i_Obs
0,1.33547309867435,196.453149661157
3,NaN,354.76479549697
3.5,1.78543992935898,NaN
6.5,NaN,260.132308730471
7,1.20933927720176,NaN
10,1.71844309178328,214.521160586021
15,1.81477418110703,122.536159541033
20,0.856044314176766,177.545140826673
25,2.84901857152924,314.338305068661
30,2.56009583800393,67.6151314326887
35,1.03922055597189,193.52941186922
45,2.30495178657287,182.149363025669
55,1.48214818727121,98.0622925545158
65,3.08744619391917,NaN
