t,epo_level,STAT5_Obs
60,2.5e-09,29.9568905667407
60,2.5e-09,33.8200564404307
60,2.5e-09,28.4672695340865
60,2.5e-08,19.1339907947888
60,2.5e-08,25.9298034120785
60,2.5e-08,26.1500691732417
60,1.25e-07,19.1732220568458
60,1.25e-07,21.4928849546828
60,1.25e-07,22.8471571100313
60,2.5e-07,41.4564250374548
60,2.5e-07,43.3989472179174
60,2.5e-07,32.1531170828167
60,2.5e-06,46.76947665477
60,2.5e-06,46.6098139022222
60,2.5e-06,49.2957852469693
