t,input_il6,pJAK1_gp130_Obs
15,5,0.0207721654701175
15,5,0.0252650308597791
15,5,0.0253818569601914
15,5,0.0191944198919743
15,20,0.0381779359065289
15,20,0.037013167583351
15,20,0.0340691454738413
15,20,0.0365277970748866
15,40,0.0068105882686698
15,40,0.0109371535233254
15,40,0.00582530854871384
15,40,0.00638753525253807
15,90,0.0440546559151597
15,90,0.044449410774731
15,90,0.0335247947051771
15,90,0.0408215506179112
