t,input_stattic,nSOCS3RNA4_Obs
32,20,0.204687004743028
32,25,0.215397118841067
32,30,0.200337863984624
32,40,0.104434676237679
32,50,0.140508022097439
32,60,0.0845010367055727
