t,input_il6,pJAK1_gp130_Obs
9,0,-0.00553038949974916
9,0,0.00411835269198996
9,0,0.0117749050835924
9,15,0.00334142361962008
9,15,0.0120375280308658
9,15,0.0275474365986774
9,30,0.0224405553382423
9,30,0.0379221677146023
9,30,0.0398155820514054
9,60,0.0417040937340961
9,60,0.0648653879445935
9,60,0.0655421246906852
9,120,0.0694957892289788
9,120,0.081428514979723
9,120,0.0877161000073891
