t,IPR_A_Obs,IPR_I2_Obs
0,0.0107144208617275,0.00782522884975995
0.2,0.765895185121205,NaN
0.4,0.650399495896917,NaN
0.65,0.441718658698995,NaN
0.9,0.60851178528444,NaN
1,0.425819458802347,0.341098808390493
1.5,0.536620673698784,NaN
2,0.389911782229291,0.417601423711434
3.5,NaN,0.314221926657165
4.5,NaN,0.331532726900496
6,NaN,0.306819134355935
8,NaN,0.282852643201643
10,NaN,0.33560855811951
15,NaN,0.312932869756648
20,NaN,0.327455782104185
