t,IPR_A_Obs,IPR_I2_Obs
0,-0.0269574566159784,0.0275658256404868
0.2,0.587537599062661,0.0887485682728264
0.4,0.59306933762964,NaN
0.45,NaN,0.204228926374766
0.6,0.520771138103983,NaN
0.7,NaN,0.200984473097839
0.85,0.459088219362149,NaN
0.95,NaN,0.285778387411967
1,0.392994064779278,0.322374594406846
1.5,0.463945248473684,0.295434852255596
2,0.494246335546289,0.394205792793051
2.5,NaN,0.327788241054372
3.5,NaN,0.310659609402919
4,NaN,0.332272986525616
