t,epo_level,STAT5_Obs
81,2.5e-09,77.9029737738412
81,2.5e-09,78.0993824970921
81,2.5e-09,86.1804042345905
81,2.5e-08,55.586337642134
81,2.5e-08,56.7353182841889
81,2.5e-08,60.9160498431138
81,1.25e-07,37.4432274483472
81,1.25e-07,40.9583604098425
81,1.25e-07,43.4476192919431
81,2.5e-07,29.9248993947051
81,2.5e-07,31.358378352892
81,2.5e-07,32.6770261402433
81,2.5e-06,12.9543245617819
81,2.5e-06,13.0071899331648
81,2.5e-06,13.5995901802715
