t,STAT5_Obs,SOCS3nRNA5_Obs
0,6.09782533016554,0.000851150720484987
15,5.85059661226067,0.000838487933938735
25,NaN,0.000792592987753569
30,5.60459439728447,NaN
45,NaN,0.000792441266127756
50,5.62872121887359,NaN
60,NaN,0.000821991656868498
70,6.19917058854859,NaN
80,NaN,0.000840192759677105
90,5.62240206586306,NaN
100,5.83181209905715,0.000842416185156242
