t,CISHnRNA5_Obs,SOCS3nRNA5_Obs
0,5.93978754617588e-05,0.000823382804201782
3,6.35254360819733e-05,NaN
5,NaN,-8.26129182286127e-05
6,6.09866709787795e-05,NaN
9.5,5.59703134169329e-05,NaN
10,NaN,-8.48461128809802e-05
15,4.50461809552767e-05,-8.7644071822154e-05
20,2.86490003452706e-05,NaN
25,1.65550377566945e-05,-8.50385432558501e-05
30,7.24926553337654e-06,-8.56978770591028e-05
40,NaN,-8.5804437697573e-05
