t,epo_level,EpoRpJAK2_Obs
5,2.5e-09,0.0585385074917111
5,2.5e-09,0.0589309750672801
5,2.5e-09,0.0614961054930612
5,2.5e-08,0.048946959541881
5,2.5e-08,0.0490679144064648
5,2.5e-08,0.0486797491362856
5,2.5e-07,0.0264843869946525
5,2.5e-07,0.0286945979637178
5,2.5e-07,0.0264923853396566
5,2.5e-06,0.00873843082508024
5,2.5e-06,0.0066446255638143
5,2.5e-06,0.00957938888611351
5,2.5e-05,-0.000198942717712025
5,2.5e-05,-0.000236146797282668
5,2.5e-05,2.28180674865433e-05
