t,EpoRpJAK2_Obs,CISHnRNA3_Obs
0,-0.000481862672684487,0.00117973106671179
15,0.0253156090202618,0.01048086984597
25,NaN,0.0378738203881192
30,0.0293202784617259,NaN
40,0.030813917057385,0.0522156135268087
60,0.0290016504111419,0.0382128201341047
75,0.0320818905048544,NaN
80,NaN,0.0306661302375993
95,0.0288378746827549,NaN
100,0.0326617190098949,0.0275002216062939
150,0.0312794804285002,0.0281054295206418
200,0.0315922797879762,NaN
