t,epo_level,EpoRpJAK2_Obs
9,0,-0.000459954658021732
9,1.4286e-07,0.0185534058336627
9,1.4286e-06,0.0547157948354216
9,0.00014286,0.0115879011105191
