t,epo_level,EpoRpJAK2_Obs
10,0,-5.65166849335405e-05
10,0,3.5683314363234e-05
10,0.00014286,0.0119464117508385
10,0.00014286,0.0121608200817669
